
2025-05-01 17:45:02 - my_bot - INFO - Starting bot... - [main.py:73]
2025-05-01 17:45:57 - my_bot - INFO - Пользователь 1374296012 команда - /start - [main.py:29]
2025-05-01 17:45:59 - my_bot - INFO - Пользователь 1374296012 запросил список арендаторов - [get_ten.py:63]
2025-05-01 17:46:01 - my_bot - INFO - [1374296012] /add_tenant - Начало добавления арендатора - [add_tenant.py:22]
2025-05-01 17:47:36 - my_bot - INFO - Пользователь 1374296012 запросил список арендаторов - [get_ten.py:63]
2025-05-01 17:48:01 - my_bot - INFO - Tenant 13 updated by user 1374296012, field: name - [edit_handlers.py:72]
2025-05-01 17:48:10 - my_bot - INFO - Пользователь 1374296012 запросил список арендаторов - [get_ten.py:63]
2025-05-01 17:48:19 - my_bot - INFO - Сформировано имя файла: Акт_аренда_56-76_ДубровскийСергейСергеевич_20250501.xlsx - [generate_document.py:266]
2025-05-01 17:48:19 - my_bot - INFO - Начало генерации документа: Акт_аренда_56-76_ДубровскийСергейСергеевич_20250501.xlsx - [generate_document.py:31]
2025-05-01 17:48:19 - my_bot - INFO - Документ создан: C:\проекты\бот_квитанции\data\files\Акт_аренда_56-76_ДубровскийСергейСергеевич_20250501.xlsx - [generate_document.py:51]
2025-05-01 19:42:55 - my_bot - INFO - Starting bot... - [main.py:73]
2025-05-01 19:43:14 - my_bot - WARNING - Нераспознанное сообщение от 1374296012: ↩️ Назад - [main.py:65]
2025-05-01 19:43:16 - my_bot - INFO - Пользователь 1374296012 запросил список арендаторов - [get_ten.py:63]
2025-05-01 19:43:26 - my_bot - ERROR - Ошибка создания акта: unsupported operand type(s) for *: 'decimal.Decimal' and 'float' - [generate_document.py:282]
Traceback (most recent call last):
  File "c:\проекты\бот_квитанции\src\services\generate_document.py", line 226, in create_act
    amount_peni = db_data["rent_amount"]*0.005
                  ~~~~~~~~~~~~~~~~~~~~~~^~~~~~
TypeError: unsupported operand type(s) for *: 'decimal.Decimal' and 'float'
2025-05-01 19:43:26 - my_bot - ERROR - Document generation error: unsupported operand type(s) for *: 'decimal.Decimal' and 'float' - [document_handlers.py:195]
2025-05-01 19:44:28 - my_bot - INFO - Starting bot... - [main.py:73]
2025-05-01 19:44:31 - my_bot - WARNING - Нераспознанное сообщение от 1374296012: И - [main.py:65]
2025-05-01 19:44:32 - my_bot - INFO - Пользователь 1374296012 запросил список арендаторов - [get_ten.py:63]
2025-05-01 19:44:36 - my_bot - ERROR - Ошибка создания акта: unsupported operand type(s) for *: 'decimal.Decimal' and 'float' - [generate_document.py:282]
Traceback (most recent call last):
  File "c:\проекты\бот_квитанции\src\services\generate_document.py", line 226, in create_act
    amount_peni = db_data["rent_amount"]*0.005
                  ~~~~~~~~~~~~~~~~~~~~~~^~~~~~
TypeError: unsupported operand type(s) for *: 'decimal.Decimal' and 'float'
2025-05-01 19:44:36 - my_bot - ERROR - Document generation error: unsupported operand type(s) for *: 'decimal.Decimal' and 'float' - [document_handlers.py:195]
2025-05-01 19:44:59 - my_bot - INFO - Starting bot... - [main.py:73]
2025-05-01 19:44:59 - my_bot - WARNING - Нераспознанное сообщение от 1374296012: Ааа - [main.py:65]
2025-05-01 19:45:13 - my_bot - INFO - Пользователь 1374296012 запросил список арендаторов - [get_ten.py:63]
2025-05-01 19:45:18 - my_bot - ERROR - Ошибка создания акта: expected string or bytes-like object, got 'NoneType' - [generate_document.py:282]
Traceback (most recent call last):
  File "c:\проекты\бот_квитанции\src\services\generate_document.py", line 272, in create_act
    output_filename = generate_output_filename(template_name, db_data)
  File "c:\проекты\бот_квитанции\src\services\generate_document.py", line 153, in generate_output_filename
    clean_template = re.sub(r'\bШАБЛОН_?', '', template_name, flags=re.IGNORECASE)
                     ~~~~~~^^^^^^^^^^^^^^^^^^^^^^^^^^^^^^^^^^^^^^^^^^^^^^^^^^^^^^^
  File "C:\Users\mitan\AppData\Local\Programs\Python\Python313\Lib\re\__init__.py", line 208, in sub
    return _compile(pattern, flags).sub(repl, string, count)
           ~~~~~~~~~~~~~~~~~~~~~~~~~~~~^^^^^^^^^^^^^^^^^^^^^
TypeError: expected string or bytes-like object, got 'NoneType'
2025-05-01 19:45:18 - my_bot - ERROR - Document generation error: expected string or bytes-like object, got 'NoneType' - [document_handlers.py:195]
2025-05-01 19:46:03 - my_bot - WARNING - User 1374296012 sent unknown action: Алла - [tenent_handlers.py:101]
2025-05-01 19:46:14 - my_bot - INFO - Пользователь 1374296012 запросил список арендаторов - [get_ten.py:63]
2025-05-01 19:46:35 - my_bot - ERROR - Ошибка создания акта: expected string or bytes-like object, got 'NoneType' - [generate_document.py:282]
Traceback (most recent call last):
  File "c:\проекты\бот_квитанции\src\services\generate_document.py", line 272, in create_act
    output_filename = generate_output_filename(template_name, db_data)
  File "c:\проекты\бот_квитанции\src\services\generate_document.py", line 153, in generate_output_filename
    clean_template = re.sub(r'\bШАБЛОН_?', '', template_name, flags=re.IGNORECASE)
                     ~~~~~~^^^^^^^^^^^^^^^^^^^^^^^^^^^^^^^^^^^^^^^^^^^^^^^^^^^^^^^
  File "C:\Users\mitan\AppData\Local\Programs\Python\Python313\Lib\re\__init__.py", line 208, in sub
    return _compile(pattern, flags).sub(repl, string, count)
           ~~~~~~~~~~~~~~~~~~~~~~~~~~~~^^^^^^^^^^^^^^^^^^^^^
TypeError: expected string or bytes-like object, got 'NoneType'
2025-05-01 19:46:35 - my_bot - ERROR - Document generation error: expected string or bytes-like object, got 'NoneType' - [document_handlers.py:195]
2025-05-01 19:49:46 - my_bot - INFO - Starting bot... - [main.py:73]
2025-05-01 19:49:49 - my_bot - WARNING - Нераспознанное сообщение от 1374296012: Лара - [main.py:65]
2025-05-01 19:49:50 - my_bot - INFO - Пользователь 1374296012 запросил список арендаторов - [get_ten.py:63]
2025-05-01 19:50:10 - my_bot - INFO - Сформировано имя файла: Счет_за_просрочку_84-67_ДубровскийДмитрийАлексеевич_20250501.xlsx - [generate_document.py:273]
2025-05-01 19:50:10 - my_bot - INFO - Начало генерации документа: Счет_за_просрочку_84-67_ДубровскийДмитрийАлексеевич_20250501.xlsx - [generate_document.py:31]
2025-05-01 19:50:10 - my_bot - INFO - Документ создан: C:\проекты\бот_квитанции\data\files\Счет_за_просрочку_84-67_ДубровскийДмитрийАлексеевич_20250501.xlsx - [generate_document.py:51]
2025-05-01 19:50:10 - my_bot - ERROR - Ошибка генерации документов: send_documents() missing 1 required positional argument: 'invoice_path' - [document_handlers.py:95]
2025-05-01 19:53:11 - my_bot - INFO - Starting bot... - [main.py:73]
2025-05-01 19:53:12 - my_bot - WARNING - Нераспознанное сообщение от 1374296012: Пора - [main.py:65]
2025-05-01 19:53:14 - my_bot - INFO - Пользователь 1374296012 запросил список арендаторов - [get_ten.py:63]
2025-05-01 19:53:24 - my_bot - ERROR - Ошибка генерации документов: 'meters' - [document_handlers.py:135]
2025-05-01 20:03:34 - my_bot - INFO - Starting bot... - [main.py:73]
2025-05-01 20:03:37 - my_bot - WARNING - Нераспознанное сообщение от 1374296012: Гала - [main.py:65]
2025-05-01 20:03:38 - my_bot - INFO - Пользователь 1374296012 запросил список арендаторов - [get_ten.py:63]
2025-05-01 20:03:50 - my_bot - INFO - Сформировано имя файла: Счет_за_аренду_84-67_ДубровскийДмитрийАлексеевич_20250501.xlsx - [generate_document.py:273]
2025-05-01 20:03:50 - my_bot - INFO - Начало генерации документа: Счет_за_аренду_84-67_ДубровскийДмитрийАлексеевич_20250501.xlsx - [generate_document.py:31]
2025-05-01 20:03:50 - my_bot - ERROR - Шаблон не найден. Доступные файлы:
excel_template.html
ШАБЛОН_Акт_аренда.xlsx
ШАБЛОН_Акт_ком_услуги1.xlsx
ШАБЛОН_Акт_ком_услуги2.xlsx
ШАБЛОН_Акт_ком_услуги3.xlsx
ШАБЛОН_Акт_ком_услуги4.xlsx
ШАБЛОН_Акт_ком_услуги5.xlsx
ШАБЛОН_Счет_за_аренду.xlsx
ШАБЛОН_Счет_за_просрочку.xlsx
ШАБЛОН_Счет_за_электричество.xlsx - [generate_document.py:41]
2025-05-01 20:03:50 - my_bot - ERROR - Ошибка генерации: Шаблон Счет_за_аренду.xlsx не найден - [generate_document.py:60]
Traceback (most recent call last):
  File "c:\проекты\бот_квитанции\src\services\generate_document.py", line 42, in generate_document
    raise FileNotFoundError(f"Шаблон {template_name} не найден")
FileNotFoundError: Шаблон Счет_за_аренду.xlsx не найден
2025-05-01 20:03:50 - my_bot - ERROR - Ошибка создания акта: Шаблон Счет_за_аренду.xlsx не найден - [generate_document.py:282]
Traceback (most recent call last):
  File "c:\проекты\бот_квитанции\src\services\generate_document.py", line 275, in create_act
    return await generate_document(
           ^^^^^^^^^^^^^^^^^^^^^^^^
    ...<3 lines>...
    )
    ^
  File "c:\проекты\бот_квитанции\src\services\generate_document.py", line 42, in generate_document
    raise FileNotFoundError(f"Шаблон {template_name} не найден")
FileNotFoundError: Шаблон Счет_за_аренду.xlsx не найден
2025-05-01 20:03:50 - my_bot - ERROR - Ошибка генерации документов: Шаблон Счет_за_аренду.xlsx не найден - [document_handlers.py:170]
2025-05-01 20:04:59 - my_bot - INFO - Starting bot... - [main.py:73]
2025-05-01 20:04:59 - my_bot - WARNING - Нераспознанное сообщение от 1374296012: Оаоаоа - [main.py:65]
2025-05-01 20:05:01 - my_bot - INFO - Пользователь 1374296012 запросил список арендаторов - [get_ten.py:63]
2025-05-01 20:05:10 - my_bot - INFO - Сформировано имя файла: Счет_за_аренду_84-67_ДубровскийДмитрийАлексеевич_20250501.xlsx - [generate_document.py:273]
2025-05-01 20:05:10 - my_bot - INFO - Начало генерации документа: Счет_за_аренду_84-67_ДубровскийДмитрийАлексеевич_20250501.xlsx - [generate_document.py:31]
2025-05-01 20:05:11 - my_bot - INFO - Документ создан: C:\проекты\бот_квитанции\data\files\Счет_за_аренду_84-67_ДубровскийДмитрийАлексеевич_20250501.xlsx - [generate_document.py:51]
2025-05-01 20:05:25 - my_bot - INFO - Запущена конвертация Excel → PDF (LibreOffice): C:\проекты\бот_квитанции\data\files\С → C:\проекты\бот_квитанции\data\files\С - [excel_to_pdf.py:6]
2025-05-01 20:05:26 - my_bot - INFO - PDF успешно создан: C:\проекты\бот_квитанции\data\files\С - [excel_to_pdf.py:26]
2025-05-01 20:05:26 - my_bot - ERROR - Ошибка отправки: [Errno 2] No such file or directory: 'C:\\проекты\\бот_квитанции\\data\\files\\С' - [document_handlers.py:277]
Traceback (most recent call last):
  File "c:\проекты\бот_квитанции\src\handlers\document_handlers.py", line 247, in handle_send_confirmation
    with open(pdf_path, "rb") as f:
         ~~~~^^^^^^^^^^^^^^^^
FileNotFoundError: [Errno 2] No such file or directory: 'C:\\проекты\\бот_квитанции\\data\\files\\С'
2025-05-01 20:13:15 - my_bot - INFO - Starting bot... - [main.py:73]
2025-05-01 20:13:25 - my_bot - WARNING - Нераспознанное сообщение от 1374296012: Оплата - [main.py:65]
2025-05-01 20:13:26 - my_bot - INFO - Пользователь 1374296012 запросил список арендаторов - [get_ten.py:63]
2025-05-01 20:13:36 - my_bot - INFO - Сформировано имя файла: Счет_за_аренду_84-67_ДубровскийДмитрийАлексеевич_20250501.xlsx - [generate_document.py:273]
2025-05-01 20:13:36 - my_bot - INFO - Начало генерации документа: Счет_за_аренду_84-67_ДубровскийДмитрийАлексеевич_20250501.xlsx - [generate_document.py:31]
2025-05-01 20:13:36 - my_bot - INFO - Документ создан: C:\проекты\бот_квитанции\data\files\Счет_за_аренду_84-67_ДубровскийДмитрийАлексеевич_20250501.xlsx - [generate_document.py:51]
2025-05-01 20:13:51 - my_bot - INFO - Запущена конвертация Excel → PDF (LibreOffice): C:\проекты\бот_квитанции\data\files\С → C:\проекты\бот_квитанции\data\files\С - [excel_to_pdf.py:6]
2025-05-01 20:13:51 - my_bot - INFO - PDF успешно создан: C:\проекты\бот_квитанции\data\files\С - [excel_to_pdf.py:26]
2025-05-01 20:13:51 - my_bot - ERROR - Ошибка отправки: [Errno 2] No such file or directory: 'C:\\проекты\\бот_квитанции\\data\\files\\С' - [document_handlers.py:275]
Traceback (most recent call last):
  File "c:\проекты\бот_квитанции\src\handlers\document_handlers.py", line 245, in handle_send_confirmation
    with open(pdf_path, "rb") as f:
         ~~~~^^^^^^^^^^^^^^^^
FileNotFoundError: [Errno 2] No such file or directory: 'C:\\проекты\\бот_квитанции\\data\\files\\С'
2025-05-01 20:17:27 - my_bot - INFO - Сформировано имя файла: Акт_аренда_84-67_ДубровскийДмитрийАлексеевич_20250501.xlsx - [generate_document.py:273]
2025-05-01 20:17:27 - my_bot - INFO - Начало генерации документа: Акт_аренда_84-67_ДубровскийДмитрийАлексеевич_20250501.xlsx - [generate_document.py:31]
2025-05-01 20:17:27 - my_bot - INFO - Документ создан: C:\проекты\бот_квитанции\data\files\Акт_аренда_84-67_ДубровскийДмитрийАлексеевич_20250501.xlsx - [generate_document.py:51]
2025-05-01 20:17:29 - my_bot - INFO - Запущена конвертация Excel → PDF (LibreOffice): C:\проекты\бот_квитанции\data\files\А → C:\проекты\бот_квитанции\data\files\А - [excel_to_pdf.py:6]
2025-05-01 20:17:30 - my_bot - INFO - PDF успешно создан: C:\проекты\бот_квитанции\data\files\А - [excel_to_pdf.py:26]
2025-05-01 20:17:30 - my_bot - ERROR - Ошибка отправки: [Errno 2] No such file or directory: 'C:\\проекты\\бот_квитанции\\data\\files\\А' - [document_handlers.py:275]
Traceback (most recent call last):
  File "c:\проекты\бот_квитанции\src\handlers\document_handlers.py", line 245, in handle_send_confirmation
    with open(pdf_path, "rb") as f:
         ~~~~^^^^^^^^^^^^^^^^
FileNotFoundError: [Errno 2] No such file or directory: 'C:\\проекты\\бот_квитанции\\data\\files\\А'
2025-05-01 20:18:12 - my_bot - INFO - Сформировано имя файла: Акт_ком_услуги1_84-67_ДубровскийДмитрийАлексеевич_20250501.xlsx - [generate_document.py:273]
2025-05-01 20:18:12 - my_bot - INFO - Начало генерации документа: Акт_ком_услуги1_84-67_ДубровскийДмитрийАлексеевич_20250501.xlsx - [generate_document.py:31]
2025-05-01 20:18:12 - my_bot - INFO - Документ создан: C:\проекты\бот_квитанции\data\files\Акт_ком_услуги1_84-67_ДубровскийДмитрийАлексеевич_20250501.xlsx - [generate_document.py:51]
2025-05-01 20:18:12 - my_bot - INFO - Сформировано имя файла: Счет_за_электричество_84-67_ДубровскийДмитрийАлексеевич_20250501.xlsx - [generate_document.py:273]
2025-05-01 20:18:12 - my_bot - INFO - Начало генерации документа: Счет_за_электричество_84-67_ДубровскийДмитрийАлексеевич_20250501.xlsx - [generate_document.py:31]
2025-05-01 20:18:12 - my_bot - INFO - Документ создан: C:\проекты\бот_квитанции\data\files\Счет_за_электричество_84-67_ДубровскийДмитрийАлексеевич_20250501.xlsx - [generate_document.py:51]
2025-05-01 20:18:14 - my_bot - INFO - Запущена конвертация Excel → PDF (LibreOffice): C:\проекты\бот_квитанции\data\files\Акт_ком_услуги1_84-67_ДубровскийДмитрийАлексеевич_20250501.xlsx → C:\проекты\бот_квитанции\data\files\Акт_ком_услуги1_84-67_ДубровскийДмитрийАлексеевич_20250501.pdf - [excel_to_pdf.py:6]
2025-05-01 20:18:15 - my_bot - INFO - PDF успешно создан: C:\проекты\бот_квитанции\data\files\Акт_ком_услуги1_84-67_ДубровскийДмитрийАлексеевич_20250501.pdf - [excel_to_pdf.py:26]
2025-05-01 20:18:15 - my_bot - INFO - Запущена конвертация Excel → PDF (LibreOffice): C:\проекты\бот_квитанции\data\files\Счет_за_электричество_84-67_ДубровскийДмитрийАлексеевич_20250501.xlsx → C:\проекты\бот_квитанции\data\files\Счет_за_электричество_84-67_ДубровскийДмитрийАлексеевич_20250501.pdf - [excel_to_pdf.py:6]
2025-05-01 20:18:16 - my_bot - INFO - PDF успешно создан: C:\проекты\бот_квитанции\data\files\Счет_за_электричество_84-67_ДубровскийДмитрийАлексеевич_20250501.pdf - [excel_to_pdf.py:26]
2025-05-01 20:18:16 - my_bot - INFO - Начало отправки email на Mitanemita5@gmail.com - [email_sender.py:9]
2025-05-01 20:18:19 - my_bot - INFO - Email успешно отправлен на Mitanemita5@gmail.com - [email_sender.py:28]
2025-05-01 20:18:19 - my_bot - INFO - Начало отправки email на Mitanemita5@gmail.com - [email_sender.py:9]
2025-05-01 20:18:22 - my_bot - INFO - Email успешно отправлен на Mitanemita5@gmail.com - [email_sender.py:28]
2025-05-01 20:24:13 - my_bot - INFO - Starting bot... - [main.py:73]
2025-05-01 20:24:35 - my_bot - WARNING - Нераспознанное сообщение от 1374296012: 📄 Сформировать документ - [main.py:65]
2025-05-01 20:24:36 - my_bot - INFO - Пользователь 1374296012 запросил список арендаторов - [get_ten.py:63]
2025-05-01 20:24:42 - my_bot - INFO - Сформировано имя файла: Акт_аренда_84-67_ДубровскийДмитрийАлексеевич_20250501.xlsx - [generate_document.py:273]
2025-05-01 20:24:42 - my_bot - INFO - Начало генерации документа: Акт_аренда_84-67_ДубровскийДмитрийАлексеевич_20250501.xlsx - [generate_document.py:31]
2025-05-01 20:24:42 - my_bot - INFO - Документ создан: C:\проекты\бот_квитанции\data\files\Акт_аренда_84-67_ДубровскийДмитрийАлексеевич_20250501.xlsx - [generate_document.py:51]
2025-05-01 20:24:44 - my_bot - INFO - Запущена конвертация Excel → PDF (LibreOffice): C:\проекты\бот_квитанции\data\files\Акт_аренда_84-67_ДубровскийДмитрийАлексеевич_20250501.xlsx → C:\проекты\бот_квитанции\data\files\Акт_аренда_84-67_ДубровскийДмитрийАлексеевич_20250501.pdf - [excel_to_pdf.py:6]
2025-05-01 20:24:44 - my_bot - INFO - PDF успешно создан: C:\проекты\бот_квитанции\data\files\Акт_аренда_84-67_ДубровскийДмитрийАлексеевич_20250501.pdf - [excel_to_pdf.py:26]
2025-05-01 20:24:44 - my_bot - INFO - Начало отправки email на Mitanemita5@gmail.com - [email_sender.py:9]
2025-05-01 20:24:47 - my_bot - INFO - Email успешно отправлен на Mitanemita5@gmail.com - [email_sender.py:28]
2025-05-01 20:25:07 - my_bot - INFO - Сформировано имя файла: Счет_за_аренду_84-67_ДубровскийДмитрийАлексеевич_20250501.xlsx - [generate_document.py:273]
2025-05-01 20:25:07 - my_bot - INFO - Начало генерации документа: Счет_за_аренду_84-67_ДубровскийДмитрийАлексеевич_20250501.xlsx - [generate_document.py:31]
2025-05-01 20:25:07 - my_bot - INFO - Документ создан: C:\проекты\бот_квитанции\data\files\Счет_за_аренду_84-67_ДубровскийДмитрийАлексеевич_20250501.xlsx - [generate_document.py:51]
2025-05-01 20:25:14 - my_bot - INFO - Запущена конвертация Excel → PDF (LibreOffice): C:\проекты\бот_квитанции\data\files\Счет_за_аренду_84-67_ДубровскийДмитрийАлексеевич_20250501.xlsx → C:\проекты\бот_квитанции\data\files\Счет_за_аренду_84-67_ДубровскийДмитрийАлексеевич_20250501.pdf - [excel_to_pdf.py:6]
2025-05-01 20:25:15 - my_bot - INFO - PDF успешно создан: C:\проекты\бот_квитанции\data\files\Счет_за_аренду_84-67_ДубровскийДмитрийАлексеевич_20250501.pdf - [excel_to_pdf.py:26]
2025-05-01 20:25:15 - my_bot - INFO - Начало отправки email на Mitanemita5@gmail.com - [email_sender.py:9]
2025-05-01 20:25:19 - my_bot - INFO - Email успешно отправлен на Mitanemita5@gmail.com - [email_sender.py:28]
2025-05-01 20:25:33 - my_bot - INFO - Сформировано имя файла: Счет_за_просрочку_84-67_ДубровскийДмитрийАлексеевич_20250501.xlsx - [generate_document.py:273]
2025-05-01 20:25:33 - my_bot - INFO - Начало генерации документа: Счет_за_просрочку_84-67_ДубровскийДмитрийАлексеевич_20250501.xlsx - [generate_document.py:31]
2025-05-01 20:25:33 - my_bot - INFO - Документ создан: C:\проекты\бот_квитанции\data\files\Счет_за_просрочку_84-67_ДубровскийДмитрийАлексеевич_20250501.xlsx - [generate_document.py:51]
2025-05-01 20:25:33 - my_bot - ERROR - Ошибка генерации документов: send_documents() missing 1 required positional argument: 'invoice_path' - [document_handlers.py:95]
2025-05-01 20:28:13 - my_bot - INFO - Starting bot... - [main.py:73]
2025-05-01 20:28:14 - my_bot - WARNING - Нераспознанное сообщение от 1374296012: Ововов - [main.py:65]
2025-05-01 20:28:15 - my_bot - INFO - Пользователь 1374296012 запросил список арендаторов - [get_ten.py:63]
2025-05-01 20:28:28 - my_bot - INFO - Сформировано имя файла: Счет_за_просрочку_84-67_ДубровскийДмитрийАлексеевич_20250501.xlsx - [generate_document.py:273]
2025-05-01 20:28:28 - my_bot - INFO - Начало генерации документа: Счет_за_просрочку_84-67_ДубровскийДмитрийАлексеевич_20250501.xlsx - [generate_document.py:31]
2025-05-01 20:28:28 - my_bot - INFO - Документ создан: C:\проекты\бот_квитанции\data\files\Счет_за_просрочку_84-67_ДубровскийДмитрийАлексеевич_20250501.xlsx - [generate_document.py:51]
2025-05-01 20:30:24 - my_bot - INFO - Сформировано имя файла: Счет_за_просрочку_84-67_ДубровскийДмитрийАлексеевич_20250501.xlsx - [generate_document.py:273]
2025-05-01 20:30:24 - my_bot - INFO - Начало генерации документа: Счет_за_просрочку_84-67_ДубровскийДмитрийАлексеевич_20250501.xlsx - [generate_document.py:31]
2025-05-01 20:30:24 - my_bot - INFO - Документ создан: C:\проекты\бот_квитанции\data\files\Счет_за_просрочку_84-67_ДубровскийДмитрийАлексеевич_20250501.xlsx - [generate_document.py:51]
2025-05-01 20:31:30 - my_bot - INFO - Tenant 12 updated by user 1374296012, field: rent_amount - [edit_handlers.py:72]
2025-05-01 20:31:40 - my_bot - INFO - Сформировано имя файла: Счет_за_просрочку_84-67_ДубровскийДмитрийАлексеевич_20250501.xlsx - [generate_document.py:273]
2025-05-01 20:31:40 - my_bot - INFO - Начало генерации документа: Счет_за_просрочку_84-67_ДубровскийДмитрийАлексеевич_20250501.xlsx - [generate_document.py:31]
2025-05-01 20:31:40 - my_bot - INFO - Документ создан: C:\проекты\бот_квитанции\data\files\Счет_за_просрочку_84-67_ДубровскийДмитрийАлексеевич_20250501.xlsx - [generate_document.py:51]
2025-05-01 20:32:11 - my_bot - INFO - Запущена конвертация Excel → PDF (LibreOffice): C:\проекты\бот_квитанции\data\files\Счет_за_просрочку_84-67_ДубровскийДмитрийАлексеевич_20250501.xlsx → C:\проекты\бот_квитанции\data\files\Счет_за_просрочку_84-67_ДубровскийДмитрийАлексеевич_20250501.pdf - [excel_to_pdf.py:6]
2025-05-01 20:32:12 - my_bot - INFO - PDF успешно создан: C:\проекты\бот_квитанции\data\files\Счет_за_просрочку_84-67_ДубровскийДмитрийАлексеевич_20250501.pdf - [excel_to_pdf.py:26]
2025-05-01 20:32:12 - my_bot - INFO - Начало отправки email на Mitanemita5@gmail.com - [email_sender.py:9]
2025-05-01 20:32:15 - my_bot - INFO - Email успешно отправлен на Mitanemita5@gmail.com - [email_sender.py:28]
2025-05-02 11:45:21 - my_bot - INFO - Starting bot... - [main.py:73]
2025-05-02 11:46:35 - my_bot - WARNING - Нераспознанное сообщение от 1374296012: ↩️ Назад - [main.py:65]
2025-05-02 11:46:38 - my_bot - INFO - Пользователь 1374296012 запросил список арендаторов - [get_ten.py:62]
2025-05-02 11:47:19 - my_bot - INFO - [1374296012] /add_tenant - Начало добавления арендатора - [add_tenant.py:22]
2025-05-02 11:48:32 - my_bot - INFO - Пользователь 1374296012 запросил список арендаторов - [get_ten.py:62]
2025-05-02 11:48:40 - my_bot - INFO - Пользователь 1374296012 запросил список арендаторов - [get_ten.py:62]
2025-05-02 11:48:43 - my_bot - INFO - Пользователь 1374296012 команда - /start - [main.py:29]
2025-05-02 11:58:42 - my_bot - INFO - Starting bot... - [main.py:73]
2025-05-02 11:59:08 - my_bot - INFO - Пользователь 1374296012 команда - /start - [main.py:29]
2025-05-02 11:59:12 - my_bot - INFO - Пользователь 1374296012 запросил список арендаторов - [get_ten.py:63]
2025-05-02 11:59:17 - my_bot - INFO - Пользователь 1374296012 запросил список арендаторов - [get_ten.py:63]
2025-05-02 11:59:22 - my_bot - INFO - Пользователь 1374296012 команда - /start - [main.py:29]
2025-05-02 11:59:23 - my_bot - ERROR - Ошибка в команде /get_all_tenants: not all arguments converted during string formatting - [get_ten.py:53]
2025-05-02 12:01:03 - my_bot - INFO - Starting bot... - [main.py:73]
2025-05-02 12:01:05 - my_bot - ERROR - Ошибка в команде /get_all_tenants: (1064, "You have an error in your SQL syntax; check the manual that corresponds to your MySQL server version for the right syntax to use near 'WHERE host_id = 1374296012' at line 5") - [get_ten.py:53]
2025-05-02 12:01:45 - my_bot - INFO - Starting bot... - [main.py:73]
2025-05-02 12:01:46 - my_bot - ERROR - Ошибка в команде /get_all_tenants: (1064, "You have an error in your SQL syntax; check the manual that corresponds to your MySQL server version for the right syntax to use near 'WHERE host_id = 1374296012' at line 5") - [get_ten.py:53]
2025-05-02 12:04:35 - my_bot - INFO - Starting bot... - [main.py:73]
2025-05-02 12:04:41 - my_bot - ERROR - Ошибка в команде /get_all_tenants: (1064, "You have an error in your SQL syntax; check the manual that corresponds to your MySQL server version for the right syntax to use near 'WHERE host_id = 1374296012' at line 5") - [get_ten.py:53]
2025-05-02 12:06:49 - my_bot - INFO - Starting bot... - [main.py:73]
2025-05-02 12:07:00 - my_bot - INFO - [1374296012] /add_tenant - Начало добавления арендатора - [add_tenant.py:22]
2025-05-02 12:08:24 - my_bot - ERROR - Ошибка в команде /get_all_tenants: (1064, "You have an error in your SQL syntax; check the manual that corresponds to your MySQL server version for the right syntax to use near 'WHERE host_id = 1374296012' at line 5") - [get_ten.py:53]
2025-05-02 12:10:19 - my_bot - INFO - Starting bot... - [main.py:73]
2025-05-02 12:11:09 - my_bot - INFO - Starting bot... - [main.py:73]
2025-05-02 12:11:10 - my_bot - INFO - Пользователь 1374296012 команда - /start - [main.py:29]
2025-05-02 12:13:49 - my_bot - INFO - Сформировано имя файла: Акт_аренда_45-34_ДубровскийДмитрийАлексеевич_20250502.xlsx - [generate_document.py:273]
2025-05-02 12:13:49 - my_bot - INFO - Начало генерации документа: Акт_аренда_45-34_ДубровскийДмитрийАлексеевич_20250502.xlsx - [generate_document.py:31]
2025-05-02 12:13:49 - my_bot - INFO - Документ создан: C:\проекты\бот_квитанции\data\files\Акт_аренда_45-34_ДубровскийДмитрийАлексеевич_20250502.xlsx - [generate_document.py:51]
2025-05-02 12:14:29 - my_bot - INFO - Сформировано имя файла: Акт_аренда_45-34_ДубровскийДмитрийАлексеевич_20250502.xlsx - [generate_document.py:273]
2025-05-02 12:14:29 - my_bot - INFO - Начало генерации документа: Акт_аренда_45-34_ДубровскийДмитрийАлексеевич_20250502.xlsx - [generate_document.py:31]
2025-05-02 12:14:29 - my_bot - INFO - Документ создан: C:\проекты\бот_квитанции\data\files\Акт_аренда_45-34_ДубровскийДмитрийАлексеевич_20250502.xlsx - [generate_document.py:51]
2025-05-02 12:14:40 - my_bot - INFO - Сформировано имя файла: Акт_аренда_45-34_ДубровскийДмитрийАлексеевич_20250502.xlsx - [generate_document.py:273]
2025-05-02 12:14:40 - my_bot - INFO - Начало генерации документа: Акт_аренда_45-34_ДубровскийДмитрийАлексеевич_20250502.xlsx - [generate_document.py:31]
2025-05-02 12:14:40 - my_bot - INFO - Документ создан: C:\проекты\бот_квитанции\data\files\Акт_аренда_45-34_ДубровскийДмитрийАлексеевич_20250502.xlsx - [generate_document.py:51]
2025-05-02 12:14:52 - my_bot - INFO - Сформировано имя файла: Акт_аренда_45-34_ДубровскийДмитрийАлексеевич_20250502.xlsx - [generate_document.py:273]
2025-05-02 12:14:52 - my_bot - INFO - Начало генерации документа: Акт_аренда_45-34_ДубровскийДмитрийАлексеевич_20250502.xlsx - [generate_document.py:31]
2025-05-02 12:14:52 - my_bot - INFO - Документ создан: C:\проекты\бот_квитанции\data\files\Акт_аренда_45-34_ДубровскийДмитрийАлексеевич_20250502.xlsx - [generate_document.py:51]
2025-05-02 12:14:55 - my_bot - INFO - Сформировано имя файла: Акт_аренда_45-34_ДубровскийДмитрийАлексеевич_20250502.xlsx - [generate_document.py:273]
2025-05-02 12:14:55 - my_bot - INFO - Начало генерации документа: Акт_аренда_45-34_ДубровскийДмитрийАлексеевич_20250502.xlsx - [generate_document.py:31]
2025-05-02 12:14:55 - my_bot - INFO - Документ создан: C:\проекты\бот_квитанции\data\files\Акт_аренда_45-34_ДубровскийДмитрийАлексеевич_20250502.xlsx - [generate_document.py:51]
2025-05-02 12:14:58 - my_bot - INFO - Сформировано имя файла: Акт_аренда_45-34_ДубровскийДмитрийАлексеевич_20250502.xlsx - [generate_document.py:273]
2025-05-02 12:14:58 - my_bot - INFO - Начало генерации документа: Акт_аренда_45-34_ДубровскийДмитрийАлексеевич_20250502.xlsx - [generate_document.py:31]
2025-05-02 12:14:58 - my_bot - INFO - Документ создан: C:\проекты\бот_квитанции\data\files\Акт_аренда_45-34_ДубровскийДмитрийАлексеевич_20250502.xlsx - [generate_document.py:51]
2025-05-02 12:15:01 - my_bot - INFO - Сформировано имя файла: Акт_аренда_45-34_ДубровскийДмитрийАлексеевич_20250502.xlsx - [generate_document.py:273]
2025-05-02 12:15:01 - my_bot - INFO - Начало генерации документа: Акт_аренда_45-34_ДубровскийДмитрийАлексеевич_20250502.xlsx - [generate_document.py:31]
2025-05-02 12:15:01 - my_bot - INFO - Документ создан: C:\проекты\бот_квитанции\data\files\Акт_аренда_45-34_ДубровскийДмитрийАлексеевич_20250502.xlsx - [generate_document.py:51]
2025-05-02 12:15:03 - my_bot - INFO - Сформировано имя файла: Акт_аренда_45-34_ДубровскийДмитрийАлексеевич_20250502.xlsx - [generate_document.py:273]
2025-05-02 12:15:03 - my_bot - INFO - Начало генерации документа: Акт_аренда_45-34_ДубровскийДмитрийАлексеевич_20250502.xlsx - [generate_document.py:31]
2025-05-02 12:15:03 - my_bot - INFO - Документ создан: C:\проекты\бот_квитанции\data\files\Акт_аренда_45-34_ДубровскийДмитрийАлексеевич_20250502.xlsx - [generate_document.py:51]
2025-05-02 12:15:06 - my_bot - INFO - Сформировано имя файла: Акт_аренда_45-34_ДубровскийДмитрийАлексеевич_20250502.xlsx - [generate_document.py:273]
2025-05-02 12:15:06 - my_bot - INFO - Начало генерации документа: Акт_аренда_45-34_ДубровскийДмитрийАлексеевич_20250502.xlsx - [generate_document.py:31]
2025-05-02 12:15:06 - my_bot - INFO - Документ создан: C:\проекты\бот_квитанции\data\files\Акт_аренда_45-34_ДубровскийДмитрийАлексеевич_20250502.xlsx - [generate_document.py:51]
2025-05-02 12:17:42 - my_bot - INFO - Starting bot... - [main.py:73]
2025-05-02 12:17:43 - my_bot - WARNING - Нераспознанное сообщение от 1374296012: ✏️ Название - [main.py:65]
2025-05-02 12:17:45 - my_bot - INFO - Пользователь 1374296012 запросил список арендаторов - [get_ten.py:64]
2025-05-02 12:17:54 - my_bot - INFO - Пользователь 1374296012 команда - /start - [main.py:29]
2025-05-02 12:28:37 - my_bot - INFO - Starting bot... - [main.py:73]
2025-05-02 12:28:51 - my_bot - INFO - Пользователь 1374296012 команда - /start - [main.py:29]
2025-05-02 12:28:54 - my_bot - INFO - Пользователь 1374296012 команда - /start - [main.py:29]
2025-05-02 12:29:36 - my_bot - WARNING - Некорректный выбор: 1 - [tenent_handlers.py:54]
2025-05-02 12:29:40 - my_bot - WARNING - Некорректный выбор: 15 - [tenent_handlers.py:54]
2025-05-02 12:30:57 - my_bot - INFO - Starting bot... - [main.py:73]
2025-05-02 12:30:58 - my_bot - WARNING - Нераспознанное сообщение от 1374296012: сор - [main.py:65]
2025-05-02 12:31:02 - my_bot - INFO - Пользователь 1374296012 команда - /start - [main.py:29]
2025-05-02 12:31:03 - my_bot - INFO - Пользователь 1374296012 запросил список арендаторов - [get_ten.py:64]
2025-05-02 12:31:45 - my_bot - INFO - Пользователь 1374296012 команда - /start - [main.py:29]
2025-05-02 12:32:58 - my_bot - INFO - Starting bot... - [main.py:65]
2025-05-02 12:33:55 - my_bot - INFO - Пользователь 1374296012 команда - /start - [main.py:21]
2025-05-02 12:39:07 - my_bot - INFO - Starting bot... - [main.py:65]
2025-05-02 12:39:09 - my_bot - INFO - Пользователь 1374296012 запросил список арендаторов - [get_ten.py:64]
2025-05-02 12:39:19 - my_bot - INFO - Пользователь 1374296012 команда - /start - [main.py:21]
2025-05-02 12:39:22 - my_bot - INFO - Пользователь 1374296012 команда - /start - [main.py:21]
2025-05-02 12:46:35 - my_bot - INFO - Starting bot... - [main.py:65]
2025-05-02 12:46:47 - my_bot - INFO - [1374296012] /add_tenant - Начало добавления арендатора - [add_tenant.py:22]
2025-05-02 12:46:58 - my_bot - ERROR - Ошибка в команде /get_all_tenants: HTTP Client says - ClientConnectorError: Cannot connect to host api.telegram.org:443 ssl:default [Превышен таймаут семафора] - [get_ten.py:55]
2025-05-02 12:47:19 - my_bot - INFO - Starting bot... - [main.py:65]
2025-05-02 12:47:25 - my_bot - INFO - Пользователь 1374296012 команда - /start - [main.py:21]
2025-05-02 12:47:27 - my_bot - INFO - Пользователь 1374296012 запросил список арендаторов - [get_ten.py:66]
2025-05-02 12:47:30 - my_bot - INFO - Пользователь 1374296012 команда - /start - [main.py:21]
2025-05-02 12:47:32 - my_bot - INFO - Пользователь 1374296012 команда - /start - [main.py:21]
2025-05-02 12:47:36 - my_bot - INFO - [1374296012] /add_tenant - Начало добавления арендатора - [add_tenant.py:22]
2025-05-02 12:49:23 - my_bot - INFO - Пользователь 1374296012 команда - /start - [main.py:21]
2025-05-02 12:49:25 - my_bot - INFO - Пользователь 1374296012 запросил список арендаторов - [get_ten.py:66]
2025-05-02 12:50:36 - my_bot - INFO - Starting bot... - [main.py:65]
2025-05-02 12:50:37 - my_bot - INFO - Пользователь 1374296012 команда - /start - [main.py:21]
2025-05-02 12:50:38 - my_bot - INFO - Пользователь 1374296012 запросил список арендаторов - [get_ten.py:66]
2025-05-02 12:50:44 - my_bot - INFO - Пользователь 1374296012 команда - /start - [main.py:21]
2025-05-02 12:52:43 - my_bot - INFO - Starting bot... - [main.py:65]
2025-05-02 12:52:45 - my_bot - INFO - Пользователь 1374296012 запросил список арендаторов - [get_ten.py:66]
2025-05-02 12:52:47 - my_bot - INFO - Пользователь 1374296012 запросил список арендаторов - [get_ten.py:66]
2025-05-02 12:53:01 - my_bot - INFO - Сформировано имя файла: Акт_аренда_45-34_ДубровскийДмитрийАлексеевич_20250502.xlsx - [generate_document.py:273]
2025-05-02 12:53:01 - my_bot - INFO - Начало генерации документа: Акт_аренда_45-34_ДубровскийДмитрийАлексеевич_20250502.xlsx - [generate_document.py:31]
2025-05-02 12:53:01 - my_bot - INFO - Документ создан: C:\проекты\бот_квитанции\data\files\Акт_аренда_45-34_ДубровскийДмитрийАлексеевич_20250502.xlsx - [generate_document.py:51]
2025-05-02 12:54:06 - my_bot - INFO - Пользователь 1374296012 запросил список арендаторов - [get_ten.py:66]
2025-05-02 12:54:09 - my_bot - INFO - Пользователь 1374296012 запросил список арендаторов - [get_ten.py:66]
2025-05-02 12:54:25 - my_bot - INFO - Сформировано имя файла: Акт_аренда_45-21_ТДВелес_20250502.xlsx - [generate_document.py:273]
2025-05-02 12:54:25 - my_bot - INFO - Начало генерации документа: Акт_аренда_45-21_ТДВелес_20250502.xlsx - [generate_document.py:31]
2025-05-02 12:54:25 - my_bot - INFO - Документ создан: C:\проекты\бот_квитанции\data\files\Акт_аренда_45-21_ТДВелес_20250502.xlsx - [generate_document.py:51]
2025-05-02 12:54:54 - my_bot - INFO - Запущена конвертация Excel → PDF (LibreOffice): C:\проекты\бот_квитанции\data\files\Акт_аренда_45-21_ТДВелес_20250502.xlsx → C:\проекты\бот_квитанции\data\files\Акт_аренда_45-21_ТДВелес_20250502.pdf - [excel_to_pdf.py:6]
2025-05-02 12:54:55 - my_bot - INFO - PDF успешно создан: C:\проекты\бот_квитанции\data\files\Акт_аренда_45-21_ТДВелес_20250502.pdf - [excel_to_pdf.py:26]
2025-05-02 12:54:55 - my_bot - INFO - Начало отправки email на mmita2227@gmail.com - [email_sender.py:9]
2025-05-02 12:54:58 - my_bot - INFO - Email успешно отправлен на mmita2227@gmail.com - [email_sender.py:28]
2025-05-02 12:55:26 - my_bot - INFO - Пользователь 1374296012 запросил список арендаторов - [get_ten.py:66]
2025-05-02 12:55:35 - my_bot - INFO - Пользователь 1374296012 команда - /start - [main.py:21]
2025-05-02 12:55:38 - my_bot - INFO - Пользователь 1374296012 запросил список арендаторов - [get_ten.py:66]
2025-05-02 12:55:41 - my_bot - INFO - Пользователь 1374296012 запросил список арендаторов - [get_ten.py:66]
2025-05-02 12:55:58 - my_bot - INFO - Пользователь 1374296012 запросил список арендаторов - [get_ten.py:66]
2025-05-02 12:56:01 - my_bot - INFO - Пользователь 1374296012 команда - /start - [main.py:21]
2025-05-02 12:56:03 - my_bot - WARNING - Нераспознанное сообщение от 1374296012: Профиль - [main.py:57]
2025-05-02 12:56:07 - my_bot - WARNING - Нераспознанное сообщение от 1374296012: /help - [main.py:57]
2025-05-02 12:57:34 - my_bot - INFO - Пользователь 1374296012 запросил список арендаторов - [get_ten.py:66]
2025-05-02 12:57:35 - my_bot - INFO - Пользователь начал массовую рассылку - [mass_otr.py:29]
2025-05-02 14:46:04 - my_bot - INFO - Starting bot... - [main.py:65]
2025-05-02 14:46:57 - my_bot - WARNING - Нераспознанное сообщение от 1374296012: Тата - [main.py:57]
2025-05-02 14:46:59 - my_bot - INFO - Пользователь 1374296012 запросил список арендаторов - [get_ten.py:66]
2025-05-02 14:47:01 - my_bot - INFO - Пользователь начал массовую рассылку - [mass_otr.py:28]
2025-05-02 14:51:34 - my_bot - INFO - Starting bot... - [main.py:65]
2025-05-02 14:51:38 - my_bot - WARNING - Нераспознанное сообщение от 1374296012: Оков - [main.py:57]
2025-05-02 14:51:39 - my_bot - INFO - Пользователь 1374296012 запросил список арендаторов - [get_ten.py:66]
2025-05-02 14:51:40 - my_bot - INFO - Пользователь начал массовую рассылку - [mass_otr.py:28]
2025-05-02 14:51:45 - my_bot - INFO - Выбраны арендаторы: [15, 16] - [mass_otr.py:42]
2025-05-02 14:51:47 - my_bot - INFO - Генерация документа для арендатора ID 15, шаблон: ШАБЛОН_Акт_аренда.xlsx, дата: None - [mass_otr.py:181]
2025-05-02 14:51:47 - my_bot - INFO - Сформировано имя файла: Акт_аренда_45-34_ДубровскийДмитрийАлексеевич_20250502.xlsx - [generate_document.py:273]
2025-05-02 14:51:47 - my_bot - INFO - Начало генерации документа: Акт_аренда_45-34_ДубровскийДмитрийАлексеевич_20250502.xlsx - [generate_document.py:31]
2025-05-02 14:51:47 - my_bot - INFO - Документ создан: C:\проекты\бот_квитанции\data\files\Акт_аренда_45-34_ДубровскийДмитрийАлексеевич_20250502.xlsx - [generate_document.py:51]
2025-05-02 14:51:47 - my_bot - INFO - Запущена конвертация Excel → PDF (LibreOffice): C:\проекты\бот_квитанции\data\files\Акт_аренда_45-34_ДубровскийДмитрийАлексеевич_20250502.xlsx → C:\проекты\бот_квитанции\data\files\Акт_аренда_45-34_ДубровскийДмитрийАлексеевич_20250502.pdf - [excel_to_pdf.py:6]
2025-05-02 14:51:48 - my_bot - INFO - PDF успешно создан: C:\проекты\бот_квитанции\data\files\Акт_аренда_45-34_ДубровскийДмитрийАлексеевич_20250502.pdf - [excel_to_pdf.py:26]
2025-05-02 14:51:48 - my_bot - INFO - Генерация документа для арендатора ID 16, шаблон: ШАБЛОН_Акт_аренда.xlsx, дата: None - [mass_otr.py:181]
2025-05-02 14:51:48 - my_bot - INFO - Сформировано имя файла: Акт_аренда_45-21_ТДВелес_20250502.xlsx - [generate_document.py:273]
2025-05-02 14:51:48 - my_bot - INFO - Начало генерации документа: Акт_аренда_45-21_ТДВелес_20250502.xlsx - [generate_document.py:31]
2025-05-02 14:51:48 - my_bot - INFO - Документ создан: C:\проекты\бот_квитанции\data\files\Акт_аренда_45-21_ТДВелес_20250502.xlsx - [generate_document.py:51]
2025-05-02 14:51:48 - my_bot - INFO - Запущена конвертация Excel → PDF (LibreOffice): C:\проекты\бот_квитанции\data\files\Акт_аренда_45-21_ТДВелес_20250502.xlsx → C:\проекты\бот_квитанции\data\files\Акт_аренда_45-21_ТДВелес_20250502.pdf - [excel_to_pdf.py:6]
2025-05-02 14:51:49 - my_bot - INFO - PDF успешно создан: C:\проекты\бот_квитанции\data\files\Акт_аренда_45-21_ТДВелес_20250502.pdf - [excel_to_pdf.py:26]
2025-05-02 14:51:49 - my_bot - INFO - Все документы отправлены в чат. Ожидается подтверждение на email рассылку. - [mass_otr.py:199]
2025-05-02 14:51:54 - my_bot - INFO - Ответ на подтверждение отправки: ↩️ Назад - [mass_otr.py:117]
2025-05-02 14:51:54 - my_bot - INFO - Массовая рассылка отменена пользователем - [mass_otr.py:119]
2025-05-02 14:51:56 - my_bot - INFO - Пользователь 1374296012 запросил список арендаторов - [get_ten.py:66]
2025-05-02 14:51:58 - my_bot - INFO - Пользователь начал массовую рассылку - [mass_otr.py:28]
2025-05-02 14:52:05 - my_bot - INFO - Генерация документа для арендатора ID 15, шаблон: ШАБЛОН_Акт_аренда.xlsx, дата: None - [mass_otr.py:181]
2025-05-02 14:52:05 - my_bot - INFO - Сформировано имя файла: Акт_аренда_45-34_ДубровскийДмитрийАлексеевич_20250502.xlsx - [generate_document.py:273]
2025-05-02 14:52:05 - my_bot - INFO - Начало генерации документа: Акт_аренда_45-34_ДубровскийДмитрийАлексеевич_20250502.xlsx - [generate_document.py:31]
2025-05-02 14:52:05 - my_bot - INFO - Документ создан: C:\проекты\бот_квитанции\data\files\Акт_аренда_45-34_ДубровскийДмитрийАлексеевич_20250502.xlsx - [generate_document.py:51]
2025-05-02 14:52:05 - my_bot - INFO - Запущена конвертация Excel → PDF (LibreOffice): C:\проекты\бот_квитанции\data\files\Акт_аренда_45-34_ДубровскийДмитрийАлексеевич_20250502.xlsx → C:\проекты\бот_квитанции\data\files\Акт_аренда_45-34_ДубровскийДмитрийАлексеевич_20250502.pdf - [excel_to_pdf.py:6]
2025-05-02 14:52:06 - my_bot - INFO - PDF успешно создан: C:\проекты\бот_квитанции\data\files\Акт_аренда_45-34_ДубровскийДмитрийАлексеевич_20250502.pdf - [excel_to_pdf.py:26]
2025-05-02 14:52:06 - my_bot - INFO - Генерация документа для арендатора ID 16, шаблон: ШАБЛОН_Акт_аренда.xlsx, дата: None - [mass_otr.py:181]
2025-05-02 14:52:06 - my_bot - INFO - Сформировано имя файла: Акт_аренда_45-21_ТДВелес_20250502.xlsx - [generate_document.py:273]
2025-05-02 14:52:06 - my_bot - INFO - Начало генерации документа: Акт_аренда_45-21_ТДВелес_20250502.xlsx - [generate_document.py:31]
2025-05-02 14:52:06 - my_bot - INFO - Документ создан: C:\проекты\бот_квитанции\data\files\Акт_аренда_45-21_ТДВелес_20250502.xlsx - [generate_document.py:51]
2025-05-02 14:52:06 - my_bot - INFO - Запущена конвертация Excel → PDF (LibreOffice): C:\проекты\бот_квитанции\data\files\Акт_аренда_45-21_ТДВелес_20250502.xlsx → C:\проекты\бот_квитанции\data\files\Акт_аренда_45-21_ТДВелес_20250502.pdf - [excel_to_pdf.py:6]
2025-05-02 14:52:07 - my_bot - INFO - PDF успешно создан: C:\проекты\бот_квитанции\data\files\Акт_аренда_45-21_ТДВелес_20250502.pdf - [excel_to_pdf.py:26]
2025-05-02 14:52:07 - my_bot - INFO - Все документы отправлены в чат. Ожидается подтверждение на email рассылку. - [mass_otr.py:199]
2025-05-02 14:53:27 - my_bot - INFO - Ответ на подтверждение отправки: ↩️ Назад - [mass_otr.py:117]
2025-05-02 14:53:27 - my_bot - INFO - Массовая рассылка отменена пользователем - [mass_otr.py:119]
2025-05-02 14:53:29 - my_bot - INFO - Пользователь 1374296012 запросил список арендаторов - [get_ten.py:66]
2025-05-02 14:53:30 - my_bot - INFO - Пользователь начал массовую рассылку - [mass_otr.py:28]
2025-05-02 14:53:31 - my_bot - INFO - Выбраны арендаторы: [15, 16] - [mass_otr.py:42]
2025-05-02 14:53:33 - my_bot - INFO - Генерация документа для арендатора ID 15, шаблон: ШАБЛОН_Акт_аренда.xlsx, дата: None - [mass_otr.py:181]
2025-05-02 14:53:33 - my_bot - INFO - Сформировано имя файла: Акт_аренда_45-34_ДубровскийДмитрийАлексеевич_20250502.xlsx - [generate_document.py:273]
2025-05-02 14:53:33 - my_bot - INFO - Начало генерации документа: Акт_аренда_45-34_ДубровскийДмитрийАлексеевич_20250502.xlsx - [generate_document.py:31]
2025-05-02 14:53:33 - my_bot - INFO - Документ создан: C:\проекты\бот_квитанции\data\files\Акт_аренда_45-34_ДубровскийДмитрийАлексеевич_20250502.xlsx - [generate_document.py:51]
2025-05-02 14:53:33 - my_bot - INFO - Запущена конвертация Excel → PDF (LibreOffice): C:\проекты\бот_квитанции\data\files\Акт_аренда_45-34_ДубровскийДмитрийАлексеевич_20250502.xlsx → C:\проекты\бот_квитанции\data\files\Акт_аренда_45-34_ДубровскийДмитрийАлексеевич_20250502.pdf - [excel_to_pdf.py:6]
2025-05-02 14:53:34 - my_bot - INFO - PDF успешно создан: C:\проекты\бот_квитанции\data\files\Акт_аренда_45-34_ДубровскийДмитрийАлексеевич_20250502.pdf - [excel_to_pdf.py:26]
2025-05-02 14:53:34 - my_bot - INFO - Генерация документа для арендатора ID 16, шаблон: ШАБЛОН_Акт_аренда.xlsx, дата: None - [mass_otr.py:181]
2025-05-02 14:53:34 - my_bot - INFO - Сформировано имя файла: Акт_аренда_45-21_ТДВелес_20250502.xlsx - [generate_document.py:273]
2025-05-02 14:53:34 - my_bot - INFO - Начало генерации документа: Акт_аренда_45-21_ТДВелес_20250502.xlsx - [generate_document.py:31]
2025-05-02 14:53:34 - my_bot - INFO - Документ создан: C:\проекты\бот_квитанции\data\files\Акт_аренда_45-21_ТДВелес_20250502.xlsx - [generate_document.py:51]
2025-05-02 14:53:34 - my_bot - INFO - Запущена конвертация Excel → PDF (LibreOffice): C:\проекты\бот_квитанции\data\files\Акт_аренда_45-21_ТДВелес_20250502.xlsx → C:\проекты\бот_квитанции\data\files\Акт_аренда_45-21_ТДВелес_20250502.pdf - [excel_to_pdf.py:6]
2025-05-02 14:53:35 - my_bot - INFO - PDF успешно создан: C:\проекты\бот_квитанции\data\files\Акт_аренда_45-21_ТДВелес_20250502.pdf - [excel_to_pdf.py:26]
2025-05-02 14:53:35 - my_bot - INFO - Все документы отправлены в чат. Ожидается подтверждение на email рассылку. - [mass_otr.py:199]
2025-05-02 14:59:30 - my_bot - INFO - Starting bot... - [main.py:65]
2025-05-02 14:59:32 - my_bot - WARNING - Нераспознанное сообщение от 1374296012: ↩️ Назад - [main.py:57]
2025-05-02 14:59:35 - my_bot - INFO - Пользователь 1374296012 запросил список арендаторов - [get_ten.py:66]
2025-05-02 14:59:36 - my_bot - INFO - Пользователь начал массовую рассылку - [mass_otr.py:28]
2025-05-02 14:59:45 - my_bot - INFO - Генерация документа для 1 (16)... - [mass_otr.py:197]
2025-05-02 14:59:45 - my_bot - INFO - Сформировано имя файла: Акт_аренда_45-21_ТДВелес_20250502.xlsx - [generate_document.py:273]
2025-05-02 14:59:45 - my_bot - INFO - Начало генерации документа: Акт_аренда_45-21_ТДВелес_20250502.xlsx - [generate_document.py:31]
2025-05-02 14:59:45 - my_bot - INFO - Документ создан: C:\проекты\бот_квитанции\data\files\Акт_аренда_45-21_ТДВелес_20250502.xlsx - [generate_document.py:51]
2025-05-02 14:59:45 - my_bot - INFO - Запущена конвертация Excel → PDF (LibreOffice): C:\проекты\бот_квитанции\data\files\Акт_аренда_45-21_ТДВелес_20250502.xlsx → C:\проекты\бот_квитанции\data\files\Акт_аренда_45-21_ТДВелес_20250502.pdf - [excel_to_pdf.py:6]
2025-05-02 14:59:46 - my_bot - INFO - PDF успешно создан: C:\проекты\бот_квитанции\data\files\Акт_аренда_45-21_ТДВелес_20250502.pdf - [excel_to_pdf.py:26]
2025-05-02 14:59:58 - my_bot - INFO - Ответ на подтверждение отправки: ↩️ Назад - [mass_otr.py:118]
2025-05-02 14:59:58 - my_bot - INFO - Массовая рассылка отменена пользователем - [mass_otr.py:120]
2025-05-02 15:00:01 - my_bot - INFO - Пользователь 1374296012 запросил список арендаторов - [get_ten.py:66]
2025-05-02 15:00:02 - my_bot - INFO - Пользователь начал массовую рассылку - [mass_otr.py:28]
2025-05-02 15:00:08 - my_bot - INFO - Генерация документа для №0 (16)... - [mass_otr.py:197]
2025-05-02 15:00:08 - my_bot - INFO - Сформировано имя файла: Акт_аренда_45-21_ТДВелес_20250502.xlsx - [generate_document.py:273]
2025-05-02 15:00:08 - my_bot - INFO - Начало генерации документа: Акт_аренда_45-21_ТДВелес_20250502.xlsx - [generate_document.py:31]
2025-05-02 15:00:08 - my_bot - INFO - Документ создан: C:\проекты\бот_квитанции\data\files\Акт_аренда_45-21_ТДВелес_20250502.xlsx - [generate_document.py:51]
2025-05-02 15:00:08 - my_bot - INFO - Запущена конвертация Excel → PDF (LibreOffice): C:\проекты\бот_квитанции\data\files\Акт_аренда_45-21_ТДВелес_20250502.xlsx → C:\проекты\бот_квитанции\data\files\Акт_аренда_45-21_ТДВелес_20250502.pdf - [excel_to_pdf.py:6]
2025-05-02 15:00:09 - my_bot - INFO - PDF успешно создан: C:\проекты\бот_квитанции\data\files\Акт_аренда_45-21_ТДВелес_20250502.pdf - [excel_to_pdf.py:26]
2025-05-02 15:00:09 - my_bot - INFO - Генерация документа для №1 (15)... - [mass_otr.py:197]
2025-05-02 15:00:09 - my_bot - INFO - Сформировано имя файла: Акт_аренда_45-34_ДубровскийДмитрийАлексеевич_20250502.xlsx - [generate_document.py:273]
2025-05-02 15:00:09 - my_bot - INFO - Начало генерации документа: Акт_аренда_45-34_ДубровскийДмитрийАлексеевич_20250502.xlsx - [generate_document.py:31]
2025-05-02 15:00:10 - my_bot - INFO - Документ создан: C:\проекты\бот_квитанции\data\files\Акт_аренда_45-34_ДубровскийДмитрийАлексеевич_20250502.xlsx - [generate_document.py:51]
2025-05-02 15:00:10 - my_bot - INFO - Запущена конвертация Excel → PDF (LibreOffice): C:\проекты\бот_квитанции\data\files\Акт_аренда_45-34_ДубровскийДмитрийАлексеевич_20250502.xlsx → C:\проекты\бот_квитанции\data\files\Акт_аренда_45-34_ДубровскийДмитрийАлексеевич_20250502.pdf - [excel_to_pdf.py:6]
2025-05-02 15:00:10 - my_bot - INFO - PDF успешно создан: C:\проекты\бот_квитанции\data\files\Акт_аренда_45-34_ДубровскийДмитрийАлексеевич_20250502.pdf - [excel_to_pdf.py:26]
2025-05-02 15:00:26 - my_bot - INFO - Ответ на подтверждение отправки: ↩️ Назад - [mass_otr.py:118]
2025-05-02 15:00:26 - my_bot - INFO - Массовая рассылка отменена пользователем - [mass_otr.py:120]
2025-05-02 15:00:27 - my_bot - INFO - Пользователь 1374296012 запросил список арендаторов - [get_ten.py:66]
2025-05-02 15:00:28 - my_bot - INFO - Пользователь начал массовую рассылку - [mass_otr.py:28]
2025-05-02 15:00:33 - my_bot - INFO - Генерация документа для №0 (15)... - [mass_otr.py:197]
2025-05-02 15:00:33 - my_bot - INFO - Сформировано имя файла: Акт_аренда_45-34_ДубровскийДмитрийАлексеевич_20250502.xlsx - [generate_document.py:273]
2025-05-02 15:00:33 - my_bot - INFO - Начало генерации документа: Акт_аренда_45-34_ДубровскийДмитрийАлексеевич_20250502.xlsx - [generate_document.py:31]
2025-05-02 15:00:33 - my_bot - INFO - Документ создан: C:\проекты\бот_квитанции\data\files\Акт_аренда_45-34_ДубровскийДмитрийАлексеевич_20250502.xlsx - [generate_document.py:51]
2025-05-02 15:00:33 - my_bot - INFO - Запущена конвертация Excel → PDF (LibreOffice): C:\проекты\бот_квитанции\data\files\Акт_аренда_45-34_ДубровскийДмитрийАлексеевич_20250502.xlsx → C:\проекты\бот_квитанции\data\files\Акт_аренда_45-34_ДубровскийДмитрийАлексеевич_20250502.pdf - [excel_to_pdf.py:6]
2025-05-02 15:00:34 - my_bot - INFO - PDF успешно создан: C:\проекты\бот_квитанции\data\files\Акт_аренда_45-34_ДубровскийДмитрийАлексеевич_20250502.pdf - [excel_to_pdf.py:26]
2025-05-02 15:00:34 - my_bot - INFO - Генерация документа для №1 (16)... - [mass_otr.py:197]
2025-05-02 15:00:34 - my_bot - INFO - Сформировано имя файла: Акт_аренда_45-21_ТДВелес_20250502.xlsx - [generate_document.py:273]
2025-05-02 15:00:34 - my_bot - INFO - Начало генерации документа: Акт_аренда_45-21_ТДВелес_20250502.xlsx - [generate_document.py:31]
2025-05-02 15:00:34 - my_bot - INFO - Документ создан: C:\проекты\бот_квитанции\data\files\Акт_аренда_45-21_ТДВелес_20250502.xlsx - [generate_document.py:51]
2025-05-02 15:00:34 - my_bot - INFO - Запущена конвертация Excel → PDF (LibreOffice): C:\проекты\бот_квитанции\data\files\Акт_аренда_45-21_ТДВелес_20250502.xlsx → C:\проекты\бот_квитанции\data\files\Акт_аренда_45-21_ТДВелес_20250502.pdf - [excel_to_pdf.py:6]
2025-05-02 15:00:35 - my_bot - INFO - PDF успешно создан: C:\проекты\бот_квитанции\data\files\Акт_аренда_45-21_ТДВелес_20250502.pdf - [excel_to_pdf.py:26]
2025-05-02 15:00:42 - my_bot - INFO - Ответ на подтверждение отправки: ↩️ Назад - [mass_otr.py:118]
2025-05-02 15:00:42 - my_bot - INFO - Массовая рассылка отменена пользователем - [mass_otr.py:120]
2025-05-02 15:00:44 - my_bot - INFO - Пользователь 1374296012 запросил список арендаторов - [get_ten.py:66]
2025-05-02 15:00:45 - my_bot - INFO - Пользователь начал массовую рассылку - [mass_otr.py:28]
2025-05-02 15:00:52 - my_bot - INFO - Генерация документа для №0 (15)... - [mass_otr.py:197]
2025-05-02 15:00:52 - my_bot - INFO - Сформировано имя файла: Акт_аренда_45-34_ДубровскийДмитрийАлексеевич_20250502.xlsx - [generate_document.py:273]
2025-05-02 15:00:52 - my_bot - INFO - Начало генерации документа: Акт_аренда_45-34_ДубровскийДмитрийАлексеевич_20250502.xlsx - [generate_document.py:31]
2025-05-02 15:00:52 - my_bot - INFO - Документ создан: C:\проекты\бот_квитанции\data\files\Акт_аренда_45-34_ДубровскийДмитрийАлексеевич_20250502.xlsx - [generate_document.py:51]
2025-05-02 15:00:52 - my_bot - INFO - Запущена конвертация Excel → PDF (LibreOffice): C:\проекты\бот_квитанции\data\files\Акт_аренда_45-34_ДубровскийДмитрийАлексеевич_20250502.xlsx → C:\проекты\бот_квитанции\data\files\Акт_аренда_45-34_ДубровскийДмитрийАлексеевич_20250502.pdf - [excel_to_pdf.py:6]
2025-05-02 15:00:53 - my_bot - INFO - PDF успешно создан: C:\проекты\бот_квитанции\data\files\Акт_аренда_45-34_ДубровскийДмитрийАлексеевич_20250502.pdf - [excel_to_pdf.py:26]
2025-05-02 15:00:55 - my_bot - INFO - Ответ на подтверждение отправки: ↩️ Назад - [mass_otr.py:118]
2025-05-02 15:00:55 - my_bot - INFO - Массовая рассылка отменена пользователем - [mass_otr.py:120]
2025-05-02 15:00:56 - my_bot - INFO - Пользователь 1374296012 запросил список арендаторов - [get_ten.py:66]
2025-05-02 15:00:57 - my_bot - INFO - Пользователь начал массовую рассылку - [mass_otr.py:28]
2025-05-02 15:01:03 - my_bot - INFO - Генерация документа для 1 (16)... - [mass_otr.py:197]
2025-05-02 15:01:03 - my_bot - INFO - Сформировано имя файла: Акт_аренда_45-21_ТДВелес_20250502.xlsx - [generate_document.py:273]
2025-05-02 15:01:03 - my_bot - INFO - Начало генерации документа: Акт_аренда_45-21_ТДВелес_20250502.xlsx - [generate_document.py:31]
2025-05-02 15:01:03 - my_bot - INFO - Документ создан: C:\проекты\бот_квитанции\data\files\Акт_аренда_45-21_ТДВелес_20250502.xlsx - [generate_document.py:51]
2025-05-02 15:01:03 - my_bot - INFO - Запущена конвертация Excel → PDF (LibreOffice): C:\проекты\бот_квитанции\data\files\Акт_аренда_45-21_ТДВелес_20250502.xlsx → C:\проекты\бот_квитанции\data\files\Акт_аренда_45-21_ТДВелес_20250502.pdf - [excel_to_pdf.py:6]
2025-05-02 15:01:04 - my_bot - INFO - PDF успешно создан: C:\проекты\бот_квитанции\data\files\Акт_аренда_45-21_ТДВелес_20250502.pdf - [excel_to_pdf.py:26]
2025-05-02 15:01:42 - my_bot - INFO - Starting bot... - [main.py:65]
2025-05-02 15:01:43 - my_bot - WARNING - Нераспознанное сообщение от 1374296012: ↩️ Назад - [main.py:57]
2025-05-02 15:01:45 - my_bot - INFO - Пользователь 1374296012 запросил список арендаторов - [get_ten.py:66]
2025-05-02 15:01:46 - my_bot - INFO - Пользователь начал массовую рассылку - [mass_otr.py:28]
2025-05-02 15:01:52 - my_bot - INFO - Генерация документа для №1 (16)... - [mass_otr.py:197]
2025-05-02 15:01:52 - my_bot - INFO - Сформировано имя файла: Акт_аренда_45-21_ТДВелес_20250502.xlsx - [generate_document.py:273]
2025-05-02 15:01:52 - my_bot - INFO - Начало генерации документа: Акт_аренда_45-21_ТДВелес_20250502.xlsx - [generate_document.py:31]
2025-05-02 15:01:52 - my_bot - INFO - Документ создан: C:\проекты\бот_квитанции\data\files\Акт_аренда_45-21_ТДВелес_20250502.xlsx - [generate_document.py:51]
2025-05-02 15:01:52 - my_bot - INFO - Запущена конвертация Excel → PDF (LibreOffice): C:\проекты\бот_квитанции\data\files\Акт_аренда_45-21_ТДВелес_20250502.xlsx → C:\проекты\бот_квитанции\data\files\Акт_аренда_45-21_ТДВелес_20250502.pdf - [excel_to_pdf.py:6]
2025-05-02 15:01:53 - my_bot - INFO - PDF успешно создан: C:\проекты\бот_квитанции\data\files\Акт_аренда_45-21_ТДВелес_20250502.pdf - [excel_to_pdf.py:26]
2025-05-02 15:01:59 - my_bot - INFO - Ответ на подтверждение отправки: ↩️ Назад - [mass_otr.py:118]
2025-05-02 15:02:00 - my_bot - INFO - Массовая рассылка отменена пользователем - [mass_otr.py:120]
2025-05-02 15:02:06 - my_bot - INFO - Пользователь 1374296012 запросил список арендаторов - [get_ten.py:66]
2025-05-02 15:02:07 - my_bot - INFO - Пользователь начал массовую рассылку - [mass_otr.py:28]
2025-05-02 15:02:13 - my_bot - INFO - Генерация документа для 1 (15)... - [mass_otr.py:197]
2025-05-02 15:02:13 - my_bot - INFO - Сформировано имя файла: Акт_аренда_45-34_ДубровскийДмитрийАлексеевич_20250502.xlsx - [generate_document.py:273]
2025-05-02 15:02:13 - my_bot - INFO - Начало генерации документа: Акт_аренда_45-34_ДубровскийДмитрийАлексеевич_20250502.xlsx - [generate_document.py:31]
2025-05-02 15:02:13 - my_bot - INFO - Документ создан: C:\проекты\бот_квитанции\data\files\Акт_аренда_45-34_ДубровскийДмитрийАлексеевич_20250502.xlsx - [generate_document.py:51]
2025-05-02 15:02:13 - my_bot - INFO - Запущена конвертация Excel → PDF (LibreOffice): C:\проекты\бот_квитанции\data\files\Акт_аренда_45-34_ДубровскийДмитрийАлексеевич_20250502.xlsx → C:\проекты\бот_квитанции\data\files\Акт_аренда_45-34_ДубровскийДмитрийАлексеевич_20250502.pdf - [excel_to_pdf.py:6]
2025-05-02 15:02:14 - my_bot - INFO - PDF успешно создан: C:\проекты\бот_квитанции\data\files\Акт_аренда_45-34_ДубровскийДмитрийАлексеевич_20250502.pdf - [excel_to_pdf.py:26]
2025-05-02 15:02:22 - my_bot - INFO - Ответ на подтверждение отправки: ↩️ Назад - [mass_otr.py:118]
2025-05-02 15:02:22 - my_bot - INFO - Массовая рассылка отменена пользователем - [mass_otr.py:120]
2025-05-02 15:02:23 - my_bot - INFO - Пользователь 1374296012 запросил список арендаторов - [get_ten.py:66]
2025-05-02 15:02:24 - my_bot - INFO - Пользователь начал массовую рассылку - [mass_otr.py:28]
2025-05-02 15:02:25 - my_bot - INFO - Выбраны арендаторы: [15, 16] - [mass_otr.py:42]
2025-05-02 15:02:26 - my_bot - INFO - Генерация документа для 1 (15)... - [mass_otr.py:197]
2025-05-02 15:02:26 - my_bot - INFO - Сформировано имя файла: Акт_аренда_45-34_ДубровскийДмитрийАлексеевич_20250502.xlsx - [generate_document.py:273]
2025-05-02 15:02:26 - my_bot - INFO - Начало генерации документа: Акт_аренда_45-34_ДубровскийДмитрийАлексеевич_20250502.xlsx - [generate_document.py:31]
2025-05-02 15:02:26 - my_bot - INFO - Документ создан: C:\проекты\бот_квитанции\data\files\Акт_аренда_45-34_ДубровскийДмитрийАлексеевич_20250502.xlsx - [generate_document.py:51]
2025-05-02 15:02:26 - my_bot - INFO - Запущена конвертация Excel → PDF (LibreOffice): C:\проекты\бот_квитанции\data\files\Акт_аренда_45-34_ДубровскийДмитрийАлексеевич_20250502.xlsx → C:\проекты\бот_квитанции\data\files\Акт_аренда_45-34_ДубровскийДмитрийАлексеевич_20250502.pdf - [excel_to_pdf.py:6]
2025-05-02 15:02:27 - my_bot - INFO - PDF успешно создан: C:\проекты\бот_квитанции\data\files\Акт_аренда_45-34_ДубровскийДмитрийАлексеевич_20250502.pdf - [excel_to_pdf.py:26]
2025-05-02 15:02:27 - my_bot - INFO - Генерация документа для 2 (16)... - [mass_otr.py:197]
2025-05-02 15:02:27 - my_bot - INFO - Сформировано имя файла: Акт_аренда_45-21_ТДВелес_20250502.xlsx - [generate_document.py:273]
2025-05-02 15:02:27 - my_bot - INFO - Начало генерации документа: Акт_аренда_45-21_ТДВелес_20250502.xlsx - [generate_document.py:31]
2025-05-02 15:02:27 - my_bot - INFO - Документ создан: C:\проекты\бот_квитанции\data\files\Акт_аренда_45-21_ТДВелес_20250502.xlsx - [generate_document.py:51]
2025-05-02 15:02:27 - my_bot - INFO - Запущена конвертация Excel → PDF (LibreOffice): C:\проекты\бот_квитанции\data\files\Акт_аренда_45-21_ТДВелес_20250502.xlsx → C:\проекты\бот_квитанции\data\files\Акт_аренда_45-21_ТДВелес_20250502.pdf - [excel_to_pdf.py:6]
2025-05-02 15:02:28 - my_bot - INFO - PDF успешно создан: C:\проекты\бот_квитанции\data\files\Акт_аренда_45-21_ТДВелес_20250502.pdf - [excel_to_pdf.py:26]
2025-05-02 15:02:31 - my_bot - INFO - Ответ на подтверждение отправки: ↩️ Назад - [mass_otr.py:118]
2025-05-02 15:02:31 - my_bot - INFO - Массовая рассылка отменена пользователем - [mass_otr.py:120]
2025-05-02 15:02:32 - my_bot - INFO - Пользователь 1374296012 запросил список арендаторов - [get_ten.py:66]
2025-05-02 15:02:34 - my_bot - INFO - Пользователь начал массовую рассылку - [mass_otr.py:28]
2025-05-02 15:02:43 - my_bot - INFO - Генерация документа для №1 (16)... - [mass_otr.py:197]
2025-05-02 15:02:43 - my_bot - INFO - Сформировано имя файла: Акт_аренда_45-21_ТДВелес_20250502.xlsx - [generate_document.py:273]
2025-05-02 15:02:43 - my_bot - INFO - Начало генерации документа: Акт_аренда_45-21_ТДВелес_20250502.xlsx - [generate_document.py:31]
2025-05-02 15:02:43 - my_bot - INFO - Документ создан: C:\проекты\бот_квитанции\data\files\Акт_аренда_45-21_ТДВелес_20250502.xlsx - [generate_document.py:51]
2025-05-02 15:02:43 - my_bot - INFO - Запущена конвертация Excel → PDF (LibreOffice): C:\проекты\бот_квитанции\data\files\Акт_аренда_45-21_ТДВелес_20250502.xlsx → C:\проекты\бот_квитанции\data\files\Акт_аренда_45-21_ТДВелес_20250502.pdf - [excel_to_pdf.py:6]
2025-05-02 15:02:44 - my_bot - INFO - PDF успешно создан: C:\проекты\бот_квитанции\data\files\Акт_аренда_45-21_ТДВелес_20250502.pdf - [excel_to_pdf.py:26]
2025-05-02 15:02:48 - my_bot - INFO - Ответ на подтверждение отправки: ↩️ Назад - [mass_otr.py:118]
2025-05-02 15:02:48 - my_bot - INFO - Массовая рассылка отменена пользователем - [mass_otr.py:120]
2025-05-02 15:02:49 - my_bot - INFO - Пользователь 1374296012 запросил список арендаторов - [get_ten.py:66]
2025-05-02 15:02:51 - my_bot - INFO - Пользователь начал массовую рассылку - [mass_otr.py:28]
2025-05-02 15:03:31 - my_bot - INFO - Starting bot... - [main.py:65]
2025-05-02 15:03:48 - my_bot - WARNING - Нераспознанное сообщение от 1374296012: Стоп - [main.py:57]
2025-05-02 15:03:49 - my_bot - INFO - Пользователь 1374296012 запросил список арендаторов - [get_ten.py:66]
2025-05-02 15:03:51 - my_bot - INFO - Пользователь начал массовую рассылку - [mass_otr.py:28]
2025-05-02 15:03:56 - my_bot - INFO - Генерация документа для №0 (15)... - [mass_otr.py:197]
2025-05-02 15:03:56 - my_bot - INFO - Сформировано имя файла: Акт_аренда_45-34_ДубровскийДмитрийАлексеевич_20250502.xlsx - [generate_document.py:273]
2025-05-02 15:03:56 - my_bot - INFO - Начало генерации документа: Акт_аренда_45-34_ДубровскийДмитрийАлексеевич_20250502.xlsx - [generate_document.py:31]
2025-05-02 15:03:56 - my_bot - INFO - Документ создан: C:\проекты\бот_квитанции\data\files\Акт_аренда_45-34_ДубровскийДмитрийАлексеевич_20250502.xlsx - [generate_document.py:51]
2025-05-02 15:03:56 - my_bot - INFO - Запущена конвертация Excel → PDF (LibreOffice): C:\проекты\бот_квитанции\data\files\Акт_аренда_45-34_ДубровскийДмитрийАлексеевич_20250502.xlsx → C:\проекты\бот_квитанции\data\files\Акт_аренда_45-34_ДубровскийДмитрийАлексеевич_20250502.pdf - [excel_to_pdf.py:6]
2025-05-02 15:03:57 - my_bot - INFO - PDF успешно создан: C:\проекты\бот_квитанции\data\files\Акт_аренда_45-34_ДубровскийДмитрийАлексеевич_20250502.pdf - [excel_to_pdf.py:26]
2025-05-02 15:03:57 - my_bot - INFO - Генерация документа для №1 (16)... - [mass_otr.py:197]
2025-05-02 15:03:57 - my_bot - INFO - Сформировано имя файла: Акт_аренда_45-21_ТДВелес_20250502.xlsx - [generate_document.py:273]
2025-05-02 15:03:57 - my_bot - INFO - Начало генерации документа: Акт_аренда_45-21_ТДВелес_20250502.xlsx - [generate_document.py:31]
2025-05-02 15:03:57 - my_bot - INFO - Документ создан: C:\проекты\бот_квитанции\data\files\Акт_аренда_45-21_ТДВелес_20250502.xlsx - [generate_document.py:51]
2025-05-02 15:03:57 - my_bot - INFO - Запущена конвертация Excel → PDF (LibreOffice): C:\проекты\бот_квитанции\data\files\Акт_аренда_45-21_ТДВелес_20250502.xlsx → C:\проекты\бот_квитанции\data\files\Акт_аренда_45-21_ТДВелес_20250502.pdf - [excel_to_pdf.py:6]
2025-05-02 15:03:58 - my_bot - INFO - PDF успешно создан: C:\проекты\бот_квитанции\data\files\Акт_аренда_45-21_ТДВелес_20250502.pdf - [excel_to_pdf.py:26]
2025-05-02 15:04:00 - my_bot - INFO - Ответ на подтверждение отправки: ↩️ Назад - [mass_otr.py:118]
2025-05-02 15:04:00 - my_bot - INFO - Массовая рассылка отменена пользователем - [mass_otr.py:120]
2025-05-02 15:04:02 - my_bot - INFO - Пользователь 1374296012 запросил список арендаторов - [get_ten.py:66]
2025-05-02 15:04:06 - my_bot - INFO - Пользователь начал массовую рассылку - [mass_otr.py:28]
2025-05-02 15:04:07 - my_bot - INFO - Выбраны арендаторы: [15, 16] - [mass_otr.py:42]
2025-05-02 15:04:09 - my_bot - INFO - Генерация документа для 1 (15)... - [mass_otr.py:197]
2025-05-02 15:04:09 - my_bot - INFO - Сформировано имя файла: Акт_аренда_45-34_ДубровскийДмитрийАлексеевич_20250502.xlsx - [generate_document.py:273]
2025-05-02 15:04:09 - my_bot - INFO - Начало генерации документа: Акт_аренда_45-34_ДубровскийДмитрийАлексеевич_20250502.xlsx - [generate_document.py:31]
2025-05-02 15:04:09 - my_bot - INFO - Документ создан: C:\проекты\бот_квитанции\data\files\Акт_аренда_45-34_ДубровскийДмитрийАлексеевич_20250502.xlsx - [generate_document.py:51]
2025-05-02 15:04:09 - my_bot - INFO - Запущена конвертация Excel → PDF (LibreOffice): C:\проекты\бот_квитанции\data\files\Акт_аренда_45-34_ДубровскийДмитрийАлексеевич_20250502.xlsx → C:\проекты\бот_квитанции\data\files\Акт_аренда_45-34_ДубровскийДмитрийАлексеевич_20250502.pdf - [excel_to_pdf.py:6]
2025-05-02 15:04:10 - my_bot - INFO - PDF успешно создан: C:\проекты\бот_квитанции\data\files\Акт_аренда_45-34_ДубровскийДмитрийАлексеевич_20250502.pdf - [excel_to_pdf.py:26]
2025-05-02 15:04:10 - my_bot - INFO - Генерация документа для 2 (16)... - [mass_otr.py:197]
2025-05-02 15:04:10 - my_bot - INFO - Сформировано имя файла: Акт_аренда_45-21_ТДВелес_20250502.xlsx - [generate_document.py:273]
2025-05-02 15:04:10 - my_bot - INFO - Начало генерации документа: Акт_аренда_45-21_ТДВелес_20250502.xlsx - [generate_document.py:31]
2025-05-02 15:04:10 - my_bot - INFO - Документ создан: C:\проекты\бот_квитанции\data\files\Акт_аренда_45-21_ТДВелес_20250502.xlsx - [generate_document.py:51]
2025-05-02 15:04:10 - my_bot - INFO - Запущена конвертация Excel → PDF (LibreOffice): C:\проекты\бот_квитанции\data\files\Акт_аренда_45-21_ТДВелес_20250502.xlsx → C:\проекты\бот_квитанции\data\files\Акт_аренда_45-21_ТДВелес_20250502.pdf - [excel_to_pdf.py:6]
2025-05-02 15:04:11 - my_bot - INFO - PDF успешно создан: C:\проекты\бот_квитанции\data\files\Акт_аренда_45-21_ТДВелес_20250502.pdf - [excel_to_pdf.py:26]
2025-05-02 15:06:50 - my_bot - INFO - Starting bot... - [main.py:65]
2025-05-02 15:06:56 - my_bot - WARNING - Нераспознанное сообщение от 1374296012: Корова - [main.py:57]
2025-05-02 15:06:58 - my_bot - INFO - Пользователь 1374296012 запросил список арендаторов - [get_ten.py:66]
2025-05-02 15:06:59 - my_bot - INFO - Пользователь начал массовую рассылку - [mass_otr.py:28]
2025-05-02 15:07:04 - my_bot - INFO - Генерация документа для №1 (15)... - [mass_otr.py:202]
2025-05-02 15:07:04 - my_bot - INFO - Сформировано имя файла: Акт_аренда_45-34_ДубровскийДмитрийАлексеевич_20250502.xlsx - [generate_document.py:273]
2025-05-02 15:07:04 - my_bot - INFO - Начало генерации документа: Акт_аренда_45-34_ДубровскийДмитрийАлексеевич_20250502.xlsx - [generate_document.py:31]
2025-05-02 15:07:04 - my_bot - INFO - Документ создан: C:\проекты\бот_квитанции\data\files\Акт_аренда_45-34_ДубровскийДмитрийАлексеевич_20250502.xlsx - [generate_document.py:51]
2025-05-02 15:07:04 - my_bot - INFO - Запущена конвертация Excel → PDF (LibreOffice): C:\проекты\бот_квитанции\data\files\Акт_аренда_45-34_ДубровскийДмитрийАлексеевич_20250502.xlsx → C:\проекты\бот_квитанции\data\files\Акт_аренда_45-34_ДубровскийДмитрийАлексеевич_20250502.pdf - [excel_to_pdf.py:6]
2025-05-02 15:07:05 - my_bot - INFO - PDF успешно создан: C:\проекты\бот_квитанции\data\files\Акт_аренда_45-34_ДубровскийДмитрийАлексеевич_20250502.pdf - [excel_to_pdf.py:26]
2025-05-02 15:07:05 - my_bot - INFO - Генерация документа для №2 (16)... - [mass_otr.py:202]
2025-05-02 15:07:05 - my_bot - INFO - Сформировано имя файла: Акт_аренда_45-21_ТДВелес_20250502.xlsx - [generate_document.py:273]
2025-05-02 15:07:05 - my_bot - INFO - Начало генерации документа: Акт_аренда_45-21_ТДВелес_20250502.xlsx - [generate_document.py:31]
2025-05-02 15:07:05 - my_bot - INFO - Документ создан: C:\проекты\бот_квитанции\data\files\Акт_аренда_45-21_ТДВелес_20250502.xlsx - [generate_document.py:51]
2025-05-02 15:07:05 - my_bot - INFO - Запущена конвертация Excel → PDF (LibreOffice): C:\проекты\бот_квитанции\data\files\Акт_аренда_45-21_ТДВелес_20250502.xlsx → C:\проекты\бот_квитанции\data\files\Акт_аренда_45-21_ТДВелес_20250502.pdf - [excel_to_pdf.py:6]
2025-05-02 15:07:06 - my_bot - INFO - PDF успешно создан: C:\проекты\бот_квитанции\data\files\Акт_аренда_45-21_ТДВелес_20250502.pdf - [excel_to_pdf.py:26]
2025-05-02 15:07:26 - my_bot - INFO - Ответ на подтверждение отправки: ↩️ Назад - [mass_otr.py:123]
2025-05-02 15:07:26 - my_bot - INFO - Массовая рассылка отменена пользователем - [mass_otr.py:125]
2025-05-02 16:13:16 - my_bot - INFO - Starting bot... - [main.py:65]
2025-05-02 16:13:43 - my_bot - INFO - Starting bot... - [main.py:65]
2025-05-02 16:13:53 - my_bot - INFO - [1374296012] /add_tenant - Начало добавления арендатора - [add_user.py:21]
2025-05-02 16:15:42 - my_bot - ERROR - [1374296012] Ошибка добавления: (1366, "Incorrect integer value: 'Индивидуальный предприниматель' for column 'type' at row 1") - [add_user.py:96]
2025-05-02 16:18:53 - my_bot - INFO - [1374296012] /add_tenant - Начало добавления арендатора - [add_user.py:21]
2025-05-02 16:24:21 - my_bot - INFO - Starting bot... - [main.py:64]
2025-05-02 16:51:07 - my_bot - INFO - Starting bot... - [main.py:64]
2025-05-02 16:51:12 - my_bot - INFO - Пользователь 1374296012 запросил список арендаторов - [get_ten.py:66]
2025-05-02 16:51:17 - my_bot - INFO - Пользователь 1374296012 запросил список арендаторов - [get_ten.py:66]
2025-05-02 16:51:22 - my_bot - ERROR - Ошибка БД: Пользователь с ID 1374296012 не найден - [generate_document.py:172]
2025-05-02 16:51:22 - my_bot - ERROR - Ошибка создания акта: Пользователь с ID 1374296012 не найден - [generate_document.py:311]
Traceback (most recent call last):
  File "c:\проекты\бот_квитанции\src\services\generate_document.py", line 248, in create_act
    db_data_user = await get_user_data(user_id)
                   ^^^^^^^^^^^^^^^^^^^^^^^^^^^^
  File "c:\проекты\бот_квитанции\src\services\generate_document.py", line 166, in get_user_data
    raise ValueError(f"Пользователь с ID {user_id} не найден")
ValueError: Пользователь с ID 1374296012 не найден
2025-05-02 16:51:22 - my_bot - ERROR - Document generation error: Пользователь с ID 1374296012 не найден - [document_handlers.py:234]
2025-05-02 16:52:15 - my_bot - INFO - Starting bot... - [main.py:64]
2025-05-02 16:52:16 - my_bot - WARNING - Нераспознанное сообщение от 1374296012: fjgf - [main.py:56]
2025-05-02 16:52:17 - my_bot - INFO - Пользователь 1374296012 запросил список арендаторов - [get_ten.py:66]
2025-05-02 16:52:19 - my_bot - INFO - Пользователь 1374296012 запросил список арендаторов - [get_ten.py:66]
2025-05-02 16:52:23 - my_bot - ERROR - Ошибка БД: Пользователь с ID 1374296012 не найден - [generate_document.py:172]
2025-05-02 16:52:23 - my_bot - ERROR - Ошибка создания акта: Пользователь с ID 1374296012 не найден - [generate_document.py:311]
Traceback (most recent call last):
  File "c:\проекты\бот_квитанции\src\services\generate_document.py", line 248, in create_act
    db_data_user = await get_user_data(user_id)
                   ^^^^^^^^^^^^^^^^^^^^^^^^^^^^
  File "c:\проекты\бот_квитанции\src\services\generate_document.py", line 166, in get_user_data
    raise ValueError(f"Пользователь с ID {user_id} не найден")
ValueError: Пользователь с ID 1374296012 не найден
2025-05-02 16:52:23 - my_bot - ERROR - Document generation error: Пользователь с ID 1374296012 не найден - [document_handlers.py:234]
2025-05-02 16:54:03 - my_bot - INFO - Starting bot... - [main.py:64]
2025-05-02 16:54:04 - my_bot - WARNING - Нераспознанное сообщение от 1374296012: fgxjg - [main.py:56]
2025-05-02 16:54:06 - my_bot - INFO - Пользователь 1374296012 запросил список арендаторов - [get_ten.py:66]
2025-05-02 16:54:07 - my_bot - INFO - Пользователь 1374296012 запросил список арендаторов - [get_ten.py:66]
2025-05-02 16:54:27 - my_bot - INFO - Сформировано имя файла: Акт_аренда_45-34_ДубровскийДмитрийАлексеевич_20250502.xlsx - [generate_document.py:302]
2025-05-02 16:54:27 - my_bot - INFO - Начало генерации документа: Акт_аренда_45-34_ДубровскийДмитрийАлексеевич_20250502.xlsx - [generate_document.py:31]
2025-05-02 16:54:27 - my_bot - INFO - Документ создан: C:\проекты\бот_квитанции\data\files\Акт_аренда_45-34_ДубровскийДмитрийАлексеевич_20250502.xlsx - [generate_document.py:51]
2025-05-02 16:54:54 - my_bot - ERROR - Ошибка генерации документов: create_act() missing 1 required positional argument: 'template_name' - [document_handlers.py:174]
2025-05-02 16:56:58 - my_bot - INFO - Starting bot... - [main.py:64]
2025-05-02 16:56:59 - my_bot - WARNING - Нераспознанное сообщение от 1374296012: ыапо - [main.py:56]
2025-05-02 16:57:00 - my_bot - INFO - Пользователь 1374296012 запросил список арендаторов - [get_ten.py:66]
2025-05-02 16:57:01 - my_bot - INFO - Пользователь 1374296012 запросил список арендаторов - [get_ten.py:66]
2025-05-02 16:57:15 - my_bot - INFO - Сформировано имя файла: Счет_за_аренду_45-34_ДубровскийДмитрийАлексеевич_20250502.xlsx - [generate_document.py:302]
2025-05-02 16:57:15 - my_bot - INFO - Начало генерации документа: Счет_за_аренду_45-34_ДубровскийДмитрийАлексеевич_20250502.xlsx - [generate_document.py:31]
2025-05-02 16:57:15 - my_bot - INFO - Документ создан: C:\проекты\бот_квитанции\data\files\Счет_за_аренду_45-34_ДубровскийДмитрийАлексеевич_20250502.xlsx - [generate_document.py:51]
2025-05-02 16:57:39 - my_bot - ERROR - Ошибка генерации документов: create_act() missing 1 required positional argument: 'tenant_id' - [document_handlers.py:141]
2025-05-02 16:58:56 - my_bot - INFO - Starting bot... - [main.py:64]
2025-05-02 16:58:56 - my_bot - WARNING - Нераспознанное сообщение от 1374296012: rhrth - [main.py:56]
2025-05-02 16:59:03 - my_bot - INFO - Пользователь 1374296012 запросил список арендаторов - [get_ten.py:66]
2025-05-02 16:59:18 - my_bot - INFO - Сформировано имя файла: Счет_за_аренду_45-34_ДубровскийДмитрийАлексеевич_20250502.xlsx - [generate_document.py:302]
2025-05-02 16:59:18 - my_bot - INFO - Начало генерации документа: Счет_за_аренду_45-34_ДубровскийДмитрийАлексеевич_20250502.xlsx - [generate_document.py:31]
2025-05-02 16:59:18 - my_bot - INFO - Документ создан: C:\проекты\бот_квитанции\data\files\Счет_за_аренду_45-34_ДубровскийДмитрийАлексеевич_20250502.xlsx - [generate_document.py:51]
2025-05-02 16:59:44 - my_bot - INFO - Сформировано имя файла: Акт_ком_услуги1_45-34_ДубровскийДмитрийАлексеевич_20250502.xlsx - [generate_document.py:302]
2025-05-02 16:59:44 - my_bot - INFO - Начало генерации документа: Акт_ком_услуги1_45-34_ДубровскийДмитрийАлексеевич_20250502.xlsx - [generate_document.py:31]
2025-05-02 16:59:44 - my_bot - INFO - Документ создан: C:\проекты\бот_квитанции\data\files\Акт_ком_услуги1_45-34_ДубровскийДмитрийАлексеевич_20250502.xlsx - [generate_document.py:51]
2025-05-02 16:59:44 - my_bot - INFO - Сформировано имя файла: Счет_за_электричество_45-34_ДубровскийДмитрийАлексеевич_20250502.xlsx - [generate_document.py:302]
2025-05-02 16:59:44 - my_bot - INFO - Начало генерации документа: Счет_за_электричество_45-34_ДубровскийДмитрийАлексеевич_20250502.xlsx - [generate_document.py:31]
2025-05-02 16:59:44 - my_bot - INFO - Документ создан: C:\проекты\бот_квитанции\data\files\Счет_за_электричество_45-34_ДубровскийДмитрийАлексеевич_20250502.xlsx - [generate_document.py:51]
2025-05-02 16:59:58 - my_bot - INFO - Сформировано имя файла: Счет_за_просрочку_45-34_ДубровскийДмитрийАлексеевич_20250502.xlsx - [generate_document.py:302]
2025-05-02 16:59:58 - my_bot - INFO - Начало генерации документа: Счет_за_просрочку_45-34_ДубровскийДмитрийАлексеевич_20250502.xlsx - [generate_document.py:31]
2025-05-02 16:59:58 - my_bot - INFO - Документ создан: C:\проекты\бот_квитанции\data\files\Счет_за_просрочку_45-34_ДубровскийДмитрийАлексеевич_20250502.xlsx - [generate_document.py:51]
2025-05-02 17:00:34 - my_bot - INFO - Пользователь 1374296012 запросил список арендаторов - [get_ten.py:66]
2025-05-02 17:00:36 - my_bot - INFO - Пользователь 1374296012 команда - /start - [main.py:20]
2025-05-02 17:01:42 - my_bot - INFO - Пользователь 1374296012 запросил список арендаторов - [get_ten.py:66]
2025-05-02 17:01:43 - my_bot - INFO - Пользователь начал массовую рассылку - [mass_otr.py:28]
2025-05-02 17:01:47 - my_bot - INFO - Выбраны арендаторы: [15, 16] - [mass_otr.py:42]
2025-05-02 17:01:49 - my_bot - INFO - Генерация документа для 1 (15)... - [mass_otr.py:202]
2025-05-02 17:01:49 - my_bot - ERROR - Ошибка генерации для 1 - [mass_otr.py:216]
Traceback (most recent call last):
  File "c:\проекты\бот_квитанции\src\handlers\mass_otr.py", line 203, in generate_documents
    xlsx_path = await create_act(tenant_id, template, custom_date=custom_date)
                      ~~~~~~~~~~^^^^^^^^^^^^^^^^^^^^^^^^^^^^^^^^^^^^^^^^^^^^^^
TypeError: create_act() missing 1 required positional argument: 'template_name'
2025-05-02 17:01:49 - my_bot - INFO - Генерация документа для 2 (16)... - [mass_otr.py:202]
2025-05-02 17:01:49 - my_bot - ERROR - Ошибка генерации для 2 - [mass_otr.py:216]
Traceback (most recent call last):
  File "c:\проекты\бот_квитанции\src\handlers\mass_otr.py", line 203, in generate_documents
    xlsx_path = await create_act(tenant_id, template, custom_date=custom_date)
                      ~~~~~~~~~~^^^^^^^^^^^^^^^^^^^^^^^^^^^^^^^^^^^^^^^^^^^^^^
TypeError: create_act() missing 1 required positional argument: 'template_name'
2025-05-02 17:04:48 - my_bot - INFO - Starting bot... - [main.py:64]
2025-05-02 17:04:48 - my_bot - WARNING - Нераспознанное сообщение от 1374296012: ↩️ Назад - [main.py:56]
2025-05-02 17:04:50 - my_bot - INFO - Пользователь 1374296012 запросил список арендаторов - [get_ten.py:66]
2025-05-02 17:04:51 - my_bot - INFO - Пользователь начал массовую рассылку - [mass_otr.py:28]
2025-05-02 17:04:52 - my_bot - INFO - Выбраны арендаторы: [15, 16] - [mass_otr.py:42]
2025-05-02 17:04:53 - my_bot - INFO - Генерация документа для 1 (15)... - [mass_otr.py:203]
2025-05-02 17:04:53 - my_bot - INFO - Сформировано имя файла: Акт_аренда_45-34_ДубровскийДмитрийАлексеевич_20250502.xlsx - [generate_document.py:302]
2025-05-02 17:04:53 - my_bot - INFO - Начало генерации документа: Акт_аренда_45-34_ДубровскийДмитрийАлексеевич_20250502.xlsx - [generate_document.py:31]
2025-05-02 17:04:53 - my_bot - INFO - Документ создан: C:\проекты\бот_квитанции\data\files\Акт_аренда_45-34_ДубровскийДмитрийАлексеевич_20250502.xlsx - [generate_document.py:51]
2025-05-02 17:04:53 - my_bot - INFO - Запущена конвертация Excel → PDF (LibreOffice): C:\проекты\бот_квитанции\data\files\Акт_аренда_45-34_ДубровскийДмитрийАлексеевич_20250502.xlsx → C:\проекты\бот_квитанции\data\files\Акт_аренда_45-34_ДубровскийДмитрийАлексеевич_20250502.pdf - [excel_to_pdf.py:6]
2025-05-02 17:04:54 - my_bot - INFO - PDF успешно создан: C:\проекты\бот_квитанции\data\files\Акт_аренда_45-34_ДубровскийДмитрийАлексеевич_20250502.pdf - [excel_to_pdf.py:26]
2025-05-02 17:04:54 - my_bot - INFO - Генерация документа для 2 (16)... - [mass_otr.py:203]
2025-05-02 17:04:54 - my_bot - INFO - Сформировано имя файла: Акт_аренда_45-21_ТДВелес_20250502.xlsx - [generate_document.py:302]
2025-05-02 17:04:54 - my_bot - INFO - Начало генерации документа: Акт_аренда_45-21_ТДВелес_20250502.xlsx - [generate_document.py:31]
2025-05-02 17:04:54 - my_bot - INFO - Документ создан: C:\проекты\бот_квитанции\data\files\Акт_аренда_45-21_ТДВелес_20250502.xlsx - [generate_document.py:51]
2025-05-02 17:04:54 - my_bot - INFO - Запущена конвертация Excel → PDF (LibreOffice): C:\проекты\бот_квитанции\data\files\Акт_аренда_45-21_ТДВелес_20250502.xlsx → C:\проекты\бот_квитанции\data\files\Акт_аренда_45-21_ТДВелес_20250502.pdf - [excel_to_pdf.py:6]
2025-05-02 17:04:55 - my_bot - INFO - PDF успешно создан: C:\проекты\бот_квитанции\data\files\Акт_аренда_45-21_ТДВелес_20250502.pdf - [excel_to_pdf.py:26]
2025-05-02 17:04:57 - my_bot - INFO - Ответ на подтверждение отправки: ↩️ Назад - [mass_otr.py:123]
2025-05-02 17:04:57 - my_bot - INFO - Массовая рассылка отменена пользователем - [mass_otr.py:125]
2025-05-02 17:05:01 - my_bot - INFO - Пользователь 1374296012 запросил список арендаторов - [get_ten.py:66]
2025-05-02 17:05:01 - my_bot - INFO - Пользователь начал массовую рассылку - [mass_otr.py:28]
2025-05-02 17:05:11 - my_bot - INFO - Генерация документа для №1 (15)... - [mass_otr.py:203]
2025-05-02 17:05:11 - my_bot - INFO - Сформировано имя файла: Акт_аренда_45-34_ДубровскийДмитрийАлексеевич_20250502.xlsx - [generate_document.py:302]
2025-05-02 17:05:11 - my_bot - INFO - Начало генерации документа: Акт_аренда_45-34_ДубровскийДмитрийАлексеевич_20250502.xlsx - [generate_document.py:31]
2025-05-02 17:05:12 - my_bot - INFO - Документ создан: C:\проекты\бот_квитанции\data\files\Акт_аренда_45-34_ДубровскийДмитрийАлексеевич_20250502.xlsx - [generate_document.py:51]
2025-05-02 17:05:12 - my_bot - INFO - Запущена конвертация Excel → PDF (LibreOffice): C:\проекты\бот_квитанции\data\files\Акт_аренда_45-34_ДубровскийДмитрийАлексеевич_20250502.xlsx → C:\проекты\бот_квитанции\data\files\Акт_аренда_45-34_ДубровскийДмитрийАлексеевич_20250502.pdf - [excel_to_pdf.py:6]
2025-05-02 17:05:12 - my_bot - INFO - PDF успешно создан: C:\проекты\бот_квитанции\data\files\Акт_аренда_45-34_ДубровскийДмитрийАлексеевич_20250502.pdf - [excel_to_pdf.py:26]
2025-05-02 17:05:12 - my_bot - INFO - Генерация документа для №2 (16)... - [mass_otr.py:203]
2025-05-02 17:05:12 - my_bot - INFO - Сформировано имя файла: Акт_аренда_45-21_ТДВелес_20250502.xlsx - [generate_document.py:302]
2025-05-02 17:05:12 - my_bot - INFO - Начало генерации документа: Акт_аренда_45-21_ТДВелес_20250502.xlsx - [generate_document.py:31]
2025-05-02 17:05:12 - my_bot - INFO - Документ создан: C:\проекты\бот_квитанции\data\files\Акт_аренда_45-21_ТДВелес_20250502.xlsx - [generate_document.py:51]
2025-05-02 17:05:12 - my_bot - INFO - Запущена конвертация Excel → PDF (LibreOffice): C:\проекты\бот_квитанции\data\files\Акт_аренда_45-21_ТДВелес_20250502.xlsx → C:\проекты\бот_квитанции\data\files\Акт_аренда_45-21_ТДВелес_20250502.pdf - [excel_to_pdf.py:6]
2025-05-02 17:05:13 - my_bot - INFO - PDF успешно создан: C:\проекты\бот_квитанции\data\files\Акт_аренда_45-21_ТДВелес_20250502.pdf - [excel_to_pdf.py:26]
2025-05-02 17:05:16 - my_bot - INFO - Ответ на подтверждение отправки: ↩️ Назад - [mass_otr.py:123]
2025-05-02 17:05:16 - my_bot - INFO - Массовая рассылка отменена пользователем - [mass_otr.py:125]
2025-05-02 17:15:23 - my_bot - INFO - Starting bot... - [main.py:64]
2025-05-02 17:16:01 - my_bot - INFO - Пользователь 1374296012 запросил список арендаторов - [get_ten.py:66]
2025-05-02 17:16:03 - my_bot - INFO - Пользователь 1374296012 запросил список арендаторов - [get_ten.py:66]
2025-05-02 17:16:08 - my_bot - INFO - Сформировано имя файла: Акт_аренда_45-34_ДубровскийДмитрийАлексеевич_20250502.xlsx - [generate_document.py:310]
2025-05-02 17:16:08 - my_bot - INFO - Начало генерации документа: Акт_аренда_45-34_ДубровскийДмитрийАлексеевич_20250502.xlsx - [generate_document.py:31]
2025-05-02 17:16:08 - my_bot - INFO - Документ создан: C:\проекты\бот_квитанции\data\files\Акт_аренда_45-34_ДубровскийДмитрийАлексеевич_20250502.xlsx - [generate_document.py:51]
2025-05-02 17:17:22 - my_bot - INFO - Starting bot... - [main.py:64]
2025-05-02 17:17:24 - my_bot - WARNING - Нераспознанное сообщение от 1374296012: ↩️ Назад - [main.py:56]
2025-05-02 17:17:25 - my_bot - INFO - Пользователь 1374296012 запросил список арендаторов - [get_ten.py:66]
2025-05-02 17:17:26 - my_bot - INFO - Пользователь 1374296012 запросил список арендаторов - [get_ten.py:66]
2025-05-02 17:17:42 - my_bot - INFO - Сформировано имя файла: Акт_аренда_45-34_ДубровскийДмитрийАлексеевич_20250502.xlsx - [generate_document.py:311]
2025-05-02 17:17:42 - my_bot - INFO - Начало генерации документа: Акт_аренда_45-34_ДубровскийДмитрийАлексеевич_20250502.xlsx - [generate_document.py:31]
2025-05-02 17:17:42 - my_bot - INFO - Документ создан: C:\проекты\бот_квитанции\data\files\Акт_аренда_45-34_ДубровскийДмитрийАлексеевич_20250502.xlsx - [generate_document.py:51]
2025-05-02 17:19:15 - my_bot - INFO - Пользователь 1374296012 запросил список арендаторов - [get_ten.py:66]
2025-05-02 17:19:23 - my_bot - INFO - Пользователь 1374296012 команда - /start - [main.py:20]
2025-05-02 18:28:57 - my_bot - INFO - Starting bot... - [main.py:89]
2025-05-02 18:29:04 - my_bot - INFO - Пользователь 1374296012 команда - /start - [main.py:16]
2025-05-02 18:29:09 - my_bot - WARNING - Нераспознанное сообщение от 1374296012: Профиль - [main.py:81]
2025-05-02 18:41:27 - my_bot - INFO - Starting bot... - [main.py:89]
2025-05-02 18:42:05 - my_bot - INFO - Пользователь 1374296012 команда - /start - [main.py:16]
2025-05-02 18:42:05 - my_bot - INFO - User 1374296012 initiated tenant addition process - [add_user.py:13]
2025-05-02 18:43:38 - my_bot - INFO - User 1374296012 successfully added tenant: {'name': 'Дубровский Дмитрий Алексеевич', 'type': 'Индивидуальный предприниматель', 'inn': '1234567891', 'adr': 'Ул образцова д 3', 'recw_inf': '27727272727363'} - [add_user.py:121]
2025-05-02 18:43:43 - my_bot - WARNING - Нераспознанное сообщение от 1374296012: Профиль - [main.py:81]
2025-05-02 19:32:20 - my_bot - INFO - Starting bot... - [main.py:89]
2025-05-02 19:32:20 - my_bot - INFO - Пользователь 1374296012 команда - /start - [main.py:16]
2025-05-02 19:32:20 - my_bot - INFO - User 1374296012 initiated tenant addition process - [add_user.py:13]
2025-05-02 19:33:24 - my_bot - ERROR - Error adding tenant by user 1374296012: (1054, "Unknown column 'adr' in 'field list'") - [add_user.py:124]
2025-05-02 19:34:06 - my_bot - INFO - Starting bot... - [main.py:89]
2025-05-02 19:34:07 - my_bot - INFO - Пользователь 1374296012 команда - /start - [main.py:16]
2025-05-02 19:34:07 - my_bot - INFO - User 1374296012 initiated tenant addition process - [add_user.py:13]
2025-05-02 19:34:29 - my_bot - INFO - User 1374296012 successfully added tenant: {'name': 'Дубровский Дмитрий Алексеевич', 'type': 'Индивидуальный предприниматель', 'inn': '12938373728', 'recw_inf': "р/с 40702810611010583455 БИК 044525058 в Филиал 'БИЗНЕС'ПАО 'СОВКОМБАНК' к/с 30101810045250000058"} - [add_user.py:116]
2025-05-02 19:47:53 - my_bot - INFO - Starting bot... - [main.py:89]
2025-05-02 19:47:55 - my_bot - INFO - Пользователь 1374296012 запросил список арендаторов - [get_ten.py:66]
2025-05-02 19:47:58 - my_bot - INFO - User 1374296012 initiated tenant addition process - [add_user.py:13]
2025-05-02 19:48:38 - my_bot - INFO - User 1374296012 successfully added tenant: {'tenant_ids': [15, 16], 'name': 'Дубровский Дмитрий Алексеевич', 'type': 'Индивидуальный предприниматель', 'inn': '1836362882', 'recw_inf': "р/с 40702810611010583455 БИК 044525058 в Филиал 'БИЗНЕС'ПАО 'СОВКОМБАНК' к/с 30101810045250000058"} - [add_user.py:116]
2025-05-02 19:48:51 - my_bot - INFO - Пользователь 1374296012 запросил список арендаторов - [get_ten.py:66]
2025-05-02 19:48:52 - my_bot - INFO - User 1374296012 initiated tenant addition process - [add_user.py:13]
2025-05-02 19:50:24 - my_bot - INFO - Starting bot... - [main.py:89]
2025-05-02 19:50:26 - my_bot - WARNING - Нераспознанное сообщение от 1374296012: Вора - [main.py:81]
2025-05-02 19:50:27 - my_bot - INFO - Пользователь 1374296012 запросил список арендаторов - [get_ten.py:66]
2025-05-02 19:50:30 - my_bot - INFO - [1374296012] /add_tenant - Начало добавления арендатора - [add_tenant.py:19]
2025-05-02 19:53:43 - my_bot - INFO - Пользователь 1374296012 запросил список арендаторов - [get_ten.py:66]
2025-05-02 19:54:11 - my_bot - INFO - Starting bot... - [main.py:89]
2025-05-02 19:54:31 - my_bot - INFO - Пользователь 1374296012 запросил список арендаторов - [get_ten.py:66]
2025-05-02 19:55:08 - my_bot - INFO - Пользователь 1374296012 запросил список арендаторов - [get_ten.py:66]
2025-05-02 19:56:36 - my_bot - INFO - Starting bot... - [main.py:89]
2025-05-02 19:57:32 - my_bot - INFO - Starting bot... - [main.py:90]
2025-05-02 19:57:33 - my_bot - INFO - Пользователь 1374296012 команда - /start - [main.py:16]
2025-05-02 19:59:38 - my_bot - INFO - Пользователь 1374296012 запросил список арендаторов - [get_ten.py:65]
2025-05-02 19:59:45 - my_bot - ERROR - Ошибка БД: (1054, "Unknown column 'adr' in 'field list'") - [generate_document.py:145]
2025-05-02 19:59:45 - my_bot - ERROR - Ошибка создания акта: (1054, "Unknown column 'adr' in 'field list'") - [generate_document.py:320]
Traceback (most recent call last):
  File "c:\проекты\бот_квитанции\src\services\generate_document.py", line 247, in create_act
    db_data_ten = await get_tenant_data(tenant_id)
                  ^^^^^^^^^^^^^^^^^^^^^^^^^^^^^^^^
  File "c:\проекты\бот_квитанции\src\services\generate_document.py", line 131, in get_tenant_data
    await cursor.execute(
    ...<4 lines>...
    )
  File "C:\Users\mitan\AppData\Local\Programs\Python\Python313\Lib\site-packages\aiomysql\cursors.py", line 239, in execute
    await self._query(query)
  File "C:\Users\mitan\AppData\Local\Programs\Python\Python313\Lib\site-packages\aiomysql\cursors.py", line 457, in _query
    await conn.query(q)
  File "C:\Users\mitan\AppData\Local\Programs\Python\Python313\Lib\site-packages\aiomysql\connection.py", line 469, in query
    await self._read_query_result(unbuffered=unbuffered)
  File "C:\Users\mitan\AppData\Local\Programs\Python\Python313\Lib\site-packages\aiomysql\connection.py", line 683, in _read_query_result
    await result.read()
  File "C:\Users\mitan\AppData\Local\Programs\Python\Python313\Lib\site-packages\aiomysql\connection.py", line 1164, in read
    first_packet = await self.connection._read_packet()
                   ^^^^^^^^^^^^^^^^^^^^^^^^^^^^^^^^^^^^
  File "C:\Users\mitan\AppData\Local\Programs\Python\Python313\Lib\site-packages\aiomysql\connection.py", line 652, in _read_packet
    packet.raise_for_error()
    ~~~~~~~~~~~~~~~~~~~~~~^^
  File "C:\Users\mitan\AppData\Local\Programs\Python\Python313\Lib\site-packages\pymysql\protocol.py", line 219, in raise_for_error
    err.raise_mysql_exception(self._data)
    ~~~~~~~~~~~~~~~~~~~~~~~~~^^^^^^^^^^^^
  File "C:\Users\mitan\AppData\Local\Programs\Python\Python313\Lib\site-packages\pymysql\err.py", line 150, in raise_mysql_exception
    raise errorclass(errno, errval)
pymysql.err.OperationalError: (1054, "Unknown column 'adr' in 'field list'")
2025-05-02 19:59:45 - my_bot - ERROR - Document generation error: (1054, "Unknown column 'adr' in 'field list'") - [document_handlers.py:238]
2025-05-02 20:00:20 - my_bot - INFO - Starting bot... - [main.py:89]
2025-05-02 20:00:23 - my_bot - WARNING - Нераспознанное сообщение от 1374296012: ↩️ Назад - [main.py:81]
2025-05-02 20:00:25 - my_bot - INFO - Пользователь 1374296012 запросил список арендаторов - [get_ten.py:65]
2025-05-02 20:00:28 - my_bot - INFO - Пользователь 1374296012 запросил список арендаторов - [get_ten.py:65]
2025-05-02 20:00:34 - my_bot - INFO - Сформировано имя файла: Акт_аренда_45-34_ДубровскийДмитрийАлексеевич_20250502.xlsx - [generate_document.py:311]
2025-05-02 20:00:34 - my_bot - INFO - Начало генерации документа: Акт_аренда_45-34_ДубровскийДмитрийАлексеевич_20250502.xlsx - [generate_document.py:31]
2025-05-02 20:00:34 - my_bot - INFO - Документ создан: C:\проекты\бот_квитанции\data\files\Акт_аренда_45-34_ДубровскийДмитрийАлексеевич_20250502.xlsx - [generate_document.py:51]
2025-05-02 20:00:58 - my_bot - INFO - Пользователь 1374296012 запросил список арендаторов - [get_ten.py:65]
2025-05-02 20:00:59 - my_bot - INFO - Пользователь 1374296012 запросил список арендаторов - [get_ten.py:65]
2025-05-02 20:01:04 - my_bot - INFO - Сформировано имя файла: Акт_аренда_12-27_ДубровскийДмитрийАлексеевич_20250502.xlsx - [generate_document.py:311]
2025-05-02 20:01:04 - my_bot - INFO - Начало генерации документа: Акт_аренда_12-27_ДубровскийДмитрийАлексеевич_20250502.xlsx - [generate_document.py:31]
2025-05-02 20:01:04 - my_bot - INFO - Документ создан: C:\проекты\бот_квитанции\data\files\Акт_аренда_12-27_ДубровскийДмитрийАлексеевич_20250502.xlsx - [generate_document.py:51]
2025-05-02 21:16:59 - my_bot - INFO - Starting bot... - [main.py:89]
2025-05-02 21:17:01 - my_bot - WARNING - Нераспознанное сообщение от 1374296012: ↩️ Назад - [main.py:81]
2025-05-02 21:17:03 - my_bot - INFO - Пользователь 1374296012 запросил список арендаторов - [get_ten.py:65]
2025-05-02 21:17:05 - my_bot - INFO - Пользователь 1374296012 запросил список арендаторов - [get_ten.py:65]
2025-05-02 21:17:14 - my_bot - INFO - Сформировано имя файла: Счет_за_аренду_12-27_ДубровскийДмитрийАлексеевич_20250502.xlsx - [generate_document.py:317]
2025-05-02 21:17:14 - my_bot - INFO - Начало генерации документа: Счет_за_аренду_12-27_ДубровскийДмитрийАлексеевич_20250502.xlsx - [generate_document.py:31]
2025-05-02 21:17:14 - my_bot - INFO - Документ создан: C:\проекты\бот_квитанции\data\files\Счет_за_аренду_12-27_ДубровскийДмитрийАлексеевич_20250502.xlsx - [generate_document.py:51]
2025-05-02 21:18:50 - my_bot - INFO - Starting bot... - [main.py:89]
2025-05-02 21:18:51 - my_bot - WARNING - Нераспознанное сообщение от 1374296012: ↩️ Назад - [main.py:81]
2025-05-02 21:18:53 - my_bot - INFO - Пользователь 1374296012 запросил список арендаторов - [get_ten.py:65]
2025-05-02 21:18:54 - my_bot - INFO - Пользователь 1374296012 запросил список арендаторов - [get_ten.py:65]
2025-05-02 21:19:04 - my_bot - INFO - Сформировано имя файла: Счет_за_аренду_12-27_ДубровскийДмитрийАлексеевич_20250502.xlsx - [generate_document.py:317]
2025-05-02 21:19:04 - my_bot - INFO - Начало генерации документа: Счет_за_аренду_12-27_ДубровскийДмитрийАлексеевич_20250502.xlsx - [generate_document.py:31]
2025-05-02 21:19:04 - my_bot - INFO - Документ создан: C:\проекты\бот_квитанции\data\files\Счет_за_аренду_12-27_ДубровскийДмитрийАлексеевич_20250502.xlsx - [generate_document.py:51]
2025-05-02 21:25:47 - my_bot - INFO - Starting bot... - [main.py:89]
2025-05-02 21:25:53 - my_bot - WARNING - Нераспознанное сообщение от 1374296012: ↩️ Назад - [main.py:81]
2025-05-02 21:25:55 - my_bot - INFO - Пользователь 1374296012 запросил список арендаторов - [get_ten.py:65]
2025-05-02 21:26:03 - my_bot - WARNING - Нераспознанное сообщение от 1374296012: 3 - [main.py:81]
2025-05-02 21:26:09 - my_bot - INFO - Пользователь 1374296012 запросил список арендаторов - [get_ten.py:65]
2025-05-02 21:26:10 - my_bot - INFO - Пользователь 1374296012 запросил список арендаторов - [get_ten.py:65]
2025-05-02 21:26:17 - my_bot - INFO - Сформировано имя файла: Акт_аренда_45-34_ДубровскийДмитрийАлексеевич_20250502.xlsx - [generate_document.py:317]
2025-05-02 21:26:17 - my_bot - INFO - Начало генерации документа: Акт_аренда_45-34_ДубровскийДмитрийАлексеевич_20250502.xlsx - [generate_document.py:31]
2025-05-02 21:26:17 - my_bot - INFO - Документ создан: C:\проекты\бот_квитанции\data\files\Акт_аренда_45-34_ДубровскийДмитрийАлексеевич_20250502.xlsx - [generate_document.py:51]
2025-05-02 21:26:45 - my_bot - INFO - Пользователь 1374296012 запросил список арендаторов - [get_ten.py:65]
2025-05-02 21:26:47 - my_bot - INFO - [1374296012] /add_tenant - Начало добавления арендатора - [add_tenant.py:19]
2025-05-02 21:27:42 - my_bot - INFO - Starting bot... - [main.py:89]
2025-05-02 21:27:45 - my_bot - WARNING - Нераспознанное сообщение от 1374296012: ghth - [main.py:81]
2025-05-02 21:27:48 - my_bot - INFO - Пользователь 1374296012 запросил список арендаторов - [get_ten.py:65]
2025-05-02 21:27:50 - my_bot - INFO - [1374296012] /add_tenant - Начало добавления арендатора - [add_tenant.py:19]
2025-05-02 21:30:31 - my_bot - INFO - Пользователь 1374296012 команда - /start - [main.py:16]
2025-05-02 21:30:31 - my_bot - INFO - User 1374296012 initiated tenant addition process - [add_user.py:13]
2025-05-02 21:33:23 - my_bot - INFO - User 1374296012 successfully added tenant: {'name': 'Пупкин Иван Николаевич', 'type': 'Индивидуальный предприниматель', 'inn': '09873537538', 'recw_inf': 'р/с 7437357345 БИК 2532634737 в ПАО ВТБ г. Москва к/с 9496947647'} - [add_user.py:116]
2025-05-02 21:33:25 - my_bot - INFO - Пользователь 1374296012 запросил список арендаторов - [get_ten.py:65]
2025-05-02 21:33:28 - my_bot - INFO - Пользователь 1374296012 запросил список арендаторов - [get_ten.py:65]
2025-05-02 21:33:41 - my_bot - INFO - Сформировано имя файла: Счет_за_аренду_34-23_МелякинИванВладимирович_20250502.xlsx - [generate_document.py:318]
2025-05-02 21:33:41 - my_bot - INFO - Начало генерации документа: Счет_за_аренду_34-23_МелякинИванВладимирович_20250502.xlsx - [generate_document.py:31]
2025-05-02 21:33:41 - my_bot - INFO - Документ создан: C:\проекты\бот_квитанции\data\files\Счет_за_аренду_34-23_МелякинИванВладимирович_20250502.xlsx - [generate_document.py:51]
2025-05-02 21:35:47 - my_bot - INFO - Пользователь 1374296012 запросил список арендаторов - [get_ten.py:65]
2025-05-02 23:04:56 - my_bot - INFO - Starting bot... - [main.py:89]
2025-05-02 23:05:21 - my_bot - INFO - Пользователь 1374296012 команда - /start - [main.py:16]
2025-05-02 23:05:21 - my_bot - INFO - User 1374296012 initiated tenant addition process - [add_user.py:13]
2025-05-02 23:07:11 - my_bot - INFO - User 1374296012 successfully added tenant: {'name': 'Дубровский Дмитрий Алексеевич', 'type': 'Индивидуальный предприниматель', 'inn': '12345675345', 'recw_inf': "р/с 40702810611010583455 БИК 044525058 в Филиал 'БИЗНЕС'ПАО 'СОВКОМБАНК' к/с 30101810045250000058"} - [add_user.py:116]
2025-05-02 23:07:50 - my_bot - INFO - Пользователь 1374296012 запросил список арендаторов - [get_ten.py:65]
2025-05-02 23:08:19 - my_bot - INFO - [1374296012] /add_tenant - Начало добавления арендатора - [add_tenant.py:19]
2025-05-02 23:09:53 - my_bot - ERROR - [1374296012] Ошибка добавления: (1406, "Data too long for column 'inn' at row 1") - [add_tenant.py:228]
2025-05-02 23:10:21 - my_bot - INFO - [1374296012] /add_tenant - Начало добавления арендатора - [add_tenant.py:19]
2025-05-02 23:11:22 - my_bot - INFO - Пользователь 1374296012 запросил список арендаторов - [get_ten.py:65]
2025-05-02 23:11:29 - my_bot - INFO - Пользователь 1374296012 запросил список арендаторов - [get_ten.py:65]
2025-05-02 23:11:56 - my_bot - INFO - Сформировано имя файла: Счет_за_аренду_46-57_МелякинИванВладимирович_20250502.xlsx - [generate_document.py:318]
2025-05-02 23:11:56 - my_bot - INFO - Начало генерации документа: Счет_за_аренду_46-57_МелякинИванВладимирович_20250502.xlsx - [generate_document.py:31]
2025-05-02 23:11:56 - my_bot - INFO - Документ создан: C:\проекты\бот_квитанции\data\files\Счет_за_аренду_46-57_МелякинИванВладимирович_20250502.xlsx - [generate_document.py:51]
2025-05-02 23:13:16 - my_bot - INFO - Запущена конвертация Excel → PDF (LibreOffice): C:\проекты\бот_квитанции\data\files\Счет_за_аренду_46-57_МелякинИванВладимирович_20250502.xlsx → C:\проекты\бот_квитанции\data\files\Счет_за_аренду_46-57_МелякинИванВладимирович_20250502.pdf - [excel_to_pdf.py:6]
2025-05-02 23:13:17 - my_bot - INFO - PDF успешно создан: C:\проекты\бот_квитанции\data\files\Счет_за_аренду_46-57_МелякинИванВладимирович_20250502.pdf - [excel_to_pdf.py:26]
2025-05-02 23:13:17 - my_bot - INFO - Начало отправки email на mitanemita5@gmail.com - [email_sender.py:9]
2025-05-02 23:13:20 - my_bot - INFO - Email успешно отправлен на mitanemita5@gmail.com - [email_sender.py:28]
2025-05-03 13:55:50 - my_bot - INFO - Starting bot... - [main.py:89]
2025-05-03 13:55:54 - my_bot - WARNING - Нераспознанное сообщение от 1374296012: ↩️ Назад - [main.py:81]
2025-05-03 13:55:57 - my_bot - WARNING - Нераспознанное сообщение от 1374296012: Профиль - [main.py:81]
2025-05-03 14:00:30 - my_bot - INFO - Starting bot... - [main.py:89]
2025-05-03 14:00:42 - my_bot - WARNING - Нераспознанное сообщение от 1374296012: ↩️ Назад - [main.py:81]
2025-05-03 14:00:44 - my_bot - INFO - User 1374296012 requested profile - [profile.py:27]
2025-05-03 14:04:16 - my_bot - INFO - Starting bot... - [main.py:89]
2025-05-03 14:04:39 - my_bot - WARNING - Нераспознанное сообщение от 1374296012: Профиль - [main.py:81]
2025-05-03 14:04:44 - my_bot - WARNING - Нераспознанное сообщение от 1374296012: Профиль - [main.py:81]
2025-05-03 14:05:22 - my_bot - INFO - Starting bot... - [main.py:89]
2025-05-03 14:05:31 - my_bot - INFO - User 1374296012 requested profile - [profile.py:27]
2025-05-03 14:06:32 - my_bot - INFO - Starting bot... - [main.py:89]
2025-05-03 14:06:34 - my_bot - INFO - User 1374296012 requested profile - [profile.py:27]
2025-05-03 14:10:44 - my_bot - INFO - Starting bot... - [main.py:89]
2025-05-03 14:10:45 - my_bot - INFO - User 1374296012 requested profile - [profile.py:27]
2025-05-03 14:11:37 - my_bot - INFO - User 1374296012 requested profile - [profile.py:27]
2025-05-03 14:11:51 - my_bot - INFO - User 1374296012 requested profile - [profile.py:27]
2025-05-03 14:16:26 - my_bot - INFO - Starting bot... - [main.py:89]
2025-05-03 14:16:41 - my_bot - WARNING - Нераспознанное сообщение от 1374296012: ↩️ Назад - [main.py:81]
2025-05-03 14:16:42 - my_bot - INFO - User 1374296012 requested profile - [profile.py:27]
2025-05-03 14:19:18 - my_bot - INFO - User 1374296012 requested profile - [profile.py:27]
2025-05-03 14:19:24 - my_bot - INFO - User 1374296012 requested profile - [profile.py:27]
2025-05-03 14:19:37 - my_bot - INFO - User 1374296012 requested profile - [profile.py:27]
2025-05-03 15:10:40 - my_bot - INFO - Starting bot... - [main.py:94]
2025-05-03 15:11:51 - my_bot - INFO - User 1374296012 requested profile - [profile.py:27]
2025-05-03 15:17:35 - my_bot - INFO - User 1374296012 requested profile - [profile.py:27]
2025-05-03 15:17:35 - my_bot - ERROR - Date parsing error: 4 - [profile.py:39]
2025-05-03 15:18:28 - my_bot - INFO - Starting bot... - [main.py:94]
2025-05-03 15:18:29 - my_bot - WARNING - Нераспознанное сообщение от 1374296012: ↩️ Назад - [main.py:86]
2025-05-03 15:18:30 - my_bot - INFO - User 1374296012 requested profile - [profile.py:27]
2025-05-05 15:19:47 - my_bot - INFO - User 1374296012 requested profile - [profile.py:27]
2025-05-03 15:21:28 - my_bot - INFO - Starting bot... - [main.py:94]
2025-05-05 15:21:41 - my_bot - INFO - Starting bot... - [main.py:94]
2025-05-05 15:21:42 - my_bot - WARNING - Нераспознанное сообщение от 1374296012: ↩️ Назад - [main.py:86]
2025-05-05 15:21:43 - my_bot - INFO - User 1374296012 requested profile - [profile.py:27]
2025-05-05 15:22:12 - my_bot - INFO - User 1374296012 requested profile - [profile.py:27]
2025-05-03 15:23:35 - my_bot - INFO - Starting bot... - [main.py:98]
2025-05-03 15:23:38 - my_bot - WARNING - Нераспознанное сообщение от 1374296012: ↩️ Назад - [main.py:90]
2025-05-03 15:23:41 - my_bot - INFO - User 1374296012 requested profile - [profile.py:27]
2025-05-03 15:38:26 - my_bot - INFO - Starting bot... - [main.py:101]
2025-05-03 15:45:36 - my_bot - INFO - Starting bot... - [main.py:99]
2025-05-03 15:45:41 - my_bot - WARNING - Нераспознанное сообщение от 1374296012: ↩️ Назад - [main.py:89]
2025-05-03 15:45:43 - my_bot - INFO - User 1374296012 requested profile - [profile.py:27]
2025-05-04 00:24:29 - my_bot - INFO - Starting bot... - [main.py:106]
2025-05-04 00:24:30 - my_bot - WARNING - Нераспознанное сообщение от 1374296012: ↩️ Назад - [main.py:96]
2025-05-04 00:24:31 - my_bot - INFO - User 1374296012 requested profile - [profile.py:27]
2025-05-04 00:24:50 - my_bot - INFO - Обновлено подписок: 0 - [database.py:31]
2025-05-04 00:29:53 - my_bot - INFO - Starting bot... - [main.py:106]
2025-05-04 00:29:54 - my_bot - INFO - Запуск задания по сбросу подписок - [database.py:23]
2025-05-04 00:29:54 - my_bot - INFO - ✅ Обновлено записей: 0 - [database.py:38]
2025-05-04 00:29:54 - my_bot - ERROR - 🚨 Ошибка закрытия соединения: object NoneType can't be used in 'await' expression - [database.py:48]
2025-05-04 00:31:06 - my_bot - INFO - Starting bot... - [main.py:106]
2025-05-04 00:31:09 - my_bot - INFO - Запуск задания по сбросу подписок - [database.py:23]
2025-05-04 00:31:09 - my_bot - INFO - ✅ Обновлено записей: 0 - [database.py:38]
2025-05-04 01:51:36 - my_bot - INFO - Starting bot... - [main.py:112]
2025-05-04 01:51:36 - my_bot - INFO - Инициализация планировщика - [main.py:15]
2025-05-04 01:51:36 - my_bot - INFO - Планировщик успешно запущен - [main.py:24]
2025-05-03 17:40:18 - my_bot - INFO - Starting bot... - [main.py:112]
2025-05-03 17:40:18 - my_bot - INFO - Инициализация планировщика - [main.py:15]
2025-05-03 17:40:18 - my_bot - INFO - Планировщик успешно запущен - [main.py:24]
2025-05-03 17:41:00 - my_bot - INFO - Запуск задания по сбросу подписок - [database.py:23]
2025-05-03 17:41:00 - my_bot - INFO - ✅ Обновлено записей: 0 - [database.py:38]
2025-05-03 17:42:07 - my_bot - INFO - Starting bot... - [main.py:112]
2025-05-03 17:42:07 - my_bot - INFO - Инициализация планировщика - [main.py:15]
2025-05-03 17:42:07 - my_bot - INFO - Планировщик успешно запущен - [main.py:24]
2025-05-03 17:42:09 - my_bot - INFO - User 1374296012 requested profile - [profile.py:27]
2025-05-03 17:45:00 - my_bot - INFO - Запуск задания по сбросу подписок - [database.py:23]
2025-05-03 17:45:00 - my_bot - INFO - ✅ Обновлено записей: 1 - [database.py:38]
2025-05-03 17:45:06 - my_bot - INFO - User 1374296012 requested profile - [profile.py:27]
2025-05-03 17:47:26 - my_bot - INFO - Starting bot... - [main.py:112]
2025-05-03 17:47:26 - my_bot - INFO - Инициализация планировщика - [main.py:15]
2025-05-03 17:47:26 - my_bot - INFO - Планировщик успешно запущен - [main.py:24]
2025-05-03 18:13:19 - my_bot - INFO - Starting bot... - [main.py:114]
2025-05-03 18:13:19 - my_bot - INFO - Инициализация планировщика - [main.py:15]
2025-05-03 18:13:19 - my_bot - INFO - Планировщик успешно запущен - [main.py:24]
2025-05-03 18:13:38 - my_bot - WARNING - Нераспознанное сообщение от 1374296012: ↩️ Назад - [main.py:104]
2025-05-03 18:13:47 - my_bot - INFO - Пользователь 1374296012 команда - /start - [main.py:39]
2025-05-03 18:13:47 - my_bot - INFO - User 1374296012 initiated tenant addition process - [add_user.py:13]
2025-05-03 18:14:16 - my_bot - ERROR - Error adding tenant by user 1374296012: (1452, 'Cannot add or update a child row: a foreign key constraint fails (`kwit_bot`.`user_details`, CONSTRAINT `user_details_ibfk_1` FOREIGN KEY (`user_id`) REFERENCES `users` (`id`) ON DELETE CASCADE)') - [add_user.py:129]
2025-05-03 18:15:52 - my_bot - INFO - Starting bot... - [main.py:114]
2025-05-03 18:15:52 - my_bot - INFO - Инициализация планировщика - [main.py:15]
2025-05-03 18:15:52 - my_bot - INFO - Планировщик успешно запущен - [main.py:24]
2025-05-03 18:16:41 - my_bot - INFO - Starting bot... - [main.py:114]
2025-05-03 18:16:41 - my_bot - INFO - Инициализация планировщика - [main.py:15]
2025-05-03 18:16:41 - my_bot - INFO - Планировщик успешно запущен - [main.py:24]
2025-05-03 18:17:00 - my_bot - INFO - Пользователь 1374296012 команда - /start - [main.py:39]
2025-05-03 18:17:00 - my_bot - INFO - User 1374296012 initiated tenant addition process - [add_user.py:13]
2025-05-03 18:17:25 - my_bot - ERROR - Error adding tenant by user 1374296012: (1054, "Unknown column 'host_id' in 'field list'") - [add_user.py:130]
2025-05-03 18:18:03 - my_bot - INFO - Starting bot... - [main.py:114]
2025-05-03 18:18:03 - my_bot - INFO - Инициализация планировщика - [main.py:15]
2025-05-03 18:18:03 - my_bot - INFO - Планировщик успешно запущен - [main.py:24]
2025-05-03 18:18:06 - my_bot - INFO - Пользователь 1374296012 команда - /start - [main.py:39]
2025-05-03 18:18:06 - my_bot - INFO - User 1374296012 initiated tenant addition process - [add_user.py:13]
2025-05-03 18:18:29 - my_bot - ERROR - Error adding tenant by user 1374296012: not enough arguments for format string - [add_user.py:130]
2025-05-03 18:26:42 - my_bot - INFO - Starting bot... - [main.py:114]
2025-05-03 18:26:42 - my_bot - INFO - Инициализация планировщика - [main.py:15]
2025-05-03 18:26:42 - my_bot - INFO - Планировщик успешно запущен - [main.py:24]
2025-05-03 18:26:58 - my_bot - INFO - Пользователь 1374296012 команда - /start - [main.py:39]
2025-05-03 18:26:58 - my_bot - INFO - User 1374296012 initiated tenant addition process - [add_user.py:13]
2025-05-03 18:27:21 - my_bot - ERROR - Error adding tenant by user 1374296012: not enough arguments for format string - [add_user.py:130]
2025-05-03 18:36:38 - my_bot - INFO - Starting bot... - [main.py:114]
2025-05-03 18:36:38 - my_bot - INFO - Инициализация планировщика - [main.py:15]
2025-05-03 18:36:38 - my_bot - INFO - Планировщик успешно запущен - [main.py:24]
2025-05-03 18:36:42 - my_bot - INFO - Пользователь 1374296012 команда - /start - [main.py:39]
2025-05-03 18:36:45 - my_bot - INFO - Пользователь 1374296012 команда - /start - [main.py:39]
2025-05-03 18:37:54 - my_bot - INFO - Пользователь 1374296012 команда - /start - [main.py:39]
2025-05-03 18:37:54 - my_bot - INFO - User 1374296012 initiated tenant addition process - [add_user.py:13]
2025-05-03 18:38:25 - my_bot - INFO - User 1374296012 successfully added tenant: {'name': 'Дубровский Дмитрий Алексеевич', 'type': 'Индивидуальный предприниматель', 'inn': '12345567', 'recw_inf': "р/с 40702810611010583455 БИК 044525058 в Филиал 'БИЗНЕС'ПАО 'СОВКОМБАНК' к/с 30101810045250000058"} - [add_user.py:122]
2025-05-03 18:39:03 - my_bot - INFO - User 1374296012 requested profile - [profile.py:27]
2025-05-03 18:44:22 - my_bot - INFO - Starting bot... - [main.py:114]
2025-05-03 18:44:22 - my_bot - INFO - Инициализация планировщика - [main.py:15]
2025-05-03 18:44:22 - my_bot - INFO - Планировщик успешно запущен - [main.py:24]
2025-05-03 18:44:26 - my_bot - INFO - User 1374296012 requested profile - [profile.py:34]
2025-05-03 18:46:23 - my_bot - INFO - Starting bot... - [main.py:114]
2025-05-03 18:46:23 - my_bot - INFO - Инициализация планировщика - [main.py:15]
2025-05-03 18:46:23 - my_bot - INFO - Планировщик успешно запущен - [main.py:24]
2025-05-03 18:46:25 - my_bot - INFO - User 1374296012 requested profile - [profile.py:34]
2025-05-03 18:48:13 - my_bot - INFO - Starting bot... - [main.py:114]
2025-05-03 18:48:14 - my_bot - INFO - Инициализация планировщика - [main.py:15]
2025-05-03 18:48:14 - my_bot - INFO - Планировщик успешно запущен - [main.py:24]
2025-05-03 18:48:27 - my_bot - INFO - User 1374296012 requested profile - [profile.py:34]
2025-05-03 18:49:04 - my_bot - WARNING - Нераспознанное сообщение от 1374296012: 💰 - [main.py:104]
2025-05-03 18:52:03 - my_bot - INFO - Starting bot... - [main.py:114]
2025-05-03 18:52:03 - my_bot - INFO - Инициализация планировщика - [main.py:15]
2025-05-03 18:52:03 - my_bot - INFO - Планировщик успешно запущен - [main.py:24]
2025-05-03 18:52:06 - my_bot - INFO - User 1374296012 requested profile - [profile.py:34]
2025-05-03 19:27:47 - my_bot - INFO - Starting bot... - [main.py:114]
2025-05-03 19:27:47 - my_bot - INFO - Инициализация планировщика - [main.py:15]
2025-05-03 19:27:47 - my_bot - INFO - Планировщик успешно запущен - [main.py:24]
2025-05-03 19:28:03 - my_bot - WARNING - Нераспознанное сообщение от 1374296012: ↩️ Назад - [main.py:104]
2025-05-03 19:28:05 - my_bot - INFO - Пользователь 1374296012 запросил список арендаторов - [get_ten.py:65]
2025-05-03 19:28:08 - my_bot - INFO - Пользователь 1374296012 запросил список арендаторов - [get_ten.py:65]
2025-05-03 19:28:21 - my_bot - INFO - Сформировано имя файла: Акт_аренда_46-57_МелякинИванВладимирович_20250503.xlsx - [generate_document.py:319]
2025-05-03 19:28:21 - my_bot - INFO - Начало генерации документа: Акт_аренда_46-57_МелякинИванВладимирович_20250503.xlsx - [generate_document.py:31]
2025-05-03 19:28:21 - my_bot - INFO - Документ создан: C:\проекты\бот_квитанции\data\files\Акт_аренда_46-57_МелякинИванВладимирович_20250503.xlsx - [generate_document.py:51]
2025-05-03 19:28:21 - my_bot - ERROR - Ошибка создания акта: (1452, 'Cannot add or update a child row: a foreign key constraint fails (`kwit_bot`.`documents`, CONSTRAINT `documents_ibfk_1` FOREIGN KEY (`user_id`) REFERENCES `users` (`id`) ON DELETE CASCADE)') - [generate_document.py:347]
Traceback (most recent call last):
  File "c:\проекты\бот_квитанции\src\services\generate_document.py", line 330, in create_act
    await cursor.execute(
    ...<9 lines>...
    )
  File "C:\Users\mitan\AppData\Local\Programs\Python\Python313\Lib\site-packages\aiomysql\cursors.py", line 239, in execute
    await self._query(query)
  File "C:\Users\mitan\AppData\Local\Programs\Python\Python313\Lib\site-packages\aiomysql\cursors.py", line 457, in _query
    await conn.query(q)
  File "C:\Users\mitan\AppData\Local\Programs\Python\Python313\Lib\site-packages\aiomysql\connection.py", line 469, in query
    await self._read_query_result(unbuffered=unbuffered)
  File "C:\Users\mitan\AppData\Local\Programs\Python\Python313\Lib\site-packages\aiomysql\connection.py", line 683, in _read_query_result
    await result.read()
  File "C:\Users\mitan\AppData\Local\Programs\Python\Python313\Lib\site-packages\aiomysql\connection.py", line 1164, in read
    first_packet = await self.connection._read_packet()
                   ^^^^^^^^^^^^^^^^^^^^^^^^^^^^^^^^^^^^
  File "C:\Users\mitan\AppData\Local\Programs\Python\Python313\Lib\site-packages\aiomysql\connection.py", line 652, in _read_packet
    packet.raise_for_error()
    ~~~~~~~~~~~~~~~~~~~~~~^^
  File "C:\Users\mitan\AppData\Local\Programs\Python\Python313\Lib\site-packages\pymysql\protocol.py", line 219, in raise_for_error
    err.raise_mysql_exception(self._data)
    ~~~~~~~~~~~~~~~~~~~~~~~~~^^^^^^^^^^^^
  File "C:\Users\mitan\AppData\Local\Programs\Python\Python313\Lib\site-packages\pymysql\err.py", line 150, in raise_mysql_exception
    raise errorclass(errno, errval)
pymysql.err.IntegrityError: (1452, 'Cannot add or update a child row: a foreign key constraint fails (`kwit_bot`.`documents`, CONSTRAINT `documents_ibfk_1` FOREIGN KEY (`user_id`) REFERENCES `users` (`id`) ON DELETE CASCADE)')
2025-05-03 19:28:21 - my_bot - ERROR - Document generation error: (1452, 'Cannot add or update a child row: a foreign key constraint fails (`kwit_bot`.`documents`, CONSTRAINT `documents_ibfk_1` FOREIGN KEY (`user_id`) REFERENCES `users` (`id`) ON DELETE CASCADE)') - [document_handlers.py:238]
2025-05-03 19:31:47 - my_bot - INFO - Starting bot... - [main.py:114]
2025-05-03 19:31:47 - my_bot - INFO - Инициализация планировщика - [main.py:15]
2025-05-03 19:31:47 - my_bot - INFO - Планировщик успешно запущен - [main.py:24]
2025-05-03 19:31:51 - my_bot - WARNING - Нераспознанное сообщение от 1374296012: ↩️ Назад - [main.py:104]
2025-05-03 19:31:53 - my_bot - INFO - Пользователь 1374296012 запросил список арендаторов - [get_ten.py:65]
2025-05-03 19:31:54 - my_bot - INFO - Пользователь 1374296012 запросил список арендаторов - [get_ten.py:65]
2025-05-03 19:31:58 - my_bot - ERROR - Ошибка создания акта: 0 - [generate_document.py:359]
Traceback (most recent call last):
  File "c:\проекты\бот_квитанции\src\services\generate_document.py", line 260, in create_act
    user_db_id = user_db_id[0]
                 ~~~~~~~~~~^^^
KeyError: 0
2025-05-03 19:31:58 - my_bot - ERROR - Document generation error: 0 - [document_handlers.py:238]
2025-05-03 19:33:35 - my_bot - INFO - Starting bot... - [main.py:114]
2025-05-03 19:33:35 - my_bot - INFO - Инициализация планировщика - [main.py:15]
2025-05-03 19:33:35 - my_bot - INFO - Планировщик успешно запущен - [main.py:24]
2025-05-03 19:33:35 - my_bot - WARNING - Нераспознанное сообщение от 1374296012: ↩️ Назад - [main.py:104]
2025-05-03 19:33:37 - my_bot - INFO - Пользователь 1374296012 запросил список арендаторов - [get_ten.py:65]
2025-05-03 19:33:38 - my_bot - INFO - Пользователь 1374296012 запросил список арендаторов - [get_ten.py:65]
2025-05-03 19:33:43 - my_bot - INFO - Сформировано имя файла: Акт_аренда_46-57_МелякинИванВладимирович_20250503.xlsx - [generate_document.py:332]
2025-05-03 19:33:43 - my_bot - INFO - Начало генерации документа: Акт_аренда_46-57_МелякинИванВладимирович_20250503.xlsx - [generate_document.py:31]
2025-05-03 19:33:43 - my_bot - INFO - Документ создан: C:\проекты\бот_квитанции\data\files\Акт_аренда_46-57_МелякинИванВладимирович_20250503.xlsx - [generate_document.py:51]
2025-05-03 19:33:43 - my_bot - ERROR - Ошибка создания акта: (0, 'Not connected') - [generate_document.py:359]
Traceback (most recent call last):
  File "c:\проекты\бот_квитанции\src\services\generate_document.py", line 341, in create_act
    async with conn.cursor() as cursor:
               ~~~~~~~~~~~^^
  File "C:\Users\mitan\AppData\Local\Programs\Python\Python313\Lib\site-packages\aiomysql\connection.py", line 442, in cursor
    self._ensure_alive()
    ~~~~~~~~~~~~~~~~~~^^
  File "C:\Users\mitan\AppData\Local\Programs\Python\Python313\Lib\site-packages\aiomysql\connection.py", line 1123, in _ensure_alive
    raise InterfaceError("(0, 'Not connected')")
pymysql.err.InterfaceError: (0, 'Not connected')
2025-05-03 19:33:43 - my_bot - ERROR - Document generation error: (0, 'Not connected') - [document_handlers.py:238]
2025-05-03 19:37:24 - my_bot - INFO - Starting bot... - [main.py:114]
2025-05-03 19:37:24 - my_bot - INFO - Инициализация планировщика - [main.py:15]
2025-05-03 19:37:24 - my_bot - INFO - Планировщик успешно запущен - [main.py:24]
2025-05-03 19:37:25 - my_bot - WARNING - Нераспознанное сообщение от 1374296012: ↩️ Назад - [main.py:104]
2025-05-03 19:37:27 - my_bot - INFO - Пользователь 1374296012 запросил список арендаторов - [get_ten.py:65]
2025-05-03 19:37:28 - my_bot - INFO - Пользователь 1374296012 запросил список арендаторов - [get_ten.py:65]
2025-05-03 19:37:32 - my_bot - INFO - Сформировано имя файла: Акт_аренда_46-57_МелякинИванВладимирович_20250503.xlsx - [generate_document.py:319]
2025-05-03 19:37:32 - my_bot - INFO - Начало генерации документа: Акт_аренда_46-57_МелякинИванВладимирович_20250503.xlsx - [generate_document.py:31]
2025-05-03 19:37:32 - my_bot - INFO - Документ создан: C:\проекты\бот_квитанции\data\files\Акт_аренда_46-57_МелякинИванВладимирович_20250503.xlsx - [generate_document.py:51]
2025-05-03 19:37:32 - my_bot - ERROR - Ошибка создания акта: (1452, 'Cannot add or update a child row: a foreign key constraint fails (`kwit_bot`.`documents`, CONSTRAINT `documents_ibfk_1` FOREIGN KEY (`user_id`) REFERENCES `users` (`id`) ON DELETE CASCADE)') - [generate_document.py:347]
Traceback (most recent call last):
  File "c:\проекты\бот_квитанции\src\services\generate_document.py", line 330, in create_act
    await cursor.execute(
    ...<9 lines>...
    )
  File "C:\Users\mitan\AppData\Local\Programs\Python\Python313\Lib\site-packages\aiomysql\cursors.py", line 239, in execute
    await self._query(query)
  File "C:\Users\mitan\AppData\Local\Programs\Python\Python313\Lib\site-packages\aiomysql\cursors.py", line 457, in _query
    await conn.query(q)
  File "C:\Users\mitan\AppData\Local\Programs\Python\Python313\Lib\site-packages\aiomysql\connection.py", line 469, in query
    await self._read_query_result(unbuffered=unbuffered)
  File "C:\Users\mitan\AppData\Local\Programs\Python\Python313\Lib\site-packages\aiomysql\connection.py", line 683, in _read_query_result
    await result.read()
  File "C:\Users\mitan\AppData\Local\Programs\Python\Python313\Lib\site-packages\aiomysql\connection.py", line 1164, in read
    first_packet = await self.connection._read_packet()
                   ^^^^^^^^^^^^^^^^^^^^^^^^^^^^^^^^^^^^
  File "C:\Users\mitan\AppData\Local\Programs\Python\Python313\Lib\site-packages\aiomysql\connection.py", line 652, in _read_packet
    packet.raise_for_error()
    ~~~~~~~~~~~~~~~~~~~~~~^^
  File "C:\Users\mitan\AppData\Local\Programs\Python\Python313\Lib\site-packages\pymysql\protocol.py", line 219, in raise_for_error
    err.raise_mysql_exception(self._data)
    ~~~~~~~~~~~~~~~~~~~~~~~~~^^^^^^^^^^^^
  File "C:\Users\mitan\AppData\Local\Programs\Python\Python313\Lib\site-packages\pymysql\err.py", line 150, in raise_mysql_exception
    raise errorclass(errno, errval)
pymysql.err.IntegrityError: (1452, 'Cannot add or update a child row: a foreign key constraint fails (`kwit_bot`.`documents`, CONSTRAINT `documents_ibfk_1` FOREIGN KEY (`user_id`) REFERENCES `users` (`id`) ON DELETE CASCADE)')
2025-05-03 19:37:32 - my_bot - ERROR - Document generation error: (1452, 'Cannot add or update a child row: a foreign key constraint fails (`kwit_bot`.`documents`, CONSTRAINT `documents_ibfk_1` FOREIGN KEY (`user_id`) REFERENCES `users` (`id`) ON DELETE CASCADE)') - [document_handlers.py:238]
2025-05-03 19:44:03 - my_bot - INFO - Starting bot... - [main.py:114]
2025-05-03 19:44:03 - my_bot - INFO - Инициализация планировщика - [main.py:15]
2025-05-03 19:44:03 - my_bot - INFO - Планировщик успешно запущен - [main.py:24]
2025-05-03 19:44:07 - my_bot - WARNING - Нераспознанное сообщение от 1374296012: ↩️ Назад - [main.py:104]
2025-05-03 19:44:08 - my_bot - INFO - Пользователь 1374296012 запросил список арендаторов - [get_ten.py:65]
2025-05-03 19:44:10 - my_bot - INFO - Пользователь 1374296012 запросил список арендаторов - [get_ten.py:65]
2025-05-03 19:44:14 - my_bot - INFO - Сформировано имя файла: Акт_аренда_46-57_МелякинИванВладимирович_20250503.xlsx - [generate_document.py:319]
2025-05-03 19:44:14 - my_bot - INFO - Начало генерации документа: Акт_аренда_46-57_МелякинИванВладимирович_20250503.xlsx - [generate_document.py:31]
2025-05-03 19:44:14 - my_bot - INFO - Документ создан: C:\проекты\бот_квитанции\data\files\Акт_аренда_46-57_МелякинИванВладимирович_20250503.xlsx - [generate_document.py:51]
2025-05-03 19:44:14 - my_bot - INFO - Документ записан в базу данных. ID: 1 - [generate_document.py:343]
2025-05-03 19:51:49 - my_bot - INFO - Пользователь 1374296012 запросил список арендаторов - [get_ten.py:65]
2025-05-03 19:51:50 - my_bot - INFO - Пользователь начал массовую рассылку - [mass_otr.py:28]
2025-05-03 19:51:51 - my_bot - INFO - Выбраны арендаторы: [19] - [mass_otr.py:42]
2025-05-03 19:51:54 - my_bot - INFO - Генерация документа для 1 (19)... - [mass_otr.py:203]
2025-05-03 19:51:54 - my_bot - INFO - Сформировано имя файла: Акт_аренда_46-57_МелякинИванВладимирович_20250503.xlsx - [generate_document.py:319]
2025-05-03 19:51:54 - my_bot - INFO - Начало генерации документа: Акт_аренда_46-57_МелякинИванВладимирович_20250503.xlsx - [generate_document.py:31]
2025-05-03 19:51:54 - my_bot - INFO - Документ создан: C:\проекты\бот_квитанции\data\files\Акт_аренда_46-57_МелякинИванВладимирович_20250503.xlsx - [generate_document.py:51]
2025-05-03 19:51:54 - my_bot - INFO - Документ записан в базу данных. ID: 2 - [generate_document.py:343]
2025-05-03 19:51:54 - my_bot - INFO - Запущена конвертация Excel → PDF (LibreOffice): C:\проекты\бот_квитанции\data\files\Акт_аренда_46-57_МелякинИванВладимирович_20250503.xlsx → C:\проекты\бот_квитанции\data\files\Акт_аренда_46-57_МелякинИванВладимирович_20250503.pdf - [excel_to_pdf.py:6]
2025-05-03 19:51:56 - my_bot - INFO - PDF успешно создан: C:\проекты\бот_квитанции\data\files\Акт_аренда_46-57_МелякинИванВладимирович_20250503.pdf - [excel_to_pdf.py:26]
2025-05-03 20:05:24 - my_bot - INFO - Starting bot... - [main.py:114]
2025-05-03 20:05:24 - my_bot - INFO - Инициализация планировщика - [main.py:15]
2025-05-03 20:05:24 - my_bot - INFO - Планировщик успешно запущен - [main.py:24]
2025-05-03 20:05:25 - my_bot - WARNING - Нераспознанное сообщение от 1374296012: ↩️ Назад - [main.py:104]
2025-05-03 20:05:27 - my_bot - INFO - Пользователь 1374296012 запросил список арендаторов - [get_ten.py:65]
2025-05-03 20:05:28 - my_bot - INFO - Пользователь начал массовую рассылку - [mass_otr.py:28]
2025-05-03 20:05:29 - my_bot - INFO - Выбраны арендаторы: [19] - [mass_otr.py:42]
2025-05-03 20:05:30 - my_bot - INFO - Генерация документа для 1 (19)... - [mass_otr.py:203]
2025-05-03 20:05:30 - my_bot - INFO - Сформировано имя файла: Акт_аренда_46-57_МелякинИванВладимирович_20250503.xlsx - [generate_document.py:319]
2025-05-03 20:05:30 - my_bot - INFO - Начало генерации документа: Акт_аренда_46-57_МелякинИванВладимирович_20250503.xlsx - [generate_document.py:31]
2025-05-03 20:05:30 - my_bot - INFO - Документ создан: C:\проекты\бот_квитанции\data\files\Акт_аренда_46-57_МелякинИванВладимирович_20250503.xlsx - [generate_document.py:51]
2025-05-03 20:05:30 - my_bot - ERROR - Ошибка создания акта: (1054, "Unknown column 'file_path' in 'field list'") - [generate_document.py:348]
Traceback (most recent call last):
  File "c:\проекты\бот_квитанции\src\services\generate_document.py", line 330, in create_act
    await cursor.execute(
    ...<10 lines>...
    )
  File "C:\Users\mitan\AppData\Local\Programs\Python\Python313\Lib\site-packages\aiomysql\cursors.py", line 239, in execute
    await self._query(query)
  File "C:\Users\mitan\AppData\Local\Programs\Python\Python313\Lib\site-packages\aiomysql\cursors.py", line 457, in _query
    await conn.query(q)
  File "C:\Users\mitan\AppData\Local\Programs\Python\Python313\Lib\site-packages\aiomysql\connection.py", line 469, in query
    await self._read_query_result(unbuffered=unbuffered)
  File "C:\Users\mitan\AppData\Local\Programs\Python\Python313\Lib\site-packages\aiomysql\connection.py", line 683, in _read_query_result
    await result.read()
  File "C:\Users\mitan\AppData\Local\Programs\Python\Python313\Lib\site-packages\aiomysql\connection.py", line 1164, in read
    first_packet = await self.connection._read_packet()
                   ^^^^^^^^^^^^^^^^^^^^^^^^^^^^^^^^^^^^
  File "C:\Users\mitan\AppData\Local\Programs\Python\Python313\Lib\site-packages\aiomysql\connection.py", line 652, in _read_packet
    packet.raise_for_error()
    ~~~~~~~~~~~~~~~~~~~~~~^^
  File "C:\Users\mitan\AppData\Local\Programs\Python\Python313\Lib\site-packages\pymysql\protocol.py", line 219, in raise_for_error
    err.raise_mysql_exception(self._data)
    ~~~~~~~~~~~~~~~~~~~~~~~~~^^^^^^^^^^^^
  File "C:\Users\mitan\AppData\Local\Programs\Python\Python313\Lib\site-packages\pymysql\err.py", line 150, in raise_mysql_exception
    raise errorclass(errno, errval)
pymysql.err.OperationalError: (1054, "Unknown column 'file_path' in 'field list'")
2025-05-03 20:05:30 - my_bot - ERROR - Ошибка генерации для 1 - [mass_otr.py:215]
Traceback (most recent call last):
  File "c:\проекты\бот_квитанции\src\handlers\mass_otr.py", line 204, in generate_documents
    xlsx_path = await create_act(user_id, tenant_id, template, custom_date=custom_date)
                ^^^^^^^^^^^^^^^^^^^^^^^^^^^^^^^^^^^^^^^^^^^^^^^^^^^^^^^^^^^^^^^^^^^^^^^
  File "c:\проекты\бот_квитанции\src\services\generate_document.py", line 330, in create_act
    await cursor.execute(
    ...<10 lines>...
    )
  File "C:\Users\mitan\AppData\Local\Programs\Python\Python313\Lib\site-packages\aiomysql\cursors.py", line 239, in execute
    await self._query(query)
  File "C:\Users\mitan\AppData\Local\Programs\Python\Python313\Lib\site-packages\aiomysql\cursors.py", line 457, in _query
    await conn.query(q)
  File "C:\Users\mitan\AppData\Local\Programs\Python\Python313\Lib\site-packages\aiomysql\connection.py", line 469, in query
    await self._read_query_result(unbuffered=unbuffered)
  File "C:\Users\mitan\AppData\Local\Programs\Python\Python313\Lib\site-packages\aiomysql\connection.py", line 683, in _read_query_result
    await result.read()
  File "C:\Users\mitan\AppData\Local\Programs\Python\Python313\Lib\site-packages\aiomysql\connection.py", line 1164, in read
    first_packet = await self.connection._read_packet()
                   ^^^^^^^^^^^^^^^^^^^^^^^^^^^^^^^^^^^^
  File "C:\Users\mitan\AppData\Local\Programs\Python\Python313\Lib\site-packages\aiomysql\connection.py", line 652, in _read_packet
    packet.raise_for_error()
    ~~~~~~~~~~~~~~~~~~~~~~^^
  File "C:\Users\mitan\AppData\Local\Programs\Python\Python313\Lib\site-packages\pymysql\protocol.py", line 219, in raise_for_error
    err.raise_mysql_exception(self._data)
    ~~~~~~~~~~~~~~~~~~~~~~~~~^^^^^^^^^^^^
  File "C:\Users\mitan\AppData\Local\Programs\Python\Python313\Lib\site-packages\pymysql\err.py", line 150, in raise_mysql_exception
    raise errorclass(errno, errval)
pymysql.err.OperationalError: (1054, "Unknown column 'file_path' in 'field list'")
2025-05-03 20:09:19 - my_bot - INFO - Ответ на подтверждение отправки: ↩️ Назад - [mass_otr.py:123]
2025-05-03 20:09:19 - my_bot - INFO - Массовая рассылка отменена пользователем - [mass_otr.py:125]
2025-05-03 20:09:20 - my_bot - INFO - Пользователь 1374296012 запросил список арендаторов - [get_ten.py:65]
2025-05-03 20:09:21 - my_bot - INFO - Пользователь начал массовую рассылку - [mass_otr.py:28]
2025-05-03 20:09:22 - my_bot - INFO - Выбраны арендаторы: [19] - [mass_otr.py:42]
2025-05-03 20:09:23 - my_bot - INFO - Генерация документа для 1 (19)... - [mass_otr.py:203]
2025-05-03 20:09:23 - my_bot - INFO - Сформировано имя файла: Акт_аренда_46-57_МелякинИванВладимирович_20250503.xlsx - [generate_document.py:319]
2025-05-03 20:09:23 - my_bot - INFO - Начало генерации документа: Акт_аренда_46-57_МелякинИванВладимирович_20250503.xlsx - [generate_document.py:31]
2025-05-03 20:09:23 - my_bot - INFO - Документ создан: C:\проекты\бот_квитанции\data\files\Акт_аренда_46-57_МелякинИванВладимирович_20250503.xlsx - [generate_document.py:51]
2025-05-03 20:09:23 - my_bot - INFO - Документ записан в базу данных. ID: 3 - [generate_document.py:344]
2025-05-03 20:09:52 - my_bot - INFO - Ответ на подтверждение отправки: ✅ Да, отправить - [mass_otr.py:123]
2025-05-03 20:09:52 - my_bot - INFO - Начало отправки email на mitanemita5@gmail.com - [email_sender.py:9]
2025-05-03 20:09:55 - my_bot - INFO - Email успешно отправлен на mitanemita5@gmail.com - [email_sender.py:28]
2025-05-03 20:09:55 - my_bot - INFO - Email успешно отправлен для ID 19 на mitanemita5@gmail.com - [mass_otr.py:157]
2025-05-03 20:12:19 - my_bot - INFO - Starting bot... - [main.py:114]
2025-05-03 20:12:19 - my_bot - INFO - Инициализация планировщика - [main.py:15]
2025-05-03 20:12:19 - my_bot - INFO - Планировщик успешно запущен - [main.py:24]
2025-05-03 20:12:24 - my_bot - INFO - Пользователь 1374296012 запросил список арендаторов - [get_ten.py:65]
2025-05-03 20:12:25 - my_bot - INFO - Пользователь начал массовую рассылку - [mass_otr.py:28]
2025-05-03 20:12:26 - my_bot - INFO - Выбраны арендаторы: [19] - [mass_otr.py:42]
2025-05-03 20:12:28 - my_bot - INFO - Генерация документа для 1 (19)... - [mass_otr.py:204]
2025-05-03 20:12:28 - my_bot - INFO - Сформировано имя файла: Акт_аренда_46-57_МелякинИванВладимирович_20250503.xlsx - [generate_document.py:319]
2025-05-03 20:12:28 - my_bot - INFO - Начало генерации документа: Акт_аренда_46-57_МелякинИванВладимирович_20250503.xlsx - [generate_document.py:31]
2025-05-03 20:12:28 - my_bot - INFO - Документ создан: C:\проекты\бот_квитанции\data\files\Акт_аренда_46-57_МелякинИванВладимирович_20250503.xlsx - [generate_document.py:51]
2025-05-03 20:12:28 - my_bot - INFO - Документ записан в базу данных. ID: 4 - [generate_document.py:344]
2025-05-03 20:12:31 - my_bot - INFO - Ответ на подтверждение отправки: ✅ Да, отправить - [mass_otr.py:123]
2025-05-03 20:12:31 - my_bot - ERROR - Исключение при отправке email для ID 19: convert_excel_to_pdf() missing 1 required positional argument: 'pdf_path' - [mass_otr.py:164]
Traceback (most recent call last):
  File "c:\проекты\бот_квитанции\src\handlers\mass_otr.py", line 138, in handle_rent_date_or_send
    path = convert_excel_to_pdf(path)
TypeError: convert_excel_to_pdf() missing 1 required positional argument: 'pdf_path'
2025-05-03 20:22:06 - my_bot - INFO - Starting bot... - [main.py:114]
2025-05-03 20:22:06 - my_bot - INFO - Инициализация планировщика - [main.py:15]
2025-05-03 20:22:06 - my_bot - INFO - Планировщик успешно запущен - [main.py:24]
2025-05-03 20:22:06 - my_bot - INFO - Пользователь 1374296012 запросил список арендаторов - [get_ten.py:65]
2025-05-03 20:22:08 - my_bot - INFO - Пользователь 1374296012 запросил список арендаторов - [get_ten.py:65]
2025-05-03 20:22:13 - my_bot - INFO - Пользователь 1374296012 запросил список арендаторов - [get_ten.py:65]
2025-05-03 20:22:13 - my_bot - INFO - Пользователь начал массовую рассылку - [mass_otr.py:28]
2025-05-03 20:22:14 - my_bot - INFO - Выбраны арендаторы: [19] - [mass_otr.py:42]
2025-05-03 20:22:15 - my_bot - INFO - Генерация документа для 1 (19)... - [mass_otr.py:222]
2025-05-03 20:22:15 - my_bot - INFO - Сформировано имя файла: Акт_аренда_46-57_МелякинИванВладимирович_20250503.xlsx - [generate_document.py:319]
2025-05-03 20:22:15 - my_bot - INFO - Начало генерации документа: Акт_аренда_46-57_МелякинИванВладимирович_20250503.xlsx - [generate_document.py:31]
2025-05-03 20:22:15 - my_bot - INFO - Документ создан: C:\проекты\бот_квитанции\data\files\Акт_аренда_46-57_МелякинИванВладимирович_20250503.xlsx - [generate_document.py:51]
2025-05-03 20:22:15 - my_bot - INFO - Документ записан в базу данных. ID: 5 - [generate_document.py:344]
2025-05-03 20:22:17 - my_bot - ERROR - Ошибка для ID 19: Path.replace() takes 2 positional arguments but 3 were given - [mass_otr.py:178]
2025-05-03 20:25:26 - my_bot - INFO - Starting bot... - [main.py:114]
2025-05-03 20:25:26 - my_bot - INFO - Инициализация планировщика - [main.py:15]
2025-05-03 20:25:26 - my_bot - INFO - Планировщик успешно запущен - [main.py:24]
2025-05-03 20:25:27 - my_bot - INFO - Пользователь 1374296012 запросил список арендаторов - [get_ten.py:65]
2025-05-03 20:25:29 - my_bot - INFO - Пользователь начал массовую рассылку - [mass_otr.py:28]
2025-05-03 20:25:30 - my_bot - INFO - Выбраны арендаторы: [19] - [mass_otr.py:42]
2025-05-03 20:25:32 - my_bot - INFO - Генерация документа для 1 (19)... - [mass_otr.py:227]
2025-05-03 20:25:32 - my_bot - INFO - Сформировано имя файла: Акт_аренда_46-57_МелякинИванВладимирович_20250503.xlsx - [generate_document.py:319]
2025-05-03 20:25:32 - my_bot - INFO - Начало генерации документа: Акт_аренда_46-57_МелякинИванВладимирович_20250503.xlsx - [generate_document.py:31]
2025-05-03 20:25:32 - my_bot - INFO - Документ создан: C:\проекты\бот_квитанции\data\files\Акт_аренда_46-57_МелякинИванВладимирович_20250503.xlsx - [generate_document.py:51]
2025-05-03 20:25:32 - my_bot - INFO - Документ записан в базу данных. ID: 6 - [generate_document.py:344]
2025-05-03 20:25:33 - my_bot - ERROR - Ошибка для ID 19: Path.replace() takes 2 positional arguments but 3 were given - [mass_otr.py:178]
Traceback (most recent call last):
  File "c:\проекты\бот_квитанции\src\handlers\mass_otr.py", line 141, in handle_rent_date_or_send
    pdf_path = xlsx_path.replace(".xlsx", ".pdf")
TypeError: Path.replace() takes 2 positional arguments but 3 were given
2025-05-03 20:28:02 - my_bot - INFO - Starting bot... - [main.py:114]
2025-05-03 20:28:02 - my_bot - INFO - Инициализация планировщика - [main.py:15]
2025-05-03 20:28:02 - my_bot - INFO - Планировщик успешно запущен - [main.py:24]
2025-05-03 20:28:03 - my_bot - INFO - Пользователь 1374296012 запросил список арендаторов - [get_ten.py:65]
2025-05-03 20:28:04 - my_bot - INFO - Пользователь начал массовую рассылку - [mass_otr.py:28]
2025-05-03 20:28:05 - my_bot - INFO - Выбраны арендаторы: [19] - [mass_otr.py:42]
2025-05-03 20:28:06 - my_bot - INFO - Генерация документа для 1 (19)... - [mass_otr.py:226]
2025-05-03 20:28:06 - my_bot - INFO - Сформировано имя файла: Акт_аренда_46-57_МелякинИванВладимирович_20250503.xlsx - [generate_document.py:319]
2025-05-03 20:28:06 - my_bot - INFO - Начало генерации документа: Акт_аренда_46-57_МелякинИванВладимирович_20250503.xlsx - [generate_document.py:31]
2025-05-03 20:28:06 - my_bot - INFO - Документ создан: C:\проекты\бот_квитанции\data\files\Акт_аренда_46-57_МелякинИванВладимирович_20250503.xlsx - [generate_document.py:51]
2025-05-03 20:28:06 - my_bot - INFO - Документ записан в базу данных. ID: 7 - [generate_document.py:344]
2025-05-03 20:28:08 - my_bot - INFO - Запущена конвертация Excel → PDF (LibreOffice): C:\проекты\бот_квитанции\data\files\Акт_аренда_46-57_МелякинИванВладимирович_20250503.xlsx → C:\проекты\бот_квитанции\data\files\Акт_аренда_46-57_МелякинИванВладимирович_20250503.pdf - [excel_to_pdf.py:6]
2025-05-03 20:28:09 - my_bot - INFO - PDF успешно создан: C:\проекты\бот_квитанции\data\files\Акт_аренда_46-57_МелякинИванВладимирович_20250503.pdf - [excel_to_pdf.py:26]
2025-05-03 20:28:09 - my_bot - INFO - Начало отправки email на mitanemita5@gmail.com - [email_sender.py:9]
2025-05-03 20:28:13 - my_bot - INFO - Email успешно отправлен на mitanemita5@gmail.com - [email_sender.py:28]
2025-05-03 20:32:15 - my_bot - INFO - Пользователь 1374296012 запросил список арендаторов - [get_ten.py:65]
2025-05-03 20:32:16 - my_bot - INFO - Пользователь 1374296012 запросил список арендаторов - [get_ten.py:65]
2025-05-03 20:32:20 - my_bot - INFO - Сформировано имя файла: Акт_аренда_46-57_МелякинИванВладимирович_20250503.xlsx - [generate_document.py:319]
2025-05-03 20:32:20 - my_bot - INFO - Начало генерации документа: Акт_аренда_46-57_МелякинИванВладимирович_20250503.xlsx - [generate_document.py:31]
2025-05-03 20:32:20 - my_bot - INFO - Документ создан: C:\проекты\бот_квитанции\data\files\Акт_аренда_46-57_МелякинИванВладимирович_20250503.xlsx - [generate_document.py:51]
2025-05-03 20:32:20 - my_bot - INFO - Документ записан в базу данных. ID: 8 - [generate_document.py:344]
2025-05-03 20:32:38 - my_bot - INFO - Сформировано имя файла: Счет_за_просрочку_46-57_МелякинИванВладимирович_20250503.xlsx - [generate_document.py:319]
2025-05-03 20:32:38 - my_bot - INFO - Начало генерации документа: Счет_за_просрочку_46-57_МелякинИванВладимирович_20250503.xlsx - [generate_document.py:31]
2025-05-03 20:32:38 - my_bot - INFO - Документ создан: C:\проекты\бот_квитанции\data\files\Счет_за_просрочку_46-57_МелякинИванВладимирович_20250503.xlsx - [generate_document.py:51]
2025-05-03 20:32:38 - my_bot - INFO - Документ записан в базу данных. ID: 9 - [generate_document.py:344]
2025-05-03 20:32:59 - my_bot - INFO - Сформировано имя файла: Счет_за_аренду_46-57_МелякинИванВладимирович_20250503.xlsx - [generate_document.py:319]
2025-05-03 20:32:59 - my_bot - INFO - Начало генерации документа: Счет_за_аренду_46-57_МелякинИванВладимирович_20250503.xlsx - [generate_document.py:31]
2025-05-03 20:32:59 - my_bot - INFO - Документ создан: C:\проекты\бот_квитанции\data\files\Счет_за_аренду_46-57_МелякинИванВладимирович_20250503.xlsx - [generate_document.py:51]
2025-05-03 20:32:59 - my_bot - INFO - Документ записан в базу данных. ID: 10 - [generate_document.py:344]
2025-05-03 20:33:00 - my_bot - INFO - Запущена конвертация Excel → PDF (LibreOffice): C:\проекты\бот_квитанции\data\files\Счет_за_аренду_46-57_МелякинИванВладимирович_20250503.xlsx → C:\проекты\бот_квитанции\data\files\Счет_за_аренду_46-57_МелякинИванВладимирович_20250503.pdf - [excel_to_pdf.py:6]
2025-05-03 20:33:01 - my_bot - INFO - PDF успешно создан: C:\проекты\бот_квитанции\data\files\Счет_за_аренду_46-57_МелякинИванВладимирович_20250503.pdf - [excel_to_pdf.py:26]
2025-05-03 20:33:01 - my_bot - INFO - Начало отправки email на mitanemita5@gmail.com - [email_sender.py:9]
2025-05-03 20:33:06 - my_bot - INFO - Email успешно отправлен на mitanemita5@gmail.com - [email_sender.py:28]
2025-05-03 20:33:56 - my_bot - INFO - Пользователь 1374296012 запросил список арендаторов - [get_ten.py:65]
2025-05-03 20:33:58 - my_bot - INFO - Пользователь начал массовую рассылку - [mass_otr.py:28]
2025-05-03 20:33:59 - my_bot - INFO - Выбраны арендаторы: [19] - [mass_otr.py:42]
2025-05-03 20:34:14 - my_bot - INFO - Генерация документа для 1 (19)... - [mass_otr.py:226]
2025-05-03 20:34:14 - my_bot - INFO - Сформировано имя файла: Счет_за_аренду_46-57_МелякинИванВладимирович_20250503.xlsx - [generate_document.py:319]
2025-05-03 20:34:14 - my_bot - INFO - Начало генерации документа: Счет_за_аренду_46-57_МелякинИванВладимирович_20250503.xlsx - [generate_document.py:31]
2025-05-03 20:34:14 - my_bot - INFO - Документ создан: C:\проекты\бот_квитанции\data\files\Счет_за_аренду_46-57_МелякинИванВладимирович_20250503.xlsx - [generate_document.py:51]
2025-05-03 20:34:14 - my_bot - INFO - Документ записан в базу данных. ID: 11 - [generate_document.py:344]
2025-05-03 20:36:21 - my_bot - INFO - Генерация документа для 1 (19)... - [mass_otr.py:226]
2025-05-03 20:36:21 - my_bot - INFO - Сформировано имя файла: Счет_за_аренду_46-57_МелякинИванВладимирович_20250503.xlsx - [generate_document.py:319]
2025-05-03 20:36:21 - my_bot - INFO - Начало генерации документа: Счет_за_аренду_46-57_МелякинИванВладимирович_20250503.xlsx - [generate_document.py:31]
2025-05-03 20:36:21 - my_bot - INFO - Документ создан: C:\проекты\бот_квитанции\data\files\Счет_за_аренду_46-57_МелякинИванВладимирович_20250503.xlsx - [generate_document.py:51]
2025-05-03 20:36:21 - my_bot - INFO - Документ записан в базу данных. ID: 12 - [generate_document.py:344]
2025-05-03 20:36:53 - my_bot - INFO - Starting bot... - [main.py:114]
2025-05-03 20:36:53 - my_bot - INFO - Инициализация планировщика - [main.py:15]
2025-05-03 20:36:53 - my_bot - INFO - Планировщик успешно запущен - [main.py:24]
2025-05-03 20:36:54 - my_bot - WARNING - Нераспознанное сообщение от 1374296012: ↩️ Назад - [main.py:104]
2025-05-03 20:36:58 - my_bot - INFO - Пользователь 1374296012 запросил список арендаторов - [get_ten.py:65]
2025-05-03 20:36:59 - my_bot - INFO - Пользователь начал массовую рассылку - [mass_otr.py:28]
2025-05-03 20:37:00 - my_bot - INFO - Выбраны арендаторы: [19] - [mass_otr.py:42]
2025-05-03 20:54:22 - my_bot - INFO - Starting bot... - [main.py:114]
2025-05-03 20:54:22 - my_bot - INFO - Инициализация планировщика - [main.py:15]
2025-05-03 20:54:22 - my_bot - INFO - Планировщик успешно запущен - [main.py:24]
2025-05-03 20:54:25 - my_bot - INFO - Пользователь 1374296012 запросил список арендаторов - [get_ten.py:65]
2025-05-03 20:54:26 - my_bot - INFO - Пользователь начал массовую рассылку - [mass_otr.py:28]
2025-05-03 20:54:28 - my_bot - INFO - Выбраны арендаторы: [19] - [mass_otr.py:42]
2025-05-03 20:54:36 - my_bot - INFO - Генерация документа для №1 (19)... - [mass_otr.py:214]
2025-05-03 20:54:36 - my_bot - INFO - Сформировано имя файла: Счет_за_аренду_46-57_МелякинИванВладимирович_20250503.xlsx - [generate_document.py:319]
2025-05-03 20:54:36 - my_bot - INFO - Начало генерации документа: Счет_за_аренду_46-57_МелякинИванВладимирович_20250503.xlsx - [generate_document.py:31]
2025-05-03 20:54:36 - my_bot - INFO - Документ создан: C:\проекты\бот_квитанции\data\files\Счет_за_аренду_46-57_МелякинИванВладимирович_20250503.xlsx - [generate_document.py:51]
2025-05-03 20:54:36 - my_bot - INFO - Документ записан в базу данных. ID: 13 - [generate_document.py:344]
2025-05-03 20:54:40 - my_bot - INFO - Запущена конвертация Excel → PDF (LibreOffice): C:\проекты\бот_квитанции\data\files\Счет_за_аренду_46-57_МелякинИванВладимирович_20250503.xlsx → C:\проекты\бот_квитанции\data\files\Счет_за_аренду_46-57_МелякинИванВладимирович_20250503.pdf - [excel_to_pdf.py:6]
2025-05-03 20:54:41 - my_bot - INFO - PDF успешно создан: C:\проекты\бот_квитанции\data\files\Счет_за_аренду_46-57_МелякинИванВладимирович_20250503.pdf - [excel_to_pdf.py:26]
2025-05-03 20:54:41 - my_bot - INFO - Начало отправки email на mitanemita5@gmail.com - [email_sender.py:9]
2025-05-03 20:54:44 - my_bot - INFO - Email успешно отправлен на mitanemita5@gmail.com - [email_sender.py:28]
2025-05-03 20:54:46 - my_bot - INFO - Пользователь 1374296012 запросил список арендаторов - [get_ten.py:65]
2025-05-03 20:54:47 - my_bot - INFO - Пользователь начал массовую рассылку - [mass_otr.py:28]
2025-05-03 20:54:48 - my_bot - INFO - Выбраны арендаторы: [19] - [mass_otr.py:42]
2025-05-03 20:54:48 - my_bot - INFO - Генерация документа для №1 (19)... - [mass_otr.py:214]
2025-05-03 20:54:48 - my_bot - INFO - Сформировано имя файла: Акт_аренда_46-57_МелякинИванВладимирович_20250503.xlsx - [generate_document.py:319]
2025-05-03 20:54:48 - my_bot - INFO - Начало генерации документа: Акт_аренда_46-57_МелякинИванВладимирович_20250503.xlsx - [generate_document.py:31]
2025-05-03 20:54:49 - my_bot - INFO - Документ создан: C:\проекты\бот_квитанции\data\files\Акт_аренда_46-57_МелякинИванВладимирович_20250503.xlsx - [generate_document.py:51]
2025-05-03 20:54:49 - my_bot - INFO - Документ записан в базу данных. ID: 14 - [generate_document.py:344]
2025-05-03 20:54:50 - my_bot - INFO - Запущена конвертация Excel → PDF (LibreOffice): C:\проекты\бот_квитанции\data\files\Акт_аренда_46-57_МелякинИванВладимирович_20250503.xlsx → C:\проекты\бот_квитанции\data\files\Акт_аренда_46-57_МелякинИванВладимирович_20250503.pdf - [excel_to_pdf.py:6]
2025-05-03 20:54:51 - my_bot - INFO - PDF успешно создан: C:\проекты\бот_квитанции\data\files\Акт_аренда_46-57_МелякинИванВладимирович_20250503.pdf - [excel_to_pdf.py:26]
2025-05-03 20:54:51 - my_bot - INFO - Начало отправки email на mitanemita5@gmail.com - [email_sender.py:9]
2025-05-03 20:54:54 - my_bot - INFO - Email успешно отправлен на mitanemita5@gmail.com - [email_sender.py:28]
2025-05-03 20:56:13 - my_bot - INFO - Пользователь 1374296012 запросил список арендаторов - [get_ten.py:65]
2025-05-03 20:56:15 - my_bot - INFO - Пользователь 1374296012 запросил список арендаторов - [get_ten.py:65]
2025-05-03 20:56:19 - my_bot - INFO - Сформировано имя файла: Акт_аренда_46-57_МелякинИванВладимирович_20250503.xlsx - [generate_document.py:319]
2025-05-03 20:56:19 - my_bot - INFO - Начало генерации документа: Акт_аренда_46-57_МелякинИванВладимирович_20250503.xlsx - [generate_document.py:31]
2025-05-03 20:56:19 - my_bot - INFO - Документ создан: C:\проекты\бот_квитанции\data\files\Акт_аренда_46-57_МелякинИванВладимирович_20250503.xlsx - [generate_document.py:51]
2025-05-03 20:56:19 - my_bot - INFO - Документ записан в базу данных. ID: 15 - [generate_document.py:344]
2025-05-03 20:56:33 - my_bot - INFO - Сформировано имя файла: Счет_за_просрочку_46-57_МелякинИванВладимирович_20250503.xlsx - [generate_document.py:319]
2025-05-03 20:56:33 - my_bot - INFO - Начало генерации документа: Счет_за_просрочку_46-57_МелякинИванВладимирович_20250503.xlsx - [generate_document.py:31]
2025-05-03 20:56:33 - my_bot - INFO - Документ создан: C:\проекты\бот_квитанции\data\files\Счет_за_просрочку_46-57_МелякинИванВладимирович_20250503.xlsx - [generate_document.py:51]
2025-05-03 20:56:33 - my_bot - INFO - Документ записан в базу данных. ID: 16 - [generate_document.py:344]
2025-05-03 20:56:35 - my_bot - INFO - Пользователь 1374296012 запросил список арендаторов - [get_ten.py:65]
2025-05-03 20:56:37 - my_bot - INFO - Пользователь начал массовую рассылку - [mass_otr.py:28]
2025-05-03 20:56:38 - my_bot - INFO - Выбраны арендаторы: [19] - [mass_otr.py:42]
2025-05-03 20:56:45 - my_bot - INFO - Генерация документа для №1 (19)... - [mass_otr.py:214]
2025-05-03 20:56:45 - my_bot - INFO - Сформировано имя файла: Счет_за_аренду_46-57_МелякинИванВладимирович_20250503.xlsx - [generate_document.py:319]
2025-05-03 20:56:45 - my_bot - INFO - Начало генерации документа: Счет_за_аренду_46-57_МелякинИванВладимирович_20250503.xlsx - [generate_document.py:31]
2025-05-03 20:56:45 - my_bot - INFO - Документ создан: C:\проекты\бот_квитанции\data\files\Счет_за_аренду_46-57_МелякинИванВладимирович_20250503.xlsx - [generate_document.py:51]
2025-05-03 20:56:45 - my_bot - INFO - Документ записан в базу данных. ID: 17 - [generate_document.py:344]
2025-05-03 20:57:02 - my_bot - INFO - Запущена конвертация Excel → PDF (LibreOffice): C:\проекты\бот_квитанции\data\files\Счет_за_аренду_46-57_МелякинИванВладимирович_20250503.xlsx → C:\проекты\бот_квитанции\data\files\Счет_за_аренду_46-57_МелякинИванВладимирович_20250503.pdf - [excel_to_pdf.py:6]
2025-05-03 20:57:03 - my_bot - INFO - PDF успешно создан: C:\проекты\бот_квитанции\data\files\Счет_за_аренду_46-57_МелякинИванВладимирович_20250503.pdf - [excel_to_pdf.py:26]
2025-05-03 20:57:03 - my_bot - INFO - Начало отправки email на mitanemita5@gmail.com - [email_sender.py:9]
2025-05-03 20:57:05 - my_bot - INFO - Email успешно отправлен на mitanemita5@gmail.com - [email_sender.py:28]
2025-05-03 21:02:44 - my_bot - INFO - Starting bot... - [main.py:114]
2025-05-03 21:02:44 - my_bot - INFO - Инициализация планировщика - [main.py:15]
2025-05-03 21:02:44 - my_bot - INFO - Планировщик успешно запущен - [main.py:24]
2025-05-03 21:02:47 - my_bot - INFO - Пользователь 1374296012 запросил список арендаторов - [get_ten.py:65]
2025-05-03 21:02:48 - my_bot - INFO - Пользователь начал массовую рассылку - [mass_otr.py:28]
2025-05-03 21:02:48 - my_bot - INFO - Выбраны арендаторы: [19] - [mass_otr.py:42]
2025-05-03 21:02:51 - my_bot - INFO - Генерация документа для №1 (19)... - [mass_otr.py:212]
2025-05-03 21:02:51 - my_bot - INFO - Сформировано имя файла: Акт_аренда_46-57_МелякинИванВладимирович_20250503.xlsx - [generate_document.py:319]
2025-05-03 21:02:51 - my_bot - INFO - Начало генерации документа: Акт_аренда_46-57_МелякинИванВладимирович_20250503.xlsx - [generate_document.py:31]
2025-05-03 21:02:51 - my_bot - INFO - Документ создан: C:\проекты\бот_квитанции\data\files\Акт_аренда_46-57_МелякинИванВладимирович_20250503.xlsx - [generate_document.py:51]
2025-05-03 21:02:51 - my_bot - INFO - Документ записан в базу данных. ID: 18 - [generate_document.py:344]
2025-05-03 21:02:54 - my_bot - INFO - Запущена конвертация Excel → PDF (LibreOffice): C:\проекты\бот_квитанции\data\files\Акт_аренда_46-57_МелякинИванВладимирович_20250503.xlsx → C:\проекты\бот_квитанции\data\files\Акт_аренда_46-57_МелякинИванВладимирович_20250503.pdf - [excel_to_pdf.py:6]
2025-05-03 21:02:55 - my_bot - INFO - PDF успешно создан: C:\проекты\бот_квитанции\data\files\Акт_аренда_46-57_МелякинИванВладимирович_20250503.pdf - [excel_to_pdf.py:26]
2025-05-03 21:02:55 - my_bot - INFO - Начало отправки email на mitanemita5@gmail.com - [email_sender.py:9]
2025-05-03 21:02:58 - my_bot - INFO - Email успешно отправлен на mitanemita5@gmail.com - [email_sender.py:28]
2025-05-04 14:52:04 - my_bot - INFO - Starting bot... - [main.py:114]
2025-05-04 14:52:04 - my_bot - INFO - Инициализация планировщика - [main.py:15]
2025-05-04 14:52:04 - my_bot - INFO - Планировщик успешно запущен - [main.py:24]
2025-05-04 14:52:04 - my_bot - INFO - User 1374296012 requested profile - [profile.py:34]
2025-05-04 14:52:10 - my_bot - INFO - Пользователь 1374296012 запросил список арендаторов - [get_ten.py:65]
2025-05-04 14:52:11 - my_bot - INFO - Пользователь 1374296012 запросил список арендаторов - [get_ten.py:65]
2025-05-04 14:52:18 - my_bot - INFO - Сформировано имя файла: Акт_аренда_46-57_МелякинИванВладимирович_20250504.xlsx - [generate_document.py:319]
2025-05-04 14:52:18 - my_bot - INFO - Начало генерации документа: Акт_аренда_46-57_МелякинИванВладимирович_20250504.xlsx - [generate_document.py:31]
2025-05-04 14:52:18 - my_bot - INFO - Документ создан: C:\проекты\бот_квитанции\data\files\Акт_аренда_46-57_МелякинИванВладимирович_20250504.xlsx - [generate_document.py:51]
2025-05-04 14:52:18 - my_bot - INFO - Документ записан в базу данных. ID: 19 - [generate_document.py:344]
2025-05-04 14:52:55 - my_bot - INFO - Запущена конвертация Excel → PDF (LibreOffice): C:\проекты\бот_квитанции\data\files\Акт_аренда_46-57_МелякинИванВладимирович_20250504.xlsx → C:\проекты\бот_квитанции\data\files\Акт_аренда_46-57_МелякинИванВладимирович_20250504.pdf - [excel_to_pdf.py:6]
2025-05-04 14:52:56 - my_bot - INFO - PDF успешно создан: C:\проекты\бот_квитанции\data\files\Акт_аренда_46-57_МелякинИванВладимирович_20250504.pdf - [excel_to_pdf.py:26]
2025-05-04 14:52:56 - my_bot - INFO - Начало отправки email на mitanemita5@gmail.com - [email_sender.py:9]
2025-05-04 14:52:59 - my_bot - INFO - Email успешно отправлен на mitanemita5@gmail.com - [email_sender.py:28]
2025-05-04 15:12:09 - my_bot - INFO - Starting bot... - [main.py:114]
2025-05-04 15:12:09 - my_bot - INFO - Инициализация планировщика - [main.py:15]
2025-05-04 15:12:09 - my_bot - INFO - Планировщик успешно запущен - [main.py:24]
2025-05-04 15:12:12 - my_bot - WARNING - Нераспознанное сообщение от 1374296012: ↩️ Назад - [main.py:104]
2025-05-04 15:12:13 - my_bot - INFO - User 1374296012 requested profile - [profile.py:39]
2025-05-04 15:12:20 - my_bot - INFO - User 1374296012 requested profile - [profile.py:39]
2025-05-04 15:22:40 - my_bot - INFO - Starting bot... - [main.py:114]
2025-05-04 15:22:40 - my_bot - INFO - Инициализация планировщика - [main.py:15]
2025-05-04 15:22:40 - my_bot - INFO - Планировщик успешно запущен - [main.py:24]
2025-05-04 15:23:26 - my_bot - INFO - User 1374296012 requested profile - [profile.py:41]
2025-05-04 15:25:17 - my_bot - INFO - Starting bot... - [main.py:114]
2025-05-04 15:25:17 - my_bot - INFO - Инициализация планировщика - [main.py:15]
2025-05-04 15:25:17 - my_bot - INFO - Планировщик успешно запущен - [main.py:24]
2025-05-04 15:25:32 - my_bot - WARNING - Нераспознанное сообщение от 1374296012: Лара - [main.py:104]
2025-05-04 15:25:34 - my_bot - INFO - User 1374296012 requested profile - [profile.py:41]
2025-05-04 15:31:06 - my_bot - INFO - Starting bot... - [main.py:114]
2025-05-04 15:31:06 - my_bot - INFO - Инициализация планировщика - [main.py:15]
2025-05-04 15:31:06 - my_bot - INFO - Планировщик успешно запущен - [main.py:24]
2025-05-04 15:31:11 - my_bot - WARNING - Нераспознанное сообщение от 1374296012: ↩️ Назад - [main.py:104]
2025-05-04 15:31:13 - my_bot - INFO - User 1374296012 requested profile - [profile.py:41]
2025-05-04 15:32:47 - my_bot - INFO - Starting bot... - [main.py:114]
2025-05-04 15:32:47 - my_bot - INFO - Инициализация планировщика - [main.py:15]
2025-05-04 15:32:47 - my_bot - INFO - Планировщик успешно запущен - [main.py:24]
2025-05-04 15:33:07 - my_bot - WARNING - Нераспознанное сообщение от 1374296012: ↩️ Назад - [main.py:104]
2025-05-04 15:33:08 - my_bot - INFO - User 1374296012 requested profile - [profile.py:42]
2025-05-04 15:38:12 - my_bot - INFO - Starting bot... - [main.py:114]
2025-05-04 15:38:12 - my_bot - INFO - Инициализация планировщика - [main.py:15]
2025-05-04 15:38:12 - my_bot - INFO - Планировщик успешно запущен - [main.py:24]
2025-05-04 15:38:18 - my_bot - WARNING - Нераспознанное сообщение от 1374296012: ↩️ Назад - [main.py:104]
2025-05-04 15:38:19 - my_bot - INFO - User 1374296012 requested profile - [profile.py:51]
2025-05-04 15:38:19 - my_bot - INFO - Profile displayed for user 1374296012 - [profile.py:97]
2025-05-04 15:38:20 - my_bot - INFO - User 1374296012 selected menu option: Фото подписи - [profile.py:106]
2025-05-04 15:38:20 - my_bot - ERROR - Error handling profile menu for user 1374296012: Can't instantiate abstract class InputFile without an implementation for abstract method 'read' - [profile.py:154]
2025-05-04 15:41:04 - my_bot - INFO - Starting bot... - [main.py:114]
2025-05-04 15:41:04 - my_bot - INFO - Инициализация планировщика - [main.py:15]
2025-05-04 15:41:04 - my_bot - INFO - Планировщик успешно запущен - [main.py:24]
2025-05-04 15:41:05 - my_bot - WARNING - Нераспознанное сообщение от 1374296012: Фото подписи - [main.py:104]
2025-05-04 15:41:09 - my_bot - INFO - User 1374296012 requested profile - [profile.py:51]
2025-05-04 15:41:09 - my_bot - INFO - Profile displayed for user 1374296012 - [profile.py:97]
2025-05-04 15:41:10 - my_bot - INFO - User 1374296012 selected menu option: Фото подписи - [profile.py:106]
2025-05-04 15:41:10 - my_bot - ERROR - Error handling profile menu for user 1374296012: 2 validation errors for SendPhoto
photo.str
  Input should be a valid string [type=string_type, input_value=<_io.BufferedReader name=.../photos/1374296012.png'>, input_type=BufferedReader]
    For further information visit https://errors.pydantic.dev/2.10/v/string_type
photo.is-instance[InputFile]
  Input should be an instance of InputFile [type=is_instance_of, input_value=<_io.BufferedReader name=.../photos/1374296012.png'>, input_type=BufferedReader]
    For further information visit https://errors.pydantic.dev/2.10/v/is_instance_of - [profile.py:152]
2025-05-04 15:42:23 - my_bot - INFO - Starting bot... - [main.py:114]
2025-05-04 15:42:23 - my_bot - INFO - Инициализация планировщика - [main.py:15]
2025-05-04 15:42:23 - my_bot - INFO - Планировщик успешно запущен - [main.py:24]
2025-05-04 15:42:24 - my_bot - WARNING - Нераспознанное сообщение от 1374296012: ↩️ Назад - [main.py:104]
2025-05-04 15:42:26 - my_bot - INFO - User 1374296012 requested profile - [profile.py:52]
2025-05-04 15:42:26 - my_bot - INFO - Profile displayed for user 1374296012 - [profile.py:98]
2025-05-04 15:43:20 - my_bot - INFO - User 1374296012 selected menu option: Фото подписи - [profile.py:107]
2025-05-04 15:43:20 - my_bot - ERROR - Error handling profile menu for user 1374296012: Can't instantiate abstract class InputFile without an implementation for abstract method 'read' - [profile.py:154]
2025-05-04 15:44:09 - my_bot - INFO - Starting bot... - [main.py:114]
2025-05-04 15:44:09 - my_bot - INFO - Инициализация планировщика - [main.py:15]
2025-05-04 15:44:09 - my_bot - INFO - Планировщик успешно запущен - [main.py:24]
2025-05-04 15:44:10 - my_bot - WARNING - Нераспознанное сообщение от 1374296012: ↩️ Назад - [main.py:104]
2025-05-04 15:44:13 - my_bot - INFO - User 1374296012 requested profile - [profile.py:52]
2025-05-04 15:44:14 - my_bot - INFO - Profile displayed for user 1374296012 - [profile.py:98]
2025-05-04 15:44:14 - my_bot - INFO - User 1374296012 selected menu option: Фото подписи - [profile.py:107]
2025-05-04 15:44:14 - my_bot - ERROR - Error handling profile menu for user 1374296012: Can't instantiate abstract class InputFile without an implementation for abstract method 'read' - [profile.py:154]
2025-05-04 15:45:42 - my_bot - INFO - Starting bot... - [main.py:114]
2025-05-04 15:45:42 - my_bot - INFO - Инициализация планировщика - [main.py:15]
2025-05-04 15:45:42 - my_bot - INFO - Планировщик успешно запущен - [main.py:24]
2025-05-04 15:45:42 - my_bot - WARNING - Нераспознанное сообщение от 1374296012: ↩️ Назад - [main.py:104]
2025-05-04 15:45:43 - my_bot - INFO - User 1374296012 requested profile - [profile.py:52]
2025-05-04 15:45:43 - my_bot - INFO - Profile displayed for user 1374296012 - [profile.py:98]
2025-05-04 15:45:44 - my_bot - INFO - User 1374296012 selected menu option: Фото подписи - [profile.py:107]
2025-05-04 15:45:44 - my_bot - ERROR - Error handling profile menu for user 1374296012: Can't instantiate abstract class InputFile without an implementation for abstract method 'read' - [profile.py:154]
2025-05-04 15:47:30 - my_bot - INFO - Starting bot... - [main.py:114]
2025-05-04 15:47:30 - my_bot - INFO - Инициализация планировщика - [main.py:15]
2025-05-04 15:47:30 - my_bot - INFO - Планировщик успешно запущен - [main.py:24]
2025-05-04 15:47:34 - my_bot - WARNING - Нераспознанное сообщение от 1374296012: Фото подписи - [main.py:104]
2025-05-04 15:47:35 - my_bot - INFO - User 1374296012 requested profile - [profile.py:52]
2025-05-04 15:47:35 - my_bot - INFO - Profile displayed for user 1374296012 - [profile.py:98]
2025-05-04 15:47:35 - my_bot - INFO - User 1374296012 selected menu option: Фото подписи - [profile.py:107]
2025-05-04 15:47:35 - my_bot - ERROR - Error handling profile menu for user 1374296012: Can't instantiate abstract class InputFile without an implementation for abstract method 'read' - [profile.py:154]
2025-05-04 15:49:18 - my_bot - INFO - Starting bot... - [main.py:114]
2025-05-04 15:49:18 - my_bot - INFO - Инициализация планировщика - [main.py:15]
2025-05-04 15:49:18 - my_bot - INFO - Планировщик успешно запущен - [main.py:24]
2025-05-04 15:49:20 - my_bot - WARNING - Нераспознанное сообщение от 1374296012: ↩️ Назад - [main.py:104]
2025-05-04 15:49:21 - my_bot - INFO - User 1374296012 requested profile - [profile.py:52]
2025-05-04 15:49:21 - my_bot - INFO - Profile displayed for user 1374296012 - [profile.py:98]
2025-05-04 15:49:23 - my_bot - INFO - User 1374296012 selected menu option: Фото подписи - [profile.py:107]
2025-05-04 15:49:23 - my_bot - ERROR - Error handling profile menu for user 1374296012: Can't instantiate abstract class InputFile without an implementation for abstract method 'read' - [profile.py:154]
2025-05-04 15:52:17 - my_bot - INFO - Starting bot... - [main.py:114]
2025-05-04 15:52:17 - my_bot - INFO - Инициализация планировщика - [main.py:15]
2025-05-04 15:52:17 - my_bot - INFO - Планировщик успешно запущен - [main.py:24]
2025-05-04 15:52:20 - my_bot - WARNING - Нераспознанное сообщение от 1374296012: ↩️ Назад - [main.py:104]
2025-05-04 15:52:24 - my_bot - INFO - User 1374296012 requested profile - [profile.py:52]
2025-05-04 15:52:24 - my_bot - INFO - Profile displayed for user 1374296012 - [profile.py:98]
2025-05-04 15:52:25 - my_bot - INFO - User 1374296012 selected menu option: Фото подписи - [profile.py:107]
2025-05-04 15:52:25 - my_bot - INFO - User 1374296012 entered photo signature section - [profile.py:150]
2025-05-04 15:52:36 - my_bot - INFO - User 1374296012 returned from photo signature section - [profile.py:282]
2025-05-04 15:52:36 - my_bot - INFO - User 1374296012 requested profile - [profile.py:52]
2025-05-04 15:52:36 - my_bot - INFO - Profile displayed for user 1374296012 - [profile.py:98]
2025-05-04 15:53:29 - my_bot - INFO - User 1374296012 selected menu option: ↩️ Назад - [profile.py:107]
2025-05-04 15:53:30 - my_bot - INFO - User 1374296012 returned to main menu - [profile.py:113]
2025-05-04 15:53:32 - my_bot - INFO - User 1374296012 requested profile - [profile.py:52]
2025-05-04 15:53:32 - my_bot - INFO - Profile displayed for user 1374296012 - [profile.py:98]
2025-05-04 16:43:36 - my_bot - INFO - Starting bot... - [main.py:114]
2025-05-04 16:43:36 - my_bot - INFO - Инициализация планировщика - [main.py:15]
2025-05-04 16:43:36 - my_bot - INFO - Планировщик успешно запущен - [main.py:24]
2025-05-04 16:43:40 - my_bot - WARNING - Нераспознанное сообщение от 1374296012: ↩️ Назад - [main.py:104]
2025-05-04 16:43:42 - my_bot - INFO - Пользователь 1374296012 запросил список арендаторов - [get_ten.py:65]
2025-05-04 16:43:43 - my_bot - INFO - Пользователь 1374296012 запросил список арендаторов - [get_ten.py:65]
2025-05-04 16:43:48 - my_bot - INFO - Сформировано имя файла: Акт_аренда_46-57_МелякинИванВладимирович_20250504.xlsx - [generate_document.py:319]
2025-05-04 16:43:48 - my_bot - INFO - Начало генерации документа: Акт_аренда_46-57_МелякинИванВладимирович_20250504.xlsx - [generate_document.py:31]
2025-05-04 16:43:48 - my_bot - INFO - Документ создан: C:\проекты\бот_квитанции\data\files\Акт_аренда_46-57_МелякинИванВладимирович_20250504.xlsx - [generate_document.py:51]
2025-05-04 16:43:48 - my_bot - INFO - Документ записан в базу данных. ID: 20 - [generate_document.py:344]
2025-05-04 16:43:49 - my_bot - INFO - Запущена конвертация Excel → PDF (LibreOffice): C:\проекты\бот_квитанции\data\files\Акт_аренда_46-57_МелякинИванВладимирович_20250504.xlsx → C:\проекты\бот_квитанции\data\files\Акт_аренда_46-57_МелякинИванВладимирович_20250504.pdf - [excel_to_pdf.py:8]
2025-05-04 16:43:50 - my_bot - INFO - PDF успешно создан: C:\проекты\бот_квитанции\data\files\Акт_аренда_46-57_МелякинИванВладимирович_20250504.pdf - [excel_to_pdf.py:22]
2025-05-04 16:43:50 - my_bot - ERROR - Ошибка при конвертации C:\проекты\бот_квитанции\data\files\Акт_аренда_46-57_МелякинИванВладимирович_20250504.xlsx в PDF: FPDF error: Not a PNG file: data/photos/1374296012.png - [excel_to_pdf.py:32]
Traceback (most recent call last):
  File "c:\проекты\бот_квитанции\src\services\excel_to_pdf.py", line 26, in convert_excel_to_pdf
    add_signature_to_pdf(pdf_path, signature_path)
    ~~~~~~~~~~~~~~~~~~~~^^^^^^^^^^^^^^^^^^^^^^^^^^
  File "c:\проекты\бот_квитанции\src\services\excel_to_pdf.py", line 40, in add_signature_to_pdf
    pdf.image(signature_path, x=10, y=250, w=40)
    ~~~~~~~~~^^^^^^^^^^^^^^^^^^^^^^^^^^^^^^^^^^^
  File "C:\Users\mitan\AppData\Local\Programs\Python\Python313\Lib\site-packages\fpdf\fpdf.py", line 150, in wrapper
    return fn(self, *args, **kwargs)
  File "C:\Users\mitan\AppData\Local\Programs\Python\Python313\Lib\site-packages\fpdf\fpdf.py", line 971, in image
    info=self._parsepng(name)
  File "C:\Users\mitan\AppData\Local\Programs\Python\Python313\Lib\site-packages\fpdf\fpdf.py", line 1780, in _parsepng
    self.error('Not a PNG file: '+name)
    ~~~~~~~~~~^^^^^^^^^^^^^^^^^^^^^^^^^
  File "C:\Users\mitan\AppData\Local\Programs\Python\Python313\Lib\site-packages\fpdf\fpdf.py", line 227, in error
    raise RuntimeError('FPDF error: '+msg)
RuntimeError: FPDF error: Not a PNG file: data/photos/1374296012.png
2025-05-04 16:43:50 - my_bot - ERROR - Ошибка отправки: FPDF error: Not a PNG file: data/photos/1374296012.png - [document_handlers.py:307]
Traceback (most recent call last):
  File "c:\проекты\бот_квитанции\src\handlers\document_handlers.py", line 262, in handle_send_confirmation
    excel_to_pdf.convert_excel_to_pdf(xlsx_path, pdf_path, message.from_user.id)
    ~~~~~~~~~~~~~~~~~~~~~~~~~~~~~~~~~^^^^^^^^^^^^^^^^^^^^^^^^^^^^^^^^^^^^^^^^^^^
  File "c:\проекты\бот_квитанции\src\services\excel_to_pdf.py", line 26, in convert_excel_to_pdf
    add_signature_to_pdf(pdf_path, signature_path)
    ~~~~~~~~~~~~~~~~~~~~^^^^^^^^^^^^^^^^^^^^^^^^^^
  File "c:\проекты\бот_квитанции\src\services\excel_to_pdf.py", line 40, in add_signature_to_pdf
    pdf.image(signature_path, x=10, y=250, w=40)
    ~~~~~~~~~^^^^^^^^^^^^^^^^^^^^^^^^^^^^^^^^^^^
  File "C:\Users\mitan\AppData\Local\Programs\Python\Python313\Lib\site-packages\fpdf\fpdf.py", line 150, in wrapper
    return fn(self, *args, **kwargs)
  File "C:\Users\mitan\AppData\Local\Programs\Python\Python313\Lib\site-packages\fpdf\fpdf.py", line 971, in image
    info=self._parsepng(name)
  File "C:\Users\mitan\AppData\Local\Programs\Python\Python313\Lib\site-packages\fpdf\fpdf.py", line 1780, in _parsepng
    self.error('Not a PNG file: '+name)
    ~~~~~~~~~~^^^^^^^^^^^^^^^^^^^^^^^^^
  File "C:\Users\mitan\AppData\Local\Programs\Python\Python313\Lib\site-packages\fpdf\fpdf.py", line 227, in error
    raise RuntimeError('FPDF error: '+msg)
RuntimeError: FPDF error: Not a PNG file: data/photos/1374296012.png
2025-05-04 16:46:03 - my_bot - INFO - Starting bot... - [main.py:114]
2025-05-04 16:46:03 - my_bot - INFO - Инициализация планировщика - [main.py:15]
2025-05-04 16:46:03 - my_bot - INFO - Планировщик успешно запущен - [main.py:24]
2025-05-04 16:46:05 - my_bot - WARNING - Нераспознанное сообщение от 1374296012: Тата - [main.py:104]
2025-05-04 16:46:06 - my_bot - INFO - Пользователь 1374296012 запросил список арендаторов - [get_ten.py:65]
2025-05-04 16:46:08 - my_bot - INFO - Пользователь 1374296012 запросил список арендаторов - [get_ten.py:65]
2025-05-04 16:46:12 - my_bot - INFO - Сформировано имя файла: Акт_аренда_46-57_МелякинИванВладимирович_20250504.xlsx - [generate_document.py:319]
2025-05-04 16:46:12 - my_bot - INFO - Начало генерации документа: Акт_аренда_46-57_МелякинИванВладимирович_20250504.xlsx - [generate_document.py:31]
2025-05-04 16:46:12 - my_bot - INFO - Документ создан: C:\проекты\бот_квитанции\data\files\Акт_аренда_46-57_МелякинИванВладимирович_20250504.xlsx - [generate_document.py:51]
2025-05-04 16:46:12 - my_bot - INFO - Документ записан в базу данных. ID: 21 - [generate_document.py:344]
2025-05-04 16:46:13 - my_bot - INFO - Запущена конвертация Excel → PDF (LibreOffice): C:\проекты\бот_квитанции\data\files\Акт_аренда_46-57_МелякинИванВладимирович_20250504.xlsx → C:\проекты\бот_квитанции\data\files\Акт_аренда_46-57_МелякинИванВладимирович_20250504.pdf - [excel_to_pdf.py:20]
2025-05-04 16:46:14 - my_bot - INFO - PDF успешно создан: C:\проекты\бот_квитанции\data\files\Акт_аренда_46-57_МелякинИванВладимирович_20250504.pdf - [excel_to_pdf.py:34]
2025-05-04 16:46:14 - my_bot - ERROR - Файл подписи не является валидным PNG: data/photos/1374296012.png - [excel_to_pdf.py:40]
2025-05-04 16:46:14 - my_bot - ERROR - Ошибка при конвертации C:\проекты\бот_квитанции\data\files\Акт_аренда_46-57_МелякинИванВладимирович_20250504.xlsx в PDF: Подпись не в формате PNG, отправка документа отменена. - [excel_to_pdf.py:47]
Traceback (most recent call last):
  File "c:\проекты\бот_квитанции\src\services\excel_to_pdf.py", line 41, in convert_excel_to_pdf
    raise RuntimeError("Подпись не в формате PNG, отправка документа отменена.")
RuntimeError: Подпись не в формате PNG, отправка документа отменена.
2025-05-04 16:46:14 - my_bot - ERROR - Ошибка отправки: Подпись не в формате PNG, отправка документа отменена. - [document_handlers.py:307]
Traceback (most recent call last):
  File "c:\проекты\бот_квитанции\src\handlers\document_handlers.py", line 262, in handle_send_confirmation
    excel_to_pdf.convert_excel_to_pdf(xlsx_path, pdf_path, message.from_user.id)
    ~~~~~~~~~~~~~~~~~~~~~~~~~~~~~~~~~^^^^^^^^^^^^^^^^^^^^^^^^^^^^^^^^^^^^^^^^^^^
  File "c:\проекты\бот_квитанции\src\services\excel_to_pdf.py", line 41, in convert_excel_to_pdf
    raise RuntimeError("Подпись не в формате PNG, отправка документа отменена.")
RuntimeError: Подпись не в формате PNG, отправка документа отменена.
2025-05-04 16:47:30 - my_bot - INFO - Starting bot... - [main.py:114]
2025-05-04 16:47:30 - my_bot - INFO - Инициализация планировщика - [main.py:15]
2025-05-04 16:47:30 - my_bot - INFO - Планировщик успешно запущен - [main.py:24]
2025-05-04 16:47:52 - my_bot - WARNING - Нераспознанное сообщение от 1374296012: Тата - [main.py:104]
2025-05-04 16:47:53 - my_bot - INFO - Пользователь 1374296012 запросил список арендаторов - [get_ten.py:65]
2025-05-04 16:47:55 - my_bot - INFO - Пользователь 1374296012 запросил список арендаторов - [get_ten.py:65]
2025-05-04 16:47:59 - my_bot - INFO - Сформировано имя файла: Акт_аренда_46-57_МелякинИванВладимирович_20250504.xlsx - [generate_document.py:319]
2025-05-04 16:47:59 - my_bot - INFO - Начало генерации документа: Акт_аренда_46-57_МелякинИванВладимирович_20250504.xlsx - [generate_document.py:31]
2025-05-04 16:47:59 - my_bot - INFO - Документ создан: C:\проекты\бот_квитанции\data\files\Акт_аренда_46-57_МелякинИванВладимирович_20250504.xlsx - [generate_document.py:51]
2025-05-04 16:47:59 - my_bot - INFO - Документ записан в базу данных. ID: 22 - [generate_document.py:344]
2025-05-04 16:48:00 - my_bot - INFO - Запущена конвертация Excel → PDF (LibreOffice): C:\проекты\бот_квитанции\data\files\Акт_аренда_46-57_МелякинИванВладимирович_20250504.xlsx → C:\проекты\бот_квитанции\data\files\Акт_аренда_46-57_МелякинИванВладимирович_20250504.pdf - [excel_to_pdf.py:23]
2025-05-04 16:48:01 - my_bot - INFO - PDF успешно создан: C:\проекты\бот_квитанции\data\files\Акт_аренда_46-57_МелякинИванВладимирович_20250504.pdf - [excel_to_pdf.py:37]
2025-05-04 16:48:01 - my_bot - ERROR - Файл подписи не является валидным PNG: data/photos/1374296012.png - [excel_to_pdf.py:43]
2025-05-04 16:48:01 - my_bot - ERROR - Ошибка при конвертации C:\проекты\бот_квитанции\data\files\Акт_аренда_46-57_МелякинИванВладимирович_20250504.xlsx в PDF: Подпись не в формате PNG, отправка документа отменена. - [excel_to_pdf.py:50]
Traceback (most recent call last):
  File "c:\проекты\бот_квитанции\src\services\excel_to_pdf.py", line 44, in convert_excel_to_pdf
    raise RuntimeError("Подпись не в формате PNG, отправка документа отменена.")
RuntimeError: Подпись не в формате PNG, отправка документа отменена.
2025-05-04 16:48:01 - my_bot - ERROR - Ошибка отправки: Подпись не в формате PNG, отправка документа отменена. - [document_handlers.py:307]
Traceback (most recent call last):
  File "c:\проекты\бот_квитанции\src\handlers\document_handlers.py", line 262, in handle_send_confirmation
    excel_to_pdf.convert_excel_to_pdf(xlsx_path, pdf_path, message.from_user.id)
    ~~~~~~~~~~~~~~~~~~~~~~~~~~~~~~~~~^^^^^^^^^^^^^^^^^^^^^^^^^^^^^^^^^^^^^^^^^^^
  File "c:\проекты\бот_квитанции\src\services\excel_to_pdf.py", line 44, in convert_excel_to_pdf
    raise RuntimeError("Подпись не в формате PNG, отправка документа отменена.")
RuntimeError: Подпись не в формате PNG, отправка документа отменена.
2025-05-04 16:49:46 - my_bot - INFO - Starting bot... - [main.py:114]
2025-05-04 16:49:46 - my_bot - INFO - Инициализация планировщика - [main.py:15]
2025-05-04 16:49:46 - my_bot - INFO - Планировщик успешно запущен - [main.py:24]
2025-05-04 16:49:47 - my_bot - WARNING - Нераспознанное сообщение от 1374296012: Оплата - [main.py:104]
2025-05-04 16:49:49 - my_bot - INFO - Пользователь 1374296012 запросил список арендаторов - [get_ten.py:65]
2025-05-04 16:49:50 - my_bot - INFO - Пользователь 1374296012 запросил список арендаторов - [get_ten.py:65]
2025-05-04 16:49:54 - my_bot - INFO - Сформировано имя файла: Акт_аренда_46-57_МелякинИванВладимирович_20250504.xlsx - [generate_document.py:319]
2025-05-04 16:49:54 - my_bot - INFO - Начало генерации документа: Акт_аренда_46-57_МелякинИванВладимирович_20250504.xlsx - [generate_document.py:31]
2025-05-04 16:49:55 - my_bot - INFO - Документ создан: C:\проекты\бот_квитанции\data\files\Акт_аренда_46-57_МелякинИванВладимирович_20250504.xlsx - [generate_document.py:51]
2025-05-04 16:49:55 - my_bot - INFO - Документ записан в базу данных. ID: 23 - [generate_document.py:344]
2025-05-04 16:49:56 - my_bot - INFO - Запущена конвертация Excel → PDF (LibreOffice): C:\проекты\бот_квитанции\data\files\Акт_аренда_46-57_МелякинИванВладимирович_20250504.xlsx → C:\проекты\бот_квитанции\data\files\Акт_аренда_46-57_МелякинИванВладимирович_20250504.pdf - [excel_to_pdf.py:31]
2025-05-04 16:49:57 - my_bot - INFO - PDF успешно создан: C:\проекты\бот_квитанции\data\files\Акт_аренда_46-57_МелякинИванВладимирович_20250504.pdf - [excel_to_pdf.py:45]
2025-05-04 16:49:57 - my_bot - INFO - Подпись преобразована в корректный PNG: data/photos/1374296012_fixed.png - [excel_to_pdf.py:55]
2025-05-04 16:49:57 - my_bot - INFO - Подпись добавлена в PDF: C:\проекты\бот_квитанции\data\files\Акт_аренда_46-57_МелякинИванВладимирович_20250504_with_signature.pdf - [excel_to_pdf.py:80]
2025-05-04 16:49:57 - my_bot - INFO - Начало отправки email на mitanemita5@gmail.com - [email_sender.py:9]
2025-05-04 16:50:00 - my_bot - INFO - Email успешно отправлен на mitanemita5@gmail.com - [email_sender.py:28]
2025-05-04 16:52:46 - my_bot - INFO - Starting bot... - [main.py:114]
2025-05-04 16:52:46 - my_bot - INFO - Инициализация планировщика - [main.py:15]
2025-05-04 16:52:46 - my_bot - INFO - Планировщик успешно запущен - [main.py:24]
2025-05-04 16:52:46 - my_bot - WARNING - Нераспознанное сообщение от 1374296012: ↩️ Назад - [main.py:104]
2025-05-04 16:52:48 - my_bot - INFO - Пользователь 1374296012 запросил список арендаторов - [get_ten.py:65]
2025-05-04 16:52:49 - my_bot - INFO - Пользователь 1374296012 запросил список арендаторов - [get_ten.py:65]
2025-05-04 16:52:53 - my_bot - INFO - Сформировано имя файла: Акт_аренда_46-57_МелякинИванВладимирович_20250504.xlsx - [generate_document.py:319]
2025-05-04 16:52:53 - my_bot - INFO - Начало генерации документа: Акт_аренда_46-57_МелякинИванВладимирович_20250504.xlsx - [generate_document.py:31]
2025-05-04 16:52:53 - my_bot - INFO - Документ создан: C:\проекты\бот_квитанции\data\files\Акт_аренда_46-57_МелякинИванВладимирович_20250504.xlsx - [generate_document.py:51]
2025-05-04 16:52:53 - my_bot - INFO - Документ записан в базу данных. ID: 24 - [generate_document.py:344]
2025-05-04 16:52:54 - my_bot - INFO - Запущена конвертация Excel → PDF (LibreOffice): C:\проекты\бот_квитанции\data\files\Акт_аренда_46-57_МелякинИванВладимирович_20250504.xlsx → C:\проекты\бот_квитанции\data\files\Акт_аренда_46-57_МелякинИванВладимирович_20250504.pdf - [excel_to_pdf.py:30]
2025-05-04 16:52:55 - my_bot - INFO - PDF успешно создан: C:\проекты\бот_квитанции\data\files\Акт_аренда_46-57_МелякинИванВладимирович_20250504.pdf - [excel_to_pdf.py:44]
2025-05-04 16:52:55 - my_bot - INFO - Подпись преобразована в корректный PNG: data/photos/1374296012_fixed.png - [excel_to_pdf.py:54]
2025-05-04 16:52:55 - my_bot - ERROR - Ошибка при конвертации C:\проекты\бот_квитанции\data\files\Акт_аренда_46-57_МелякинИванВладимирович_20250504.xlsx в PDF: [Errno 2] No such file or directory: 'data/photos/1374296012_fixed.png' - [excel_to_pdf.py:65]
Traceback (most recent call last):
  File "c:\проекты\бот_квитанции\src\services\excel_to_pdf.py", line 59, in convert_excel_to_pdf
    add_signature_to_pdf(pdf_path, signature_path)
    ~~~~~~~~~~~~~~~~~~~~^^^^^^^^^^^^^^^^^^^^^^^^^^
  File "c:\проекты\бот_квитанции\src\services\excel_to_pdf.py", line 72, in add_signature_to_pdf
    pdf.image(signature_path, x=10, y=250, w=40)
    ~~~~~~~~~^^^^^^^^^^^^^^^^^^^^^^^^^^^^^^^^^^^
  File "C:\Users\mitan\AppData\Local\Programs\Python\Python313\Lib\site-packages\fpdf\fpdf.py", line 150, in wrapper
    return fn(self, *args, **kwargs)
  File "C:\Users\mitan\AppData\Local\Programs\Python\Python313\Lib\site-packages\fpdf\fpdf.py", line 971, in image
    info=self._parsepng(name)
  File "C:\Users\mitan\AppData\Local\Programs\Python\Python313\Lib\site-packages\fpdf\fpdf.py", line 1772, in _parsepng
    f=open(name,'rb')
FileNotFoundError: [Errno 2] No such file or directory: 'data/photos/1374296012_fixed.png'
2025-05-04 16:52:55 - my_bot - ERROR - Ошибка отправки: [Errno 2] No such file or directory: 'data/photos/1374296012_fixed.png' - [document_handlers.py:307]
Traceback (most recent call last):
  File "c:\проекты\бот_квитанции\src\handlers\document_handlers.py", line 262, in handle_send_confirmation
    excel_to_pdf.convert_excel_to_pdf(xlsx_path, pdf_path, message.from_user.id)
    ~~~~~~~~~~~~~~~~~~~~~~~~~~~~~~~~~^^^^^^^^^^^^^^^^^^^^^^^^^^^^^^^^^^^^^^^^^^^
  File "c:\проекты\бот_квитанции\src\services\excel_to_pdf.py", line 59, in convert_excel_to_pdf
    add_signature_to_pdf(pdf_path, signature_path)
    ~~~~~~~~~~~~~~~~~~~~^^^^^^^^^^^^^^^^^^^^^^^^^^
  File "c:\проекты\бот_квитанции\src\services\excel_to_pdf.py", line 72, in add_signature_to_pdf
    pdf.image(signature_path, x=10, y=250, w=40)
    ~~~~~~~~~^^^^^^^^^^^^^^^^^^^^^^^^^^^^^^^^^^^
  File "C:\Users\mitan\AppData\Local\Programs\Python\Python313\Lib\site-packages\fpdf\fpdf.py", line 150, in wrapper
    return fn(self, *args, **kwargs)
  File "C:\Users\mitan\AppData\Local\Programs\Python\Python313\Lib\site-packages\fpdf\fpdf.py", line 971, in image
    info=self._parsepng(name)
  File "C:\Users\mitan\AppData\Local\Programs\Python\Python313\Lib\site-packages\fpdf\fpdf.py", line 1772, in _parsepng
    f=open(name,'rb')
FileNotFoundError: [Errno 2] No such file or directory: 'data/photos/1374296012_fixed.png'
2025-05-04 16:55:02 - my_bot - INFO - Starting bot... - [main.py:114]
2025-05-04 16:55:02 - my_bot - INFO - Инициализация планировщика - [main.py:15]
2025-05-04 16:55:02 - my_bot - INFO - Планировщик успешно запущен - [main.py:24]
2025-05-04 16:55:28 - my_bot - WARNING - Нераспознанное сообщение от 1374296012: Тата - [main.py:104]
2025-05-04 16:55:29 - my_bot - INFO - Пользователь 1374296012 запросил список арендаторов - [get_ten.py:65]
2025-05-04 16:55:31 - my_bot - INFO - Пользователь 1374296012 запросил список арендаторов - [get_ten.py:65]
2025-05-04 16:55:35 - my_bot - INFO - Сформировано имя файла: Акт_аренда_46-57_МелякинИванВладимирович_20250504.xlsx - [generate_document.py:319]
2025-05-04 16:55:35 - my_bot - INFO - Начало генерации документа: Акт_аренда_46-57_МелякинИванВладимирович_20250504.xlsx - [generate_document.py:31]
2025-05-04 16:55:35 - my_bot - INFO - Документ создан: C:\проекты\бот_квитанции\data\files\Акт_аренда_46-57_МелякинИванВладимирович_20250504.xlsx - [generate_document.py:51]
2025-05-04 16:55:35 - my_bot - INFO - Документ записан в базу данных. ID: 25 - [generate_document.py:344]
2025-05-04 16:55:40 - my_bot - INFO - Запущена конвертация Excel → PDF (LibreOffice): C:\проекты\бот_квитанции\data\files\Акт_аренда_46-57_МелякинИванВладимирович_20250504.xlsx → C:\проекты\бот_квитанции\data\files\Акт_аренда_46-57_МелякинИванВладимирович_20250504.pdf - [excel_to_pdf.py:30]
2025-05-04 16:55:41 - my_bot - INFO - PDF успешно создан: C:\проекты\бот_квитанции\data\files\Акт_аренда_46-57_МелякинИванВладимирович_20250504.pdf - [excel_to_pdf.py:44]
2025-05-04 16:55:41 - my_bot - INFO - Подпись добавлена в PDF: C:\проекты\бот_квитанции\data\files\Акт_аренда_46-57_МелякинИванВладимирович_20250504_with_signature.pdf - [excel_to_pdf.py:75]
2025-05-04 16:55:41 - my_bot - INFO - Начало отправки email на mitanemita5@gmail.com - [email_sender.py:9]
2025-05-04 16:55:45 - my_bot - INFO - Email успешно отправлен на mitanemita5@gmail.com - [email_sender.py:28]
2025-05-04 16:58:45 - my_bot - INFO - Starting bot... - [main.py:114]
2025-05-04 16:58:45 - my_bot - INFO - Инициализация планировщика - [main.py:15]
2025-05-04 16:58:45 - my_bot - INFO - Планировщик успешно запущен - [main.py:24]
2025-05-04 16:58:45 - my_bot - WARNING - Нераспознанное сообщение от 1374296012: ↩️ Назад - [main.py:104]
2025-05-04 16:58:46 - my_bot - INFO - Пользователь 1374296012 запросил список арендаторов - [get_ten.py:65]
2025-05-04 16:58:48 - my_bot - INFO - Пользователь 1374296012 запросил список арендаторов - [get_ten.py:65]
2025-05-04 16:58:52 - my_bot - INFO - Сформировано имя файла: Акт_аренда_46-57_МелякинИванВладимирович_20250504.xlsx - [generate_document.py:319]
2025-05-04 16:58:52 - my_bot - INFO - Начало генерации документа: Акт_аренда_46-57_МелякинИванВладимирович_20250504.xlsx - [generate_document.py:31]
2025-05-04 16:58:52 - my_bot - INFO - Документ создан: C:\проекты\бот_квитанции\data\files\Акт_аренда_46-57_МелякинИванВладимирович_20250504.xlsx - [generate_document.py:51]
2025-05-04 16:58:52 - my_bot - INFO - Документ записан в базу данных. ID: 26 - [generate_document.py:344]
2025-05-04 16:58:54 - my_bot - INFO - Запущена конвертация Excel → PDF (LibreOffice): C:\проекты\бот_квитанции\data\files\Акт_аренда_46-57_МелякинИванВладимирович_20250504.xlsx → C:\проекты\бот_квитанции\data\files\Акт_аренда_46-57_МелякинИванВладимирович_20250504.pdf - [excel_to_pdf.py:30]
2025-05-04 16:58:55 - my_bot - INFO - PDF успешно создан: C:\проекты\бот_квитанции\data\files\Акт_аренда_46-57_МелякинИванВладимирович_20250504.pdf - [excel_to_pdf.py:44]
2025-05-04 16:58:55 - my_bot - INFO - Подпись добавлена в PDF: C:\проекты\бот_квитанции\data\files\Акт_аренда_46-57_МелякинИванВладимирович_20250504_with_signature.pdf - [excel_to_pdf.py:83]
2025-05-04 16:58:55 - my_bot - INFO - Начало отправки email на mitanemita5@gmail.com - [email_sender.py:9]
2025-05-04 16:58:57 - my_bot - INFO - Email успешно отправлен на mitanemita5@gmail.com - [email_sender.py:28]
2025-05-04 17:01:23 - my_bot - INFO - Starting bot... - [main.py:114]
2025-05-04 17:01:23 - my_bot - INFO - Инициализация планировщика - [main.py:15]
2025-05-04 17:01:23 - my_bot - INFO - Планировщик успешно запущен - [main.py:24]
2025-05-04 17:01:23 - my_bot - WARNING - Нераспознанное сообщение от 1374296012: ↩️ Назад - [main.py:104]
2025-05-04 17:01:25 - my_bot - INFO - Пользователь 1374296012 запросил список арендаторов - [get_ten.py:65]
2025-05-04 17:01:26 - my_bot - INFO - Пользователь 1374296012 запросил список арендаторов - [get_ten.py:65]
2025-05-04 17:01:32 - my_bot - INFO - Сформировано имя файла: Акт_аренда_46-57_МелякинИванВладимирович_20250504.xlsx - [generate_document.py:319]
2025-05-04 17:01:32 - my_bot - INFO - Начало генерации документа: Акт_аренда_46-57_МелякинИванВладимирович_20250504.xlsx - [generate_document.py:31]
2025-05-04 17:01:32 - my_bot - INFO - Документ создан: C:\проекты\бот_квитанции\data\files\Акт_аренда_46-57_МелякинИванВладимирович_20250504.xlsx - [generate_document.py:51]
2025-05-04 17:01:32 - my_bot - INFO - Документ записан в базу данных. ID: 27 - [generate_document.py:344]
2025-05-04 17:01:35 - my_bot - INFO - Запущена конвертация Excel → PDF (LibreOffice): C:\проекты\бот_квитанции\data\files\Акт_аренда_46-57_МелякинИванВладимирович_20250504.xlsx → C:\проекты\бот_квитанции\data\files\Акт_аренда_46-57_МелякинИванВладимирович_20250504.pdf - [excel_to_pdf.py:30]
2025-05-04 17:01:36 - my_bot - INFO - PDF успешно создан: C:\проекты\бот_квитанции\data\files\Акт_аренда_46-57_МелякинИванВладимирович_20250504.pdf - [excel_to_pdf.py:44]
2025-05-04 17:01:36 - my_bot - INFO - Подпись добавлена в PDF: C:\проекты\бот_квитанции\data\files\Акт_аренда_46-57_МелякинИванВладимирович_20250504_with_signature.pdf - [excel_to_pdf.py:83]
2025-05-04 17:01:36 - my_bot - INFO - Начало отправки email на mitanemita5@gmail.com - [email_sender.py:9]
2025-05-04 17:01:39 - my_bot - INFO - Email успешно отправлен на mitanemita5@gmail.com - [email_sender.py:28]
2025-05-04 17:04:08 - my_bot - INFO - Starting bot... - [main.py:114]
2025-05-04 17:04:08 - my_bot - INFO - Инициализация планировщика - [main.py:15]
2025-05-04 17:04:08 - my_bot - INFO - Планировщик успешно запущен - [main.py:24]
2025-05-04 17:04:10 - my_bot - WARNING - Нераспознанное сообщение от 1374296012: ↩️ Назад - [main.py:104]
2025-05-04 17:04:11 - my_bot - INFO - Пользователь 1374296012 запросил список арендаторов - [get_ten.py:65]
2025-05-04 17:04:12 - my_bot - INFO - Пользователь 1374296012 запросил список арендаторов - [get_ten.py:65]
2025-05-04 17:04:16 - my_bot - INFO - Сформировано имя файла: Акт_аренда_46-57_МелякинИванВладимирович_20250504.xlsx - [generate_document.py:319]
2025-05-04 17:04:16 - my_bot - INFO - Начало генерации документа: Акт_аренда_46-57_МелякинИванВладимирович_20250504.xlsx - [generate_document.py:31]
2025-05-04 17:04:16 - my_bot - INFO - Документ создан: C:\проекты\бот_квитанции\data\files\Акт_аренда_46-57_МелякинИванВладимирович_20250504.xlsx - [generate_document.py:51]
2025-05-04 17:04:16 - my_bot - INFO - Документ записан в базу данных. ID: 28 - [generate_document.py:344]
2025-05-04 17:04:18 - my_bot - INFO - Запущена конвертация Excel → PDF (LibreOffice): C:\проекты\бот_квитанции\data\files\Акт_аренда_46-57_МелякинИванВладимирович_20250504.xlsx → C:\проекты\бот_квитанции\data\files\Акт_аренда_46-57_МелякинИванВладимирович_20250504.pdf - [excel_to_pdf.py:32]
2025-05-04 17:04:19 - my_bot - INFO - PDF успешно создан: C:\проекты\бот_квитанции\data\files\Акт_аренда_46-57_МелякинИванВладимирович_20250504.pdf - [excel_to_pdf.py:46]
2025-05-04 17:04:19 - my_bot - INFO - Подпись добавлена в PDF: C:\проекты\бот_квитанции\data\files\Акт_аренда_46-57_МелякинИванВладимирович_20250504_with_signature.pdf - [excel_to_pdf.py:85]
2025-05-04 17:04:19 - my_bot - INFO - Начало отправки email на mitanemita5@gmail.com - [email_sender.py:9]
2025-05-04 17:04:22 - my_bot - INFO - Email успешно отправлен на mitanemita5@gmail.com - [email_sender.py:28]
2025-05-04 17:06:04 - my_bot - INFO - Starting bot... - [main.py:114]
2025-05-04 17:06:04 - my_bot - INFO - Инициализация планировщика - [main.py:15]
2025-05-04 17:06:04 - my_bot - INFO - Планировщик успешно запущен - [main.py:24]
2025-05-04 17:06:04 - my_bot - WARNING - Нераспознанное сообщение от 1374296012: ↩️ Назад - [main.py:104]
2025-05-04 17:06:05 - my_bot - INFO - Пользователь 1374296012 запросил список арендаторов - [get_ten.py:65]
2025-05-04 17:06:06 - my_bot - INFO - Пользователь 1374296012 запросил список арендаторов - [get_ten.py:65]
2025-05-04 17:06:11 - my_bot - INFO - Сформировано имя файла: Акт_аренда_46-57_МелякинИванВладимирович_20250504.xlsx - [generate_document.py:319]
2025-05-04 17:06:11 - my_bot - INFO - Начало генерации документа: Акт_аренда_46-57_МелякинИванВладимирович_20250504.xlsx - [generate_document.py:31]
2025-05-04 17:06:11 - my_bot - INFO - Документ создан: C:\проекты\бот_квитанции\data\files\Акт_аренда_46-57_МелякинИванВладимирович_20250504.xlsx - [generate_document.py:51]
2025-05-04 17:06:11 - my_bot - INFO - Документ записан в базу данных. ID: 29 - [generate_document.py:344]
2025-05-04 17:06:12 - my_bot - INFO - Запущена конвертация Excel → PDF (LibreOffice): C:\проекты\бот_квитанции\data\files\Акт_аренда_46-57_МелякинИванВладимирович_20250504.xlsx → C:\проекты\бот_квитанции\data\files\Акт_аренда_46-57_МелякинИванВладимирович_20250504.pdf - [excel_to_pdf.py:32]
2025-05-04 17:06:13 - my_bot - INFO - PDF успешно создан: C:\проекты\бот_квитанции\data\files\Акт_аренда_46-57_МелякинИванВладимирович_20250504.pdf - [excel_to_pdf.py:46]
2025-05-04 17:06:14 - my_bot - INFO - Подпись добавлена в PDF: C:\проекты\бот_квитанции\data\files\Акт_аренда_46-57_МелякинИванВладимирович_20250504_with_signature.pdf - [excel_to_pdf.py:89]
2025-05-04 17:06:14 - my_bot - INFO - Начало отправки email на mitanemita5@gmail.com - [email_sender.py:9]
2025-05-04 17:06:18 - my_bot - INFO - Email успешно отправлен на mitanemita5@gmail.com - [email_sender.py:28]
2025-05-04 17:07:35 - my_bot - INFO - Starting bot... - [main.py:114]
2025-05-04 17:07:35 - my_bot - INFO - Инициализация планировщика - [main.py:15]
2025-05-04 17:07:35 - my_bot - INFO - Планировщик успешно запущен - [main.py:24]
2025-05-04 17:07:37 - my_bot - WARNING - Нераспознанное сообщение от 1374296012: ↩️ Назад - [main.py:104]
2025-05-04 17:07:39 - my_bot - INFO - Пользователь 1374296012 запросил список арендаторов - [get_ten.py:65]
2025-05-04 17:07:40 - my_bot - INFO - Пользователь 1374296012 запросил список арендаторов - [get_ten.py:65]
2025-05-04 17:07:47 - my_bot - INFO - Сформировано имя файла: Акт_аренда_46-57_МелякинИванВладимирович_20250504.xlsx - [generate_document.py:319]
2025-05-04 17:07:47 - my_bot - INFO - Начало генерации документа: Акт_аренда_46-57_МелякинИванВладимирович_20250504.xlsx - [generate_document.py:31]
2025-05-04 17:07:47 - my_bot - INFO - Документ создан: C:\проекты\бот_квитанции\data\files\Акт_аренда_46-57_МелякинИванВладимирович_20250504.xlsx - [generate_document.py:51]
2025-05-04 17:07:47 - my_bot - INFO - Документ записан в базу данных. ID: 30 - [generate_document.py:344]
2025-05-04 17:07:48 - my_bot - INFO - Запущена конвертация Excel → PDF (LibreOffice): C:\проекты\бот_квитанции\data\files\Акт_аренда_46-57_МелякинИванВладимирович_20250504.xlsx → C:\проекты\бот_квитанции\data\files\Акт_аренда_46-57_МелякинИванВладимирович_20250504.pdf - [excel_to_pdf.py:32]
2025-05-04 17:07:49 - my_bot - INFO - PDF успешно создан: C:\проекты\бот_квитанции\data\files\Акт_аренда_46-57_МелякинИванВладимирович_20250504.pdf - [excel_to_pdf.py:46]
2025-05-04 17:07:49 - my_bot - INFO - Подпись найдена: data/photos/1374296012.png - [excel_to_pdf.py:82]
2025-05-04 17:07:50 - my_bot - INFO - Подпись добавлена в PDF: C:\проекты\бот_квитанции\data\files\Акт_аренда_46-57_МелякинИванВладимирович_20250504_with_signature.pdf - [excel_to_pdf.py:96]
2025-05-04 17:07:50 - my_bot - INFO - Начало отправки email на mitanemita5@gmail.com - [email_sender.py:9]
2025-05-04 17:07:52 - my_bot - INFO - Email успешно отправлен на mitanemita5@gmail.com - [email_sender.py:28]
2025-05-04 17:09:04 - my_bot - INFO - Starting bot... - [main.py:114]
2025-05-04 17:09:04 - my_bot - INFO - Инициализация планировщика - [main.py:15]
2025-05-04 17:09:04 - my_bot - INFO - Планировщик успешно запущен - [main.py:24]
2025-05-04 17:09:05 - my_bot - WARNING - Нераспознанное сообщение от 1374296012: ↩️ Назад - [main.py:104]
2025-05-04 17:09:06 - my_bot - INFO - Пользователь 1374296012 запросил список арендаторов - [get_ten.py:65]
2025-05-04 17:09:07 - my_bot - INFO - Пользователь 1374296012 запросил список арендаторов - [get_ten.py:65]
2025-05-04 17:09:11 - my_bot - INFO - Сформировано имя файла: Акт_аренда_46-57_МелякинИванВладимирович_20250504.xlsx - [generate_document.py:319]
2025-05-04 17:09:11 - my_bot - INFO - Начало генерации документа: Акт_аренда_46-57_МелякинИванВладимирович_20250504.xlsx - [generate_document.py:31]
2025-05-04 17:09:11 - my_bot - INFO - Документ создан: C:\проекты\бот_квитанции\data\files\Акт_аренда_46-57_МелякинИванВладимирович_20250504.xlsx - [generate_document.py:51]
2025-05-04 17:09:11 - my_bot - INFO - Документ записан в базу данных. ID: 31 - [generate_document.py:344]
2025-05-04 17:09:12 - my_bot - INFO - Запущена конвертация Excel → PDF (LibreOffice): C:\проекты\бот_квитанции\data\files\Акт_аренда_46-57_МелякинИванВладимирович_20250504.xlsx → C:\проекты\бот_квитанции\data\files\Акт_аренда_46-57_МелякинИванВладимирович_20250504.pdf - [excel_to_pdf.py:35]
2025-05-04 17:09:13 - my_bot - INFO - PDF успешно создан: C:\проекты\бот_квитанции\data\files\Акт_аренда_46-57_МелякинИванВладимирович_20250504.pdf - [excel_to_pdf.py:49]
2025-05-04 17:09:13 - my_bot - INFO - Подпись добавлена в PDF: C:\проекты\бот_квитанции\data\files\Акт_аренда_46-57_МелякинИванВладимирович_20250504_with_signature.pdf - [excel_to_pdf.py:101]
2025-05-04 17:09:13 - my_bot - INFO - Начало отправки email на mitanemita5@gmail.com - [email_sender.py:9]
2025-05-04 17:09:16 - my_bot - INFO - Email успешно отправлен на mitanemita5@gmail.com - [email_sender.py:28]
2025-05-04 17:10:47 - my_bot - INFO - Starting bot... - [main.py:114]
2025-05-04 17:10:47 - my_bot - INFO - Инициализация планировщика - [main.py:15]
2025-05-04 17:10:47 - my_bot - INFO - Планировщик успешно запущен - [main.py:24]
2025-05-04 17:10:51 - my_bot - WARNING - Нераспознанное сообщение от 1374296012: ↩️ Назад - [main.py:104]
2025-05-04 17:10:52 - my_bot - INFO - Пользователь 1374296012 запросил список арендаторов - [get_ten.py:65]
2025-05-04 17:10:54 - my_bot - INFO - Пользователь 1374296012 запросил список арендаторов - [get_ten.py:65]
2025-05-04 17:11:02 - my_bot - INFO - Сформировано имя файла: Акт_аренда_46-57_МелякинИванВладимирович_20250504.xlsx - [generate_document.py:319]
2025-05-04 17:11:02 - my_bot - INFO - Начало генерации документа: Акт_аренда_46-57_МелякинИванВладимирович_20250504.xlsx - [generate_document.py:31]
2025-05-04 17:11:02 - my_bot - INFO - Документ создан: C:\проекты\бот_квитанции\data\files\Акт_аренда_46-57_МелякинИванВладимирович_20250504.xlsx - [generate_document.py:51]
2025-05-04 17:11:02 - my_bot - INFO - Документ записан в базу данных. ID: 32 - [generate_document.py:344]
2025-05-04 17:11:04 - my_bot - INFO - Запущена конвертация Excel → PDF (LibreOffice): C:\проекты\бот_квитанции\data\files\Акт_аренда_46-57_МелякинИванВладимирович_20250504.xlsx → C:\проекты\бот_квитанции\data\files\Акт_аренда_46-57_МелякинИванВладимирович_20250504.pdf - [excel_to_pdf.py:35]
2025-05-04 17:11:05 - my_bot - INFO - PDF успешно создан: C:\проекты\бот_квитанции\data\files\Акт_аренда_46-57_МелякинИванВладимирович_20250504.pdf - [excel_to_pdf.py:49]
2025-05-04 17:11:05 - my_bot - INFO - Подпись добавлена в PDF: C:\проекты\бот_квитанции\data\files\Акт_аренда_46-57_МелякинИванВладимирович_20250504_with_signature.pdf - [excel_to_pdf.py:101]
2025-05-04 17:11:05 - my_bot - INFO - Начало отправки email на mitanemita5@gmail.com - [email_sender.py:9]
2025-05-04 17:11:08 - my_bot - INFO - Email успешно отправлен на mitanemita5@gmail.com - [email_sender.py:28]
2025-05-04 17:12:28 - my_bot - INFO - Starting bot... - [main.py:114]
2025-05-04 17:12:28 - my_bot - INFO - Инициализация планировщика - [main.py:15]
2025-05-04 17:12:28 - my_bot - INFO - Планировщик успешно запущен - [main.py:24]
2025-05-04 17:12:29 - my_bot - WARNING - Нераспознанное сообщение от 1374296012: ↩️ Назад - [main.py:104]
2025-05-04 17:12:30 - my_bot - INFO - Пользователь 1374296012 запросил список арендаторов - [get_ten.py:65]
2025-05-04 17:12:32 - my_bot - INFO - Пользователь 1374296012 запросил список арендаторов - [get_ten.py:65]
2025-05-04 17:12:37 - my_bot - INFO - Сформировано имя файла: Акт_аренда_46-57_МелякинИванВладимирович_20250504.xlsx - [generate_document.py:319]
2025-05-04 17:12:37 - my_bot - INFO - Начало генерации документа: Акт_аренда_46-57_МелякинИванВладимирович_20250504.xlsx - [generate_document.py:31]
2025-05-04 17:12:37 - my_bot - INFO - Документ создан: C:\проекты\бот_квитанции\data\files\Акт_аренда_46-57_МелякинИванВладимирович_20250504.xlsx - [generate_document.py:51]
2025-05-04 17:12:37 - my_bot - INFO - Документ записан в базу данных. ID: 33 - [generate_document.py:344]
2025-05-04 17:12:38 - my_bot - INFO - Запущена конвертация Excel → PDF (LibreOffice): C:\проекты\бот_квитанции\data\files\Акт_аренда_46-57_МелякинИванВладимирович_20250504.xlsx → C:\проекты\бот_квитанции\data\files\Акт_аренда_46-57_МелякинИванВладимирович_20250504.pdf - [excel_to_pdf.py:35]
2025-05-04 17:12:39 - my_bot - INFO - PDF успешно создан: C:\проекты\бот_квитанции\data\files\Акт_аренда_46-57_МелякинИванВладимирович_20250504.pdf - [excel_to_pdf.py:49]
2025-05-04 17:12:40 - my_bot - INFO - Подпись добавлена в PDF: C:\проекты\бот_квитанции\data\files\Акт_аренда_46-57_МелякинИванВладимирович_20250504_with_signature.pdf - [excel_to_pdf.py:101]
2025-05-04 17:12:40 - my_bot - INFO - Начало отправки email на mitanemita5@gmail.com - [email_sender.py:9]
2025-05-04 17:12:42 - my_bot - INFO - Email успешно отправлен на mitanemita5@gmail.com - [email_sender.py:28]
2025-05-04 17:15:43 - my_bot - INFO - Starting bot... - [main.py:114]
2025-05-04 17:15:43 - my_bot - INFO - Инициализация планировщика - [main.py:15]
2025-05-04 17:15:43 - my_bot - INFO - Планировщик успешно запущен - [main.py:24]
2025-05-04 17:15:43 - my_bot - WARNING - Нераспознанное сообщение от 1374296012: ↩️ Назад - [main.py:104]
2025-05-04 17:15:44 - my_bot - INFO - Пользователь 1374296012 запросил список арендаторов - [get_ten.py:65]
2025-05-04 17:15:45 - my_bot - INFO - Пользователь 1374296012 запросил список арендаторов - [get_ten.py:65]
2025-05-04 17:15:49 - my_bot - INFO - Сформировано имя файла: Акт_аренда_46-57_МелякинИванВладимирович_20250504.xlsx - [generate_document.py:319]
2025-05-04 17:15:49 - my_bot - INFO - Начало генерации документа: Акт_аренда_46-57_МелякинИванВладимирович_20250504.xlsx - [generate_document.py:31]
2025-05-04 17:15:49 - my_bot - INFO - Документ создан: C:\проекты\бот_квитанции\data\files\Акт_аренда_46-57_МелякинИванВладимирович_20250504.xlsx - [generate_document.py:51]
2025-05-04 17:15:49 - my_bot - INFO - Документ записан в базу данных. ID: 34 - [generate_document.py:344]
2025-05-04 17:15:51 - my_bot - INFO - Запущена конвертация Excel → PDF (LibreOffice): C:\проекты\бот_квитанции\data\files\Акт_аренда_46-57_МелякинИванВладимирович_20250504.xlsx → C:\проекты\бот_квитанции\data\files\Акт_аренда_46-57_МелякинИванВладимирович_20250504.pdf - [excel_to_pdf.py:35]
2025-05-04 17:15:52 - my_bot - INFO - PDF успешно создан: C:\проекты\бот_квитанции\data\files\Акт_аренда_46-57_МелякинИванВладимирович_20250504.pdf - [excel_to_pdf.py:49]
2025-05-04 17:15:52 - my_bot - INFO - Подпись добавлена в PDF: C:\проекты\бот_квитанции\data\files\Акт_аренда_46-57_МелякинИванВладимирович_20250504_with_signature.pdf - [excel_to_pdf.py:101]
2025-05-04 17:15:52 - my_bot - INFO - Начало отправки email на mitanemita5@gmail.com - [email_sender.py:9]
2025-05-04 17:15:55 - my_bot - INFO - Email успешно отправлен на mitanemita5@gmail.com - [email_sender.py:28]
2025-05-04 17:16:27 - my_bot - INFO - Пользователь 1374296012 запросил список арендаторов - [get_ten.py:65]
2025-05-04 17:16:29 - my_bot - INFO - Пользователь 1374296012 команда - /start - [main.py:39]
2025-05-04 17:16:30 - my_bot - INFO - User 1374296012 requested profile - [profile.py:52]
2025-05-04 17:16:30 - my_bot - INFO - Profile displayed for user 1374296012 - [profile.py:98]
2025-05-04 17:16:32 - my_bot - INFO - User 1374296012 selected menu option: Фото подписи - [profile.py:107]
2025-05-04 17:16:32 - my_bot - INFO - User 1374296012 entered photo signature section - [profile.py:150]
2025-05-04 17:16:35 - my_bot - INFO - User 1374296012 returned from photo signature section - [profile.py:282]
2025-05-04 17:16:35 - my_bot - INFO - User 1374296012 requested profile - [profile.py:52]
2025-05-04 17:16:35 - my_bot - INFO - Profile displayed for user 1374296012 - [profile.py:98]
2025-05-04 17:16:39 - my_bot - INFO - User 1374296012 selected menu option: ↩️ Назад - [profile.py:107]
2025-05-04 17:16:39 - my_bot - INFO - User 1374296012 returned to main menu - [profile.py:113]
2025-05-04 17:21:18 - my_bot - INFO - Starting bot... - [main.py:114]
2025-05-04 17:21:18 - my_bot - INFO - Инициализация планировщика - [main.py:15]
2025-05-04 17:21:18 - my_bot - INFO - Планировщик успешно запущен - [main.py:24]
2025-05-04 17:21:23 - my_bot - INFO - User 1374296012 requested profile - [profile.py:52]
2025-05-04 17:21:24 - my_bot - INFO - Profile displayed for user 1374296012 - [profile.py:98]
2025-05-04 17:21:25 - my_bot - INFO - User 1374296012 selected menu option: ↩️ Назад - [profile.py:107]
2025-05-04 17:21:26 - my_bot - INFO - User 1374296012 returned to main menu - [profile.py:113]
2025-05-04 17:21:27 - my_bot - INFO - Пользователь 1374296012 запросил список арендаторов - [get_ten.py:65]
2025-05-04 17:21:29 - my_bot - INFO - Пользователь 1374296012 команда - /start - [main.py:39]
2025-05-04 17:21:29 - my_bot - INFO - Пользователь 1374296012 команда - /start - [main.py:39]
2025-05-04 17:21:34 - my_bot - INFO - Пользователь 1374296012 запросил список арендаторов - [get_ten.py:65]
2025-05-04 17:21:35 - my_bot - INFO - Пользователь 1374296012 запросил список арендаторов - [get_ten.py:65]
2025-05-04 17:21:40 - my_bot - INFO - Сформировано имя файла: Акт_аренда_46-57_МелякинИванВладимирович_20250504.xlsx - [generate_document.py:319]
2025-05-04 17:21:40 - my_bot - INFO - Начало генерации документа: Акт_аренда_46-57_МелякинИванВладимирович_20250504.xlsx - [generate_document.py:31]
2025-05-04 17:21:40 - my_bot - INFO - Документ создан: C:\проекты\бот_квитанции\data\files\Акт_аренда_46-57_МелякинИванВладимирович_20250504.xlsx - [generate_document.py:51]
2025-05-04 17:21:40 - my_bot - INFO - Документ записан в базу данных. ID: 35 - [generate_document.py:344]
2025-05-04 17:21:42 - my_bot - INFO - Начало конвертации Excel в PDF: C:\проекты\бот_квитанции\data\files\Акт_аренда_46-57_МелякинИванВладимирович_20250504.xlsx - [excel_to_pdf.py:37]
2025-05-04 17:21:43 - my_bot - INFO - PDF успешно создан: C:\проекты\бот_квитанции\data\files\Акт_аренда_46-57_МелякинИванВладимирович_20250504.pdf - [excel_to_pdf.py:52]
2025-05-04 17:21:43 - my_bot - ERROR - Ошибка добавления подписи: 'PdfReader' object does not support the context manager protocol - [excel_to_pdf.py:108]
2025-05-04 17:21:43 - my_bot - ERROR - Ошибка в процессе конвертации - [excel_to_pdf.py:73]
Traceback (most recent call last):
  File "c:\проекты\бот_квитанции\src\services\excel_to_pdf.py", line 68, in convert_excel_to_pdf
    final_pdf = add_signature_to_pdf(pdf_path, signature_path)
  File "c:\проекты\бот_квитанции\src\services\excel_to_pdf.py", line 90, in add_signature_to_pdf
    with PdfReader(pdf_path) as reader:
         ~~~~~~~~~^^^^^^^^^^
TypeError: 'PdfReader' object does not support the context manager protocol
2025-05-04 17:21:43 - my_bot - ERROR - Ошибка отправки: 'PdfReader' object does not support the context manager protocol - [document_handlers.py:307]
Traceback (most recent call last):
  File "c:\проекты\бот_квитанции\src\handlers\document_handlers.py", line 262, in handle_send_confirmation
    excel_to_pdf.convert_excel_to_pdf(xlsx_path, pdf_path, message.from_user.id)
    ~~~~~~~~~~~~~~~~~~~~~~~~~~~~~~~~~^^^^^^^^^^^^^^^^^^^^^^^^^^^^^^^^^^^^^^^^^^^
  File "c:\проекты\бот_квитанции\src\services\excel_to_pdf.py", line 68, in convert_excel_to_pdf
    final_pdf = add_signature_to_pdf(pdf_path, signature_path)
  File "c:\проекты\бот_квитанции\src\services\excel_to_pdf.py", line 90, in add_signature_to_pdf
    with PdfReader(pdf_path) as reader:
         ~~~~~~~~~^^^^^^^^^^
TypeError: 'PdfReader' object does not support the context manager protocol
2025-05-04 17:26:33 - my_bot - INFO - Starting bot... - [main.py:114]
2025-05-04 17:26:33 - my_bot - INFO - Инициализация планировщика - [main.py:15]
2025-05-04 17:26:33 - my_bot - INFO - Планировщик успешно запущен - [main.py:24]
2025-05-04 17:26:36 - my_bot - WARNING - Нераспознанное сообщение от 1374296012: Ира - [main.py:104]
2025-05-04 17:26:37 - my_bot - INFO - Пользователь 1374296012 запросил список арендаторов - [get_ten.py:65]
2025-05-04 17:26:39 - my_bot - INFO - Пользователь 1374296012 запросил список арендаторов - [get_ten.py:65]
2025-05-04 17:26:42 - my_bot - INFO - Сформировано имя файла: Акт_аренда_46-57_МелякинИванВладимирович_20250504.xlsx - [generate_document.py:319]
2025-05-04 17:26:42 - my_bot - INFO - Начало генерации документа: Акт_аренда_46-57_МелякинИванВладимирович_20250504.xlsx - [generate_document.py:31]
2025-05-04 17:26:42 - my_bot - INFO - Документ создан: C:\проекты\бот_квитанции\data\files\Акт_аренда_46-57_МелякинИванВладимирович_20250504.xlsx - [generate_document.py:51]
2025-05-04 17:26:42 - my_bot - INFO - Документ записан в базу данных. ID: 36 - [generate_document.py:344]
2025-05-04 17:26:44 - my_bot - INFO - Начало конвертации Excel в PDF: C:\проекты\бот_квитанции\data\files\Акт_аренда_46-57_МелякинИванВладимирович_20250504.xlsx - [excel_to_pdf.py:37]
2025-05-04 17:26:45 - my_bot - INFO - PDF успешно создан: C:\проекты\бот_квитанции\data\files\Акт_аренда_46-57_МелякинИванВладимирович_20250504.pdf - [excel_to_pdf.py:52]
2025-05-04 17:26:45 - my_bot - INFO - Документ с подписью сохранен: C:\проекты\бот_квитанции\data\files\Акт_аренда_46-57_МелякинИванВладимирович_20250504_signed.pdf - [excel_to_pdf.py:104]
2025-05-04 17:26:45 - my_bot - ERROR - Ошибка в процессе конвертации - [excel_to_pdf.py:73]
Traceback (most recent call last):
  File "c:\проекты\бот_квитанции\src\services\excel_to_pdf.py", line 69, in convert_excel_to_pdf
    logger.success(f"Финальный PDF с подписью: {final_pdf}")
    ^^^^^^^^^^^^^^
AttributeError: 'Logger' object has no attribute 'success'
2025-05-04 17:26:45 - my_bot - ERROR - Ошибка отправки: 'Logger' object has no attribute 'success' - [document_handlers.py:307]
Traceback (most recent call last):
  File "c:\проекты\бот_квитанции\src\handlers\document_handlers.py", line 262, in handle_send_confirmation
    excel_to_pdf.convert_excel_to_pdf(xlsx_path, pdf_path, message.from_user.id)
    ~~~~~~~~~~~~~~~~~~~~~~~~~~~~~~~~~^^^^^^^^^^^^^^^^^^^^^^^^^^^^^^^^^^^^^^^^^^^
  File "c:\проекты\бот_квитанции\src\services\excel_to_pdf.py", line 69, in convert_excel_to_pdf
    logger.success(f"Финальный PDF с подписью: {final_pdf}")
    ^^^^^^^^^^^^^^
AttributeError: 'Logger' object has no attribute 'success'
2025-05-04 17:32:33 - my_bot - INFO - Starting bot... - [main.py:114]
2025-05-04 17:32:33 - my_bot - INFO - Инициализация планировщика - [main.py:15]
2025-05-04 17:32:33 - my_bot - INFO - Планировщик успешно запущен - [main.py:24]
2025-05-04 17:32:36 - my_bot - WARNING - Нераспознанное сообщение от 1374296012: Тата - [main.py:104]
2025-05-04 17:32:37 - my_bot - INFO - Пользователь 1374296012 запросил список арендаторов - [get_ten.py:65]
2025-05-04 17:32:38 - my_bot - INFO - Пользователь 1374296012 запросил список арендаторов - [get_ten.py:65]
2025-05-04 17:32:42 - my_bot - INFO - Сформировано имя файла: Акт_аренда_46-57_МелякинИванВладимирович_20250504.xlsx - [generate_document.py:319]
2025-05-04 17:32:42 - my_bot - INFO - Начало генерации документа: Акт_аренда_46-57_МелякинИванВладимирович_20250504.xlsx - [generate_document.py:31]
2025-05-04 17:32:42 - my_bot - INFO - Документ создан: C:\проекты\бот_квитанции\data\files\Акт_аренда_46-57_МелякинИванВладимирович_20250504.xlsx - [generate_document.py:51]
2025-05-04 17:32:42 - my_bot - INFO - Документ записан в базу данных. ID: 37 - [generate_document.py:344]
2025-05-04 17:32:43 - my_bot - INFO - Начало конвертации Excel в PDF: C:\проекты\бот_квитанции\data\files\Акт_аренда_46-57_МелякинИванВладимирович_20250504.xlsx - [excel_to_pdf.py:37]
2025-05-04 17:32:44 - my_bot - INFO - PDF успешно создан: C:\проекты\бот_квитанции\data\files\Акт_аренда_46-57_МелякинИванВладимирович_20250504.pdf - [excel_to_pdf.py:52]
2025-05-04 17:32:44 - my_bot - INFO - Документ с подписью сохранен: C:\проекты\бот_квитанции\data\files\Акт_аренда_46-57_МелякинИванВладимирович_20250504_signed.pdf - [excel_to_pdf.py:104]
2025-05-04 17:32:44 - my_bot - INFO - Финальный PDF с подписью: C:\проекты\бот_квитанции\data\files\Акт_аренда_46-57_МелякинИванВладимирович_20250504_signed.pdf - [excel_to_pdf.py:69]
2025-05-04 17:32:44 - my_bot - INFO - Начало отправки email на mitanemita5@gmail.com - [email_sender.py:9]
2025-05-04 17:32:47 - my_bot - INFO - Email успешно отправлен на mitanemita5@gmail.com - [email_sender.py:28]
2025-05-04 17:34:09 - my_bot - INFO - Starting bot... - [main.py:114]
2025-05-04 17:34:09 - my_bot - INFO - Инициализация планировщика - [main.py:15]
2025-05-04 17:34:09 - my_bot - INFO - Планировщик успешно запущен - [main.py:24]
2025-05-04 17:34:12 - my_bot - WARNING - Нераспознанное сообщение от 1374296012: ↩️ Назад - [main.py:104]
2025-05-04 17:34:13 - my_bot - INFO - Пользователь 1374296012 запросил список арендаторов - [get_ten.py:65]
2025-05-04 17:34:15 - my_bot - INFO - Пользователь 1374296012 запросил список арендаторов - [get_ten.py:65]
2025-05-04 17:34:20 - my_bot - INFO - Сформировано имя файла: Акт_аренда_46-57_МелякинИванВладимирович_20250504.xlsx - [generate_document.py:319]
2025-05-04 17:34:20 - my_bot - INFO - Начало генерации документа: Акт_аренда_46-57_МелякинИванВладимирович_20250504.xlsx - [generate_document.py:31]
2025-05-04 17:34:20 - my_bot - INFO - Документ создан: C:\проекты\бот_квитанции\data\files\Акт_аренда_46-57_МелякинИванВладимирович_20250504.xlsx - [generate_document.py:51]
2025-05-04 17:34:20 - my_bot - INFO - Документ записан в базу данных. ID: 38 - [generate_document.py:344]
2025-05-04 17:34:21 - my_bot - INFO - Начало конвертации Excel в PDF: C:\проекты\бот_квитанции\data\files\Акт_аренда_46-57_МелякинИванВладимирович_20250504.xlsx - [excel_to_pdf.py:37]
2025-05-04 17:34:22 - my_bot - INFO - PDF успешно создан: C:\проекты\бот_квитанции\data\files\Акт_аренда_46-57_МелякинИванВладимирович_20250504.pdf - [excel_to_pdf.py:52]
2025-05-04 17:34:23 - my_bot - INFO - Документ с подписью сохранен: C:\проекты\бот_квитанции\data\files\Акт_аренда_46-57_МелякинИванВладимирович_20250504_signed.pdf - [excel_to_pdf.py:104]
2025-05-04 17:34:23 - my_bot - INFO - Финальный PDF с подписью: C:\проекты\бот_квитанции\data\files\Акт_аренда_46-57_МелякинИванВладимирович_20250504_signed.pdf - [excel_to_pdf.py:69]
2025-05-04 17:34:23 - my_bot - INFO - Начало отправки email на mitanemita5@gmail.com - [email_sender.py:9]
2025-05-04 17:34:25 - my_bot - INFO - Email успешно отправлен на mitanemita5@gmail.com - [email_sender.py:28]
2025-05-04 17:35:35 - my_bot - INFO - Starting bot... - [main.py:114]
2025-05-04 17:35:35 - my_bot - INFO - Инициализация планировщика - [main.py:15]
2025-05-04 17:35:35 - my_bot - INFO - Планировщик успешно запущен - [main.py:24]
2025-05-04 17:35:35 - my_bot - WARNING - Нераспознанное сообщение от 1374296012: ↩️ Назад - [main.py:104]
2025-05-04 17:35:37 - my_bot - INFO - Пользователь 1374296012 запросил список арендаторов - [get_ten.py:65]
2025-05-04 17:35:38 - my_bot - INFO - Пользователь 1374296012 запросил список арендаторов - [get_ten.py:65]
2025-05-04 17:35:42 - my_bot - INFO - Сформировано имя файла: Акт_аренда_46-57_МелякинИванВладимирович_20250504.xlsx - [generate_document.py:319]
2025-05-04 17:35:42 - my_bot - INFO - Начало генерации документа: Акт_аренда_46-57_МелякинИванВладимирович_20250504.xlsx - [generate_document.py:31]
2025-05-04 17:35:42 - my_bot - INFO - Документ создан: C:\проекты\бот_квитанции\data\files\Акт_аренда_46-57_МелякинИванВладимирович_20250504.xlsx - [generate_document.py:51]
2025-05-04 17:35:42 - my_bot - INFO - Документ записан в базу данных. ID: 39 - [generate_document.py:344]
2025-05-04 17:35:44 - my_bot - INFO - Начало конвертации Excel в PDF: C:\проекты\бот_квитанции\data\files\Акт_аренда_46-57_МелякинИванВладимирович_20250504.xlsx - [excel_to_pdf.py:37]
2025-05-04 17:35:45 - my_bot - INFO - PDF успешно создан: C:\проекты\бот_квитанции\data\files\Акт_аренда_46-57_МелякинИванВладимирович_20250504.pdf - [excel_to_pdf.py:52]
2025-05-04 17:35:45 - my_bot - INFO - Документ с подписью сохранен: C:\проекты\бот_квитанции\data\files\Акт_аренда_46-57_МелякинИванВладимирович_20250504_signed.pdf - [excel_to_pdf.py:104]
2025-05-04 17:35:45 - my_bot - INFO - Финальный PDF с подписью: C:\проекты\бот_квитанции\data\files\Акт_аренда_46-57_МелякинИванВладимирович_20250504_signed.pdf - [excel_to_pdf.py:69]
2025-05-04 17:35:45 - my_bot - INFO - Начало отправки email на mitanemita5@gmail.com - [email_sender.py:9]
2025-05-04 17:35:47 - my_bot - INFO - Email успешно отправлен на mitanemita5@gmail.com - [email_sender.py:28]
2025-05-04 17:38:58 - my_bot - INFO - Starting bot... - [main.py:114]
2025-05-04 17:38:58 - my_bot - INFO - Инициализация планировщика - [main.py:15]
2025-05-04 17:38:58 - my_bot - INFO - Планировщик успешно запущен - [main.py:24]
2025-05-04 17:38:59 - my_bot - WARNING - Нераспознанное сообщение от 1374296012: ↩️ Назад - [main.py:104]
2025-05-04 17:39:00 - my_bot - INFO - Пользователь 1374296012 запросил список арендаторов - [get_ten.py:65]
2025-05-04 17:39:00 - my_bot - INFO - Пользователь 1374296012 запросил список арендаторов - [get_ten.py:65]
2025-05-04 17:39:04 - my_bot - INFO - Сформировано имя файла: Акт_аренда_46-57_МелякинИванВладимирович_20250504.xlsx - [generate_document.py:319]
2025-05-04 17:39:04 - my_bot - INFO - Начало генерации документа: Акт_аренда_46-57_МелякинИванВладимирович_20250504.xlsx - [generate_document.py:31]
2025-05-04 17:39:04 - my_bot - INFO - Документ создан: C:\проекты\бот_квитанции\data\files\Акт_аренда_46-57_МелякинИванВладимирович_20250504.xlsx - [generate_document.py:51]
2025-05-04 17:39:04 - my_bot - INFO - Документ записан в базу данных. ID: 40 - [generate_document.py:344]
2025-05-04 17:39:10 - my_bot - ERROR - Ошибка отправки: convert_excel_to_pdf() takes 2 positional arguments but 3 were given - [document_handlers.py:307]
Traceback (most recent call last):
  File "c:\проекты\бот_квитанции\src\handlers\document_handlers.py", line 262, in handle_send_confirmation
    excel_to_pdf.convert_excel_to_pdf(xlsx_path, pdf_path, message.from_user.id)
    ~~~~~~~~~~~~~~~~~~~~~~~~~~~~~~~~~^^^^^^^^^^^^^^^^^^^^^^^^^^^^^^^^^^^^^^^^^^^
TypeError: convert_excel_to_pdf() takes 2 positional arguments but 3 were given
2025-05-04 17:45:20 - my_bot - INFO - Starting bot... - [main.py:114]
2025-05-04 17:45:20 - my_bot - INFO - Инициализация планировщика - [main.py:15]
2025-05-04 17:45:20 - my_bot - INFO - Планировщик успешно запущен - [main.py:24]
2025-05-04 17:45:35 - my_bot - WARNING - Нераспознанное сообщение от 1374296012: Тата - [main.py:104]
2025-05-04 17:45:43 - my_bot - INFO - Пользователь 1374296012 запросил список арендаторов - [get_ten.py:65]
2025-05-04 17:45:44 - my_bot - INFO - Пользователь 1374296012 запросил список арендаторов - [get_ten.py:65]
2025-05-04 17:45:51 - my_bot - INFO - Сформировано имя файла: Акт_аренда_46-57_МелякинИванВладимирович_20250504.xlsx - [generate_document.py:319]
2025-05-04 17:45:51 - my_bot - INFO - Начало генерации документа: Акт_аренда_46-57_МелякинИванВладимирович_20250504.xlsx - [generate_document.py:31]
2025-05-04 17:45:51 - my_bot - INFO - Документ создан: C:\проекты\бот_квитанции\data\files\Акт_аренда_46-57_МелякинИванВладимирович_20250504.xlsx - [generate_document.py:51]
2025-05-04 17:45:51 - my_bot - INFO - Документ записан в базу данных. ID: 41 - [generate_document.py:344]
2025-05-04 17:45:54 - my_bot - INFO - Начало конвертации Excel в PDF: C:\проекты\бот_квитанции\data\files\Акт_аренда_46-57_МелякинИванВладимирович_20250504.xlsx - [excel_to_pdf.py:75]
2025-05-04 17:45:55 - my_bot - INFO - PDF успешно создан: C:\проекты\бот_квитанции\data\files\Акт_аренда_46-57_МелякинИванВладимирович_20250504.pdf - [excel_to_pdf.py:90]
2025-05-04 17:45:55 - my_bot - INFO - Добавление подписи в PDF: C:\проекты\бот_квитанции\data\files\Акт_аренда_46-57_МелякинИванВладимирович_20250504.pdf - [excel_to_pdf.py:109]
2025-05-04 17:45:55 - my_bot - ERROR - Ошибка создания PDF подписи: type object 'Image' has no attribute 'open' - [excel_to_pdf.py:182]
2025-05-04 17:45:55 - my_bot - ERROR - Ошибка добавления подписи: type object 'Image' has no attribute 'open' - [excel_to_pdf.py:139]
2025-05-04 17:45:55 - my_bot - ERROR - Ошибка конвертации: type object 'Image' has no attribute 'open' - [excel_to_pdf.py:103]
2025-05-04 17:45:55 - my_bot - ERROR - Ошибка отправки: type object 'Image' has no attribute 'open' - [document_handlers.py:307]
Traceback (most recent call last):
  File "c:\проекты\бот_квитанции\src\handlers\document_handlers.py", line 262, in handle_send_confirmation
    excel_to_pdf.convert_excel_to_pdf(xlsx_path, pdf_path, message.from_user.id)
    ~~~~~~~~~~~~~~~~~~~~~~~~~~~~~~~~~^^^^^^^^^^^^^^^^^^^^^^^^^^^^^^^^^^^^^^^^^^^
  File "c:\проекты\бот_квитанции\src\services\excel_to_pdf.py", line 98, in convert_excel_to_pdf
    add_signature_to_pdf(pdf_path, signature_path)
    ~~~~~~~~~~~~~~~~~~~~^^^^^^^^^^^^^^^^^^^^^^^^^^
  File "c:\проекты\бот_квитанции\src\services\excel_to_pdf.py", line 113, in add_signature_to_pdf
    signature_pdf = create_signature_pdf(signature_path)
  File "c:\проекты\бот_квитанции\src\services\excel_to_pdf.py", line 151, in create_signature_pdf
    with Image.open(signature_path) as img:
         ^^^^^^^^^^
AttributeError: type object 'Image' has no attribute 'open'
2025-05-04 17:47:28 - my_bot - INFO - Starting bot... - [main.py:114]
2025-05-04 17:47:28 - my_bot - INFO - Инициализация планировщика - [main.py:15]
2025-05-04 17:47:28 - my_bot - INFO - Планировщик успешно запущен - [main.py:24]
2025-05-04 17:47:34 - my_bot - WARNING - Нераспознанное сообщение от 1374296012: ✅ Да, отправить - [main.py:104]
2025-05-04 17:47:37 - my_bot - INFO - Пользователь 1374296012 запросил список арендаторов - [get_ten.py:65]
2025-05-04 17:47:40 - my_bot - WARNING - Нераспознанное сообщение от 1374296012: 1 - [main.py:104]
2025-05-04 17:47:42 - my_bot - INFO - Пользователь 1374296012 запросил список арендаторов - [get_ten.py:65]
2025-05-04 17:47:43 - my_bot - INFO - Пользователь 1374296012 запросил список арендаторов - [get_ten.py:65]
2025-05-04 17:47:48 - my_bot - INFO - Сформировано имя файла: Акт_аренда_46-57_МелякинИванВладимирович_20250504.xlsx - [generate_document.py:319]
2025-05-04 17:47:48 - my_bot - INFO - Начало генерации документа: Акт_аренда_46-57_МелякинИванВладимирович_20250504.xlsx - [generate_document.py:31]
2025-05-04 17:47:48 - my_bot - INFO - Документ создан: C:\проекты\бот_квитанции\data\files\Акт_аренда_46-57_МелякинИванВладимирович_20250504.xlsx - [generate_document.py:51]
2025-05-04 17:47:48 - my_bot - INFO - Документ записан в базу данных. ID: 42 - [generate_document.py:344]
2025-05-04 17:47:49 - my_bot - INFO - Начало конвертации Excel в PDF: C:\проекты\бот_квитанции\data\files\Акт_аренда_46-57_МелякинИванВладимирович_20250504.xlsx - [excel_to_pdf.py:77]
2025-05-04 17:47:50 - my_bot - INFO - PDF успешно создан: C:\проекты\бот_квитанции\data\files\Акт_аренда_46-57_МелякинИванВладимирович_20250504.pdf - [excel_to_pdf.py:92]
2025-05-04 17:47:50 - my_bot - INFO - Добавление подписи в PDF: C:\проекты\бот_квитанции\data\files\Акт_аренда_46-57_МелякинИванВладимирович_20250504.pdf - [excel_to_pdf.py:111]
2025-05-04 17:47:50 - my_bot - INFO - Документ с подписью сохранен: C:\проекты\бот_квитанции\data\files\Акт_аренда_46-57_МелякинИванВладимирович_20250504_signed.pdf - [excel_to_pdf.py:137]
2025-05-04 17:47:50 - my_bot - INFO - Начало отправки email на mitanemita5@gmail.com - [email_sender.py:9]
2025-05-04 17:47:52 - my_bot - INFO - Email успешно отправлен на mitanemita5@gmail.com - [email_sender.py:28]
2025-05-04 17:51:33 - my_bot - INFO - Starting bot... - [main.py:114]
2025-05-04 17:51:33 - my_bot - INFO - Инициализация планировщика - [main.py:15]
2025-05-04 17:51:33 - my_bot - INFO - Планировщик успешно запущен - [main.py:24]
2025-05-04 17:51:37 - my_bot - WARNING - Нераспознанное сообщение от 1374296012: ↩️ Назад - [main.py:104]
2025-05-04 17:51:38 - my_bot - INFO - Пользователь 1374296012 запросил список арендаторов - [get_ten.py:65]
2025-05-04 17:51:38 - my_bot - INFO - Пользователь 1374296012 запросил список арендаторов - [get_ten.py:65]
2025-05-04 17:51:43 - my_bot - INFO - Сформировано имя файла: Акт_аренда_46-57_МелякинИванВладимирович_20250504.xlsx - [generate_document.py:319]
2025-05-04 17:51:43 - my_bot - INFO - Начало генерации документа: Акт_аренда_46-57_МелякинИванВладимирович_20250504.xlsx - [generate_document.py:31]
2025-05-04 17:51:43 - my_bot - INFO - Документ создан: C:\проекты\бот_квитанции\data\files\Акт_аренда_46-57_МелякинИванВладимирович_20250504.xlsx - [generate_document.py:51]
2025-05-04 17:51:43 - my_bot - INFO - Документ записан в базу данных. ID: 43 - [generate_document.py:344]
2025-05-04 17:51:44 - my_bot - INFO - Начало конвертации Excel в PDF: C:\проекты\бот_квитанции\data\files\Акт_аренда_46-57_МелякинИванВладимирович_20250504.xlsx - [excel_to_pdf.py:77]
2025-05-04 17:51:45 - my_bot - INFO - PDF успешно создан: C:\проекты\бот_квитанции\data\files\Акт_аренда_46-57_МелякинИванВладимирович_20250504.pdf - [excel_to_pdf.py:92]
2025-05-04 17:51:45 - my_bot - INFO - Добавление подписи в PDF: C:\проекты\бот_квитанции\data\files\Акт_аренда_46-57_МелякинИванВладимирович_20250504.pdf - [excel_to_pdf.py:111]
2025-05-04 17:51:45 - my_bot - INFO - Документ с подписью сохранен: C:\проекты\бот_квитанции\data\files\Акт_аренда_46-57_МелякинИванВладимирович_20250504_signed.pdf - [excel_to_pdf.py:137]
2025-05-04 17:51:45 - my_bot - INFO - Начало отправки email на mitanemita5@gmail.com - [email_sender.py:9]
2025-05-04 17:51:47 - my_bot - INFO - Email успешно отправлен на mitanemita5@gmail.com - [email_sender.py:28]
2025-05-04 19:07:34 - my_bot - INFO - Starting bot... - [main.py:114]
2025-05-04 19:07:34 - my_bot - INFO - Инициализация планировщика - [main.py:15]
2025-05-04 19:07:34 - my_bot - INFO - Планировщик успешно запущен - [main.py:24]
2025-05-04 19:07:47 - my_bot - WARNING - Нераспознанное сообщение от 1374296012: ↩️ Назад - [main.py:104]
2025-05-04 19:07:49 - my_bot - INFO - Пользователь 1374296012 запросил список арендаторов - [get_ten.py:65]
2025-05-04 19:07:50 - my_bot - INFO - Пользователь 1374296012 запросил список арендаторов - [get_ten.py:65]
2025-05-04 19:07:55 - my_bot - INFO - Сформировано имя файла: Акт_аренда_46-57_МелякинИванВладимирович_20250504.xlsx - [generate_document.py:319]
2025-05-04 19:07:55 - my_bot - INFO - Начало генерации документа: Акт_аренда_46-57_МелякинИванВладимирович_20250504.xlsx - [generate_document.py:31]
2025-05-04 19:07:55 - my_bot - INFO - Документ создан: C:\проекты\бот_квитанции\data\files\Акт_аренда_46-57_МелякинИванВладимирович_20250504.xlsx - [generate_document.py:51]
2025-05-04 19:07:55 - my_bot - INFO - Документ записан в базу данных. ID: 44 - [generate_document.py:344]
2025-05-04 19:07:57 - my_bot - INFO - Запущена конвертация Excel → PDF: C:\проекты\бот_квитанции\data\files\Акт_аренда_46-57_МелякинИванВладимирович_20250504.xlsx → C:\проекты\бот_квитанции\data\files\Акт_аренда_46-57_МелякинИванВладимирович_20250504.pdf - [excel_to_pdf.py:9]
2025-05-04 19:07:57 - my_bot - INFO - Найдена подпись пользователя 1374296012, добавляем в Excel - [excel_to_pdf.py:19]
2025-05-04 19:07:58 - my_bot - INFO - PDF успешно создан: C:\проекты\бот_квитанции\data\files\Акт_аренда_46-57_МелякинИванВладимирович_20250504.pdf - [excel_to_pdf.py:62]
2025-05-04 19:07:58 - my_bot - INFO - Начало отправки email на mitanemita5@gmail.com - [email_sender.py:9]
2025-05-04 19:08:00 - my_bot - INFO - Email успешно отправлен на mitanemita5@gmail.com - [email_sender.py:28]
2025-05-04 19:11:52 - my_bot - INFO - Starting bot... - [main.py:114]
2025-05-04 19:11:52 - my_bot - INFO - Инициализация планировщика - [main.py:15]
2025-05-04 19:11:52 - my_bot - INFO - Планировщик успешно запущен - [main.py:24]
2025-05-04 19:11:52 - my_bot - WARNING - Нераспознанное сообщение от 1374296012: ↩️ Назад - [main.py:104]
2025-05-04 19:11:54 - my_bot - INFO - Пользователь 1374296012 запросил список арендаторов - [get_ten.py:65]
2025-05-04 19:11:55 - my_bot - INFO - Пользователь 1374296012 запросил список арендаторов - [get_ten.py:65]
2025-05-04 19:11:59 - my_bot - INFO - Сформировано имя файла: Акт_аренда_46-57_МелякинИванВладимирович_20250504.xlsx - [generate_document.py:319]
2025-05-04 19:11:59 - my_bot - INFO - Начало генерации документа: Акт_аренда_46-57_МелякинИванВладимирович_20250504.xlsx - [generate_document.py:31]
2025-05-04 19:11:59 - my_bot - INFO - Документ создан: C:\проекты\бот_квитанции\data\files\Акт_аренда_46-57_МелякинИванВладимирович_20250504.xlsx - [generate_document.py:51]
2025-05-04 19:11:59 - my_bot - INFO - Документ записан в базу данных. ID: 45 - [generate_document.py:344]
2025-05-04 19:12:04 - my_bot - INFO - Запущена конвертация Excel → PDF: C:\проекты\бот_квитанции\data\files\Акт_аренда_46-57_МелякинИванВладимирович_20250504.xlsx → C:\проекты\бот_квитанции\data\files\Акт_аренда_46-57_МелякинИванВладимирович_20250504.pdf - [excel_to_pdf.py:10]
2025-05-04 19:12:05 - my_bot - INFO - PDF успешно создан: C:\проекты\бот_квитанции\data\files\Акт_аренда_46-57_МелякинИванВладимирович_20250504.pdf - [excel_to_pdf.py:66]
2025-05-04 19:12:05 - my_bot - INFO - Начало отправки email на mitanemita5@gmail.com - [email_sender.py:9]
2025-05-04 19:12:07 - my_bot - INFO - Email успешно отправлен на mitanemita5@gmail.com - [email_sender.py:28]
2025-05-04 19:21:22 - my_bot - INFO - Starting bot... - [main.py:114]
2025-05-04 19:21:22 - my_bot - INFO - Инициализация планировщика - [main.py:15]
2025-05-04 19:21:22 - my_bot - INFO - Планировщик успешно запущен - [main.py:24]
2025-05-04 19:21:25 - my_bot - WARNING - Нераспознанное сообщение от 1374296012: ↩️ Назад - [main.py:104]
2025-05-04 19:21:26 - my_bot - INFO - Пользователь 1374296012 запросил список арендаторов - [get_ten.py:65]
2025-05-04 19:21:28 - my_bot - INFO - Пользователь 1374296012 запросил список арендаторов - [get_ten.py:65]
2025-05-04 19:21:33 - my_bot - INFO - Сформировано имя файла: Акт_аренда_46-57_МелякинИванВладимирович_20250504.xlsx - [generate_document.py:319]
2025-05-04 19:21:33 - my_bot - INFO - Начало генерации документа: Акт_аренда_46-57_МелякинИванВладимирович_20250504.xlsx - [generate_document.py:31]
2025-05-04 19:21:33 - my_bot - INFO - Документ создан: C:\проекты\бот_квитанции\data\files\Акт_аренда_46-57_МелякинИванВладимирович_20250504.xlsx - [generate_document.py:51]
2025-05-04 19:21:33 - my_bot - INFO - Документ записан в базу данных. ID: 46 - [generate_document.py:344]
2025-05-04 19:21:34 - my_bot - INFO - Запущена конвертация Excel → PDF (LibreOffice): C:\проекты\бот_квитанции\data\files\Акт_аренда_46-57_МелякинИванВладимирович_20250504.xlsx → C:\проекты\бот_квитанции\data\files\Акт_аренда_46-57_МелякинИванВладимирович_20250504.pdf - [excel_to_pdf.py:7]
2025-05-04 19:21:35 - my_bot - INFO - Изображение data\photos\1374296012.png добавлено в PDF - [excel_to_pdf.py:61]
2025-05-04 19:21:35 - my_bot - INFO - PDF с изображением успешно создан: C:\проекты\бот_квитанции\data\files\Акт_аренда_46-57_МелякинИванВладимирович_20250504.pdf - [excel_to_pdf.py:34]
2025-05-04 19:21:35 - my_bot - INFO - Начало отправки email на mitanemita5@gmail.com - [email_sender.py:9]
2025-05-04 19:21:39 - my_bot - INFO - Email успешно отправлен на mitanemita5@gmail.com - [email_sender.py:28]
2025-05-04 19:26:03 - my_bot - INFO - Starting bot... - [main.py:114]
2025-05-04 19:26:03 - my_bot - INFO - Инициализация планировщика - [main.py:15]
2025-05-04 19:26:03 - my_bot - INFO - Планировщик успешно запущен - [main.py:24]
2025-05-04 19:26:04 - my_bot - WARNING - Нераспознанное сообщение от 1374296012: ↩️ Назад - [main.py:104]
2025-05-04 19:26:05 - my_bot - INFO - Пользователь 1374296012 запросил список арендаторов - [get_ten.py:65]
2025-05-04 19:26:06 - my_bot - INFO - Пользователь 1374296012 запросил список арендаторов - [get_ten.py:65]
2025-05-04 19:26:10 - my_bot - INFO - Сформировано имя файла: Акт_аренда_46-57_МелякинИванВладимирович_20250504.xlsx - [generate_document.py:319]
2025-05-04 19:26:10 - my_bot - INFO - Начало генерации документа: Акт_аренда_46-57_МелякинИванВладимирович_20250504.xlsx - [generate_document.py:31]
2025-05-04 19:26:10 - my_bot - INFO - Документ создан: C:\проекты\бот_квитанции\data\files\Акт_аренда_46-57_МелякинИванВладимирович_20250504.xlsx - [generate_document.py:51]
2025-05-04 19:26:10 - my_bot - INFO - Документ записан в базу данных. ID: 47 - [generate_document.py:344]
2025-05-04 19:26:12 - my_bot - INFO - Запущена конвертация Excel → PDF (LibreOffice): C:\проекты\бот_квитанции\data\files\Акт_аренда_46-57_МелякинИванВладимирович_20250504.xlsx → C:\проекты\бот_квитанции\data\files\Акт_аренда_46-57_МелякинИванВладимирович_20250504.pdf - [excel_to_pdf.py:7]
2025-05-04 19:26:13 - my_bot - ERROR - Ошибка при вставке подписи: bad image name - [excel_to_pdf.py:74]
2025-05-04 19:26:13 - my_bot - ERROR - Ошибка при конвертации C:\проекты\бот_квитанции\data\files\Акт_аренда_46-57_МелякинИванВладимирович_20250504.xlsx в PDF: bad image name - [excel_to_pdf.py:37]
Traceback (most recent call last):
  File "c:\проекты\бот_квитанции\src\services\excel_to_pdf.py", line 32, in convert_excel_to_pdf
    insert_image_into_pdf(pdf_path, image_path)
    ~~~~~~~~~~~~~~~~~~~~~^^^^^^^^^^^^^^^^^^^^^^
  File "c:\проекты\бот_квитанции\src\services\excel_to_pdf.py", line 51, in insert_image_into_pdf
    img_height = image_width * (page.get_image_bbox(image_path).height / page.get_image_bbox(image_path).width)
                                ~~~~~~~~~~~~~~~~~~~^^^^^^^^^^^^
  File "C:\Users\mitan\AppData\Local\Programs\Python\Python313\Lib\site-packages\pymupdf\__init__.py", line 9246, in get_image_bbox
    raise ValueError('bad image name')
ValueError: bad image name
2025-05-04 19:26:13 - my_bot - INFO - Начало отправки email на mitanemita5@gmail.com - [email_sender.py:9]
2025-05-04 19:26:16 - my_bot - INFO - Email успешно отправлен на mitanemita5@gmail.com - [email_sender.py:28]
2025-05-04 19:27:54 - my_bot - INFO - Starting bot... - [main.py:114]
2025-05-04 19:27:54 - my_bot - INFO - Инициализация планировщика - [main.py:15]
2025-05-04 19:27:54 - my_bot - INFO - Планировщик успешно запущен - [main.py:24]
2025-05-04 19:27:59 - my_bot - WARNING - Нераспознанное сообщение от 1374296012: ↩️ Назад - [main.py:104]
2025-05-04 19:28:01 - my_bot - INFO - Пользователь 1374296012 запросил список арендаторов - [get_ten.py:65]
2025-05-04 19:28:02 - my_bot - INFO - Пользователь 1374296012 запросил список арендаторов - [get_ten.py:65]
2025-05-04 19:28:05 - my_bot - INFO - Сформировано имя файла: Акт_аренда_46-57_МелякинИванВладимирович_20250504.xlsx - [generate_document.py:319]
2025-05-04 19:28:05 - my_bot - INFO - Начало генерации документа: Акт_аренда_46-57_МелякинИванВладимирович_20250504.xlsx - [generate_document.py:31]
2025-05-04 19:28:05 - my_bot - INFO - Документ создан: C:\проекты\бот_квитанции\data\files\Акт_аренда_46-57_МелякинИванВладимирович_20250504.xlsx - [generate_document.py:51]
2025-05-04 19:28:05 - my_bot - INFO - Документ записан в базу данных. ID: 48 - [generate_document.py:344]
2025-05-04 19:28:06 - my_bot - INFO - Запущена конвертация Excel → PDF (LibreOffice): C:\проекты\бот_квитанции\data\files\Акт_аренда_46-57_МелякинИванВладимирович_20250504.xlsx → C:\проекты\бот_квитанции\data\files\Акт_аренда_46-57_МелякинИванВладимирович_20250504.pdf - [excel_to_pdf.py:7]
2025-05-04 19:28:07 - my_bot - ERROR - Ошибка при вставке подписи: bad image name - [excel_to_pdf.py:74]
2025-05-04 19:28:07 - my_bot - ERROR - Ошибка при конвертации C:\проекты\бот_квитанции\data\files\Акт_аренда_46-57_МелякинИванВладимирович_20250504.xlsx в PDF: bad image name - [excel_to_pdf.py:37]
Traceback (most recent call last):
  File "c:\проекты\бот_квитанции\src\services\excel_to_pdf.py", line 32, in convert_excel_to_pdf
    insert_image_into_pdf(pdf_path, image_path)
    ~~~~~~~~~~~~~~~~~~~~~^^^^^^^^^^^^^^^^^^^^^^
  File "c:\проекты\бот_квитанции\src\services\excel_to_pdf.py", line 51, in insert_image_into_pdf
    img_height = image_width * (page.get_image_bbox(image_path).height / page.get_image_bbox(image_path).width)
                                ~~~~~~~~~~~~~~~~~~~^^^^^^^^^^^^
  File "C:\Users\mitan\AppData\Local\Programs\Python\Python313\Lib\site-packages\pymupdf\__init__.py", line 9246, in get_image_bbox
    raise ValueError('bad image name')
ValueError: bad image name
2025-05-04 19:28:07 - my_bot - INFO - Начало отправки email на mitanemita5@gmail.com - [email_sender.py:9]
2025-05-04 19:28:10 - my_bot - INFO - Email успешно отправлен на mitanemita5@gmail.com - [email_sender.py:28]
2025-05-04 19:29:39 - my_bot - INFO - Starting bot... - [main.py:114]
2025-05-04 19:29:39 - my_bot - INFO - Инициализация планировщика - [main.py:15]
2025-05-04 19:29:39 - my_bot - INFO - Планировщик успешно запущен - [main.py:24]
2025-05-04 19:29:39 - my_bot - WARNING - Нераспознанное сообщение от 1374296012: ↩️ Назад - [main.py:104]
2025-05-04 19:29:41 - my_bot - INFO - Пользователь 1374296012 запросил список арендаторов - [get_ten.py:65]
2025-05-04 19:29:42 - my_bot - INFO - Пользователь 1374296012 запросил список арендаторов - [get_ten.py:65]
2025-05-04 19:29:46 - my_bot - INFO - Сформировано имя файла: Акт_аренда_46-57_МелякинИванВладимирович_20250504.xlsx - [generate_document.py:319]
2025-05-04 19:29:46 - my_bot - INFO - Начало генерации документа: Акт_аренда_46-57_МелякинИванВладимирович_20250504.xlsx - [generate_document.py:31]
2025-05-04 19:29:46 - my_bot - INFO - Документ создан: C:\проекты\бот_квитанции\data\files\Акт_аренда_46-57_МелякинИванВладимирович_20250504.xlsx - [generate_document.py:51]
2025-05-04 19:29:46 - my_bot - INFO - Документ записан в базу данных. ID: 49 - [generate_document.py:344]
2025-05-04 19:29:47 - my_bot - INFO - Запущена конвертация Excel → PDF (LibreOffice): C:\проекты\бот_квитанции\data\files\Акт_аренда_46-57_МелякинИванВладимирович_20250504.xlsx → C:\проекты\бот_квитанции\data\files\Акт_аренда_46-57_МелякинИванВладимирович_20250504.pdf - [excel_to_pdf.py:7]
2025-05-04 19:29:48 - my_bot - INFO - Подпись добавлена: data\photos\1374296012.png - [excel_to_pdf.py:82]
2025-05-04 19:29:48 - my_bot - INFO - PDF с изображением успешно создан: C:\проекты\бот_квитанции\data\files\Акт_аренда_46-57_МелякинИванВладимирович_20250504.pdf - [excel_to_pdf.py:34]
2025-05-04 19:29:48 - my_bot - INFO - Начало отправки email на mitanemita5@gmail.com - [email_sender.py:9]
2025-05-04 19:29:54 - my_bot - INFO - Email успешно отправлен на mitanemita5@gmail.com - [email_sender.py:28]
2025-05-04 19:35:37 - my_bot - INFO - Starting bot... - [main.py:114]
2025-05-04 19:35:37 - my_bot - INFO - Инициализация планировщика - [main.py:15]
2025-05-04 19:35:37 - my_bot - INFO - Планировщик успешно запущен - [main.py:24]
2025-05-04 19:35:42 - my_bot - WARNING - Нераспознанное сообщение от 1374296012: ↩️ Назад - [main.py:104]
2025-05-04 19:35:43 - my_bot - INFO - Пользователь 1374296012 запросил список арендаторов - [get_ten.py:65]
2025-05-04 19:35:45 - my_bot - INFO - Пользователь 1374296012 запросил список арендаторов - [get_ten.py:65]
2025-05-04 19:35:51 - my_bot - INFO - Сформировано имя файла: Акт_аренда_46-57_МелякинИванВладимирович_20250504.xlsx - [generate_document.py:319]
2025-05-04 19:35:51 - my_bot - INFO - Начало генерации документа: Акт_аренда_46-57_МелякинИванВладимирович_20250504.xlsx - [generate_document.py:31]
2025-05-04 19:35:51 - my_bot - INFO - Документ создан: C:\проекты\бот_квитанции\data\files\Акт_аренда_46-57_МелякинИванВладимирович_20250504.xlsx - [generate_document.py:51]
2025-05-04 19:35:51 - my_bot - INFO - Документ записан в базу данных. ID: 50 - [generate_document.py:344]
2025-05-04 19:35:55 - my_bot - INFO - Запущена конвертация Excel → PDF (LibreOffice): C:\проекты\бот_квитанции\data\files\Акт_аренда_46-57_МелякинИванВладимирович_20250504.xlsx → C:\проекты\бот_квитанции\data\files\Акт_аренда_46-57_МелякинИванВладимирович_20250504.pdf - [excel_to_pdf.py:7]
2025-05-04 19:35:56 - my_bot - INFO - Подпись добавлена: data\photos\1374296012.png - [excel_to_pdf.py:82]
2025-05-04 19:35:56 - my_bot - INFO - PDF с изображением успешно создан: C:\проекты\бот_квитанции\data\files\Акт_аренда_46-57_МелякинИванВладимирович_20250504.pdf - [excel_to_pdf.py:34]
2025-05-04 19:35:56 - my_bot - INFO - Начало отправки email на mitanemita5@gmail.com - [email_sender.py:9]
2025-05-04 19:35:59 - my_bot - INFO - Email успешно отправлен на mitanemita5@gmail.com - [email_sender.py:28]
2025-05-04 19:40:02 - my_bot - INFO - Starting bot... - [main.py:114]
2025-05-04 19:40:02 - my_bot - INFO - Инициализация планировщика - [main.py:15]
2025-05-04 19:40:02 - my_bot - INFO - Планировщик успешно запущен - [main.py:24]
2025-05-04 19:40:06 - my_bot - WARNING - Нераспознанное сообщение от 1374296012: ↩️ Назад - [main.py:104]
2025-05-04 19:40:07 - my_bot - INFO - Пользователь 1374296012 запросил список арендаторов - [get_ten.py:65]
2025-05-04 19:40:08 - my_bot - INFO - Пользователь 1374296012 запросил список арендаторов - [get_ten.py:65]
2025-05-04 19:40:19 - my_bot - INFO - Сформировано имя файла: Акт_аренда_46-57_МелякинИванВладимирович_20250504.xlsx - [generate_document.py:319]
2025-05-04 19:40:19 - my_bot - INFO - Начало генерации документа: Акт_аренда_46-57_МелякинИванВладимирович_20250504.xlsx - [generate_document.py:31]
2025-05-04 19:40:19 - my_bot - INFO - Документ создан: C:\проекты\бот_квитанции\data\files\Акт_аренда_46-57_МелякинИванВладимирович_20250504.xlsx - [generate_document.py:51]
2025-05-04 19:40:19 - my_bot - INFO - Документ записан в базу данных. ID: 51 - [generate_document.py:344]
2025-05-04 19:40:20 - my_bot - INFO - Запущена конвертация Excel → PDF (LibreOffice): C:\проекты\бот_квитанции\data\files\Акт_аренда_46-57_МелякинИванВладимирович_20250504.xlsx → C:\проекты\бот_квитанции\data\files\Акт_аренда_46-57_МелякинИванВладимирович_20250504.pdf - [excel_to_pdf.py:7]
2025-05-04 19:40:21 - my_bot - INFO - Подпись размещена в правом верхнем углу: data\photos\1374296012.png - [excel_to_pdf.py:80]
2025-05-04 19:40:21 - my_bot - INFO - PDF с изображением успешно создан: C:\проекты\бот_квитанции\data\files\Акт_аренда_46-57_МелякинИванВладимирович_20250504.pdf - [excel_to_pdf.py:34]
2025-05-04 19:40:21 - my_bot - INFO - Начало отправки email на mitanemita5@gmail.com - [email_sender.py:9]
2025-05-04 19:40:24 - my_bot - INFO - Email успешно отправлен на mitanemita5@gmail.com - [email_sender.py:28]
2025-05-04 19:43:36 - my_bot - INFO - Starting bot... - [main.py:114]
2025-05-04 19:43:36 - my_bot - INFO - Инициализация планировщика - [main.py:15]
2025-05-04 19:43:36 - my_bot - INFO - Планировщик успешно запущен - [main.py:24]
2025-05-04 19:43:42 - my_bot - WARNING - Нераспознанное сообщение от 1374296012: ↩️ Назад - [main.py:104]
2025-05-04 19:43:44 - my_bot - INFO - Пользователь 1374296012 запросил список арендаторов - [get_ten.py:65]
2025-05-04 19:43:45 - my_bot - INFO - Пользователь 1374296012 запросил список арендаторов - [get_ten.py:65]
2025-05-04 19:43:56 - my_bot - INFO - Сформировано имя файла: Акт_аренда_46-57_МелякинИванВладимирович_20250504.xlsx - [generate_document.py:319]
2025-05-04 19:43:56 - my_bot - INFO - Начало генерации документа: Акт_аренда_46-57_МелякинИванВладимирович_20250504.xlsx - [generate_document.py:31]
2025-05-04 19:43:56 - my_bot - INFO - Документ создан: C:\проекты\бот_квитанции\data\files\Акт_аренда_46-57_МелякинИванВладимирович_20250504.xlsx - [generate_document.py:51]
2025-05-04 19:43:56 - my_bot - INFO - Документ записан в базу данных. ID: 52 - [generate_document.py:344]
2025-05-04 19:43:57 - my_bot - INFO - Запущена конвертация Excel → PDF (LibreOffice): C:\проекты\бот_квитанции\data\files\Акт_аренда_46-57_МелякинИванВладимирович_20250504.xlsx → C:\проекты\бот_квитанции\data\files\Акт_аренда_46-57_МелякинИванВладимирович_20250504.pdf - [excel_to_pdf.py:7]
2025-05-04 19:43:58 - my_bot - INFO - Подпись размещена в нижнем левом углу: data\photos\1374296012.png - [excel_to_pdf.py:87]
2025-05-04 19:43:58 - my_bot - INFO - PDF с изображением успешно создан: C:\проекты\бот_квитанции\data\files\Акт_аренда_46-57_МелякинИванВладимирович_20250504.pdf - [excel_to_pdf.py:41]
2025-05-04 19:43:58 - my_bot - INFO - Начало отправки email на mitanemita5@gmail.com - [email_sender.py:9]
2025-05-04 19:44:01 - my_bot - INFO - Email успешно отправлен на mitanemita5@gmail.com - [email_sender.py:28]
2025-05-04 19:59:25 - my_bot - INFO - Starting bot... - [main.py:114]
2025-05-04 19:59:25 - my_bot - INFO - Инициализация планировщика - [main.py:15]
2025-05-04 19:59:25 - my_bot - INFO - Планировщик успешно запущен - [main.py:24]
2025-05-04 19:59:28 - my_bot - WARNING - Нераспознанное сообщение от 1374296012: ↩️ Назад - [main.py:104]
2025-05-04 19:59:30 - my_bot - INFO - Пользователь 1374296012 запросил список арендаторов - [get_ten.py:65]
2025-05-04 19:59:31 - my_bot - INFO - Пользователь 1374296012 запросил список арендаторов - [get_ten.py:65]
2025-05-04 19:59:52 - my_bot - INFO - Сформировано имя файла: Акт_ком_услуги1_46-57_МелякинИванВладимирович_20250504.xlsx - [generate_document.py:319]
2025-05-04 19:59:52 - my_bot - INFO - Начало генерации документа: Акт_ком_услуги1_46-57_МелякинИванВладимирович_20250504.xlsx - [generate_document.py:31]
2025-05-04 19:59:52 - my_bot - INFO - Документ создан: C:\проекты\бот_квитанции\data\files\Акт_ком_услуги1_46-57_МелякинИванВладимирович_20250504.xlsx - [generate_document.py:51]
2025-05-04 19:59:52 - my_bot - INFO - Документ записан в базу данных. ID: 53 - [generate_document.py:344]
2025-05-04 19:59:52 - my_bot - INFO - Сформировано имя файла: Счет_за_электричество_46-57_МелякинИванВладимирович_20250504.xlsx - [generate_document.py:319]
2025-05-04 19:59:52 - my_bot - INFO - Начало генерации документа: Счет_за_электричество_46-57_МелякинИванВладимирович_20250504.xlsx - [generate_document.py:31]
2025-05-04 19:59:52 - my_bot - INFO - Документ создан: C:\проекты\бот_квитанции\data\files\Счет_за_электричество_46-57_МелякинИванВладимирович_20250504.xlsx - [generate_document.py:51]
2025-05-04 19:59:52 - my_bot - INFO - Документ записан в базу данных. ID: 54 - [generate_document.py:344]
2025-05-04 20:10:42 - my_bot - INFO - Starting bot... - [main.py:114]
2025-05-04 20:10:42 - my_bot - INFO - Инициализация планировщика - [main.py:15]
2025-05-04 20:10:42 - my_bot - INFO - Планировщик успешно запущен - [main.py:24]
2025-05-04 20:10:43 - my_bot - WARNING - Нераспознанное сообщение от 1374296012: ↩️ Назад - [main.py:104]
2025-05-04 20:10:44 - my_bot - INFO - Пользователь 1374296012 запросил список арендаторов - [get_ten.py:65]
2025-05-04 20:10:46 - my_bot - INFO - Пользователь 1374296012 запросил список арендаторов - [get_ten.py:65]
2025-05-04 20:10:55 - my_bot - INFO - Сформировано имя файла: Счет_за_аренду_46-57_МелякинИванВладимирович_20250504.xlsx - [generate_document.py:319]
2025-05-04 20:10:55 - my_bot - INFO - Начало генерации документа: Счет_за_аренду_46-57_МелякинИванВладимирович_20250504.xlsx - [generate_document.py:31]
2025-05-04 20:10:55 - my_bot - INFO - Документ создан: C:\проекты\бот_квитанции\data\files\Счет_за_аренду_46-57_МелякинИванВладимирович_20250504.xlsx - [generate_document.py:51]
2025-05-04 20:10:55 - my_bot - INFO - Документ записан в базу данных. ID: 55 - [generate_document.py:344]
2025-05-04 20:13:44 - my_bot - INFO - Starting bot... - [main.py:114]
2025-05-04 20:13:44 - my_bot - INFO - Инициализация планировщика - [main.py:15]
2025-05-04 20:13:44 - my_bot - INFO - Планировщик успешно запущен - [main.py:24]
2025-05-04 20:13:46 - my_bot - WARNING - Нераспознанное сообщение от 1374296012: ↩️ Назад - [main.py:104]
2025-05-04 20:13:47 - my_bot - INFO - Пользователь 1374296012 запросил список арендаторов - [get_ten.py:65]
2025-05-04 20:13:49 - my_bot - INFO - Пользователь 1374296012 запросил список арендаторов - [get_ten.py:65]
2025-05-04 20:13:57 - my_bot - INFO - Сформировано имя файла: Счет_за_аренду_46-57_МелякинИванВладимирович_20250504.xlsx - [generate_document.py:319]
2025-05-04 20:13:57 - my_bot - INFO - Начало генерации документа: Счет_за_аренду_46-57_МелякинИванВладимирович_20250504.xlsx - [generate_document.py:31]
2025-05-04 20:13:57 - my_bot - INFO - Документ создан: C:\проекты\бот_квитанции\data\files\Счет_за_аренду_46-57_МелякинИванВладимирович_20250504.xlsx - [generate_document.py:51]
2025-05-04 20:13:57 - my_bot - INFO - Документ записан в базу данных. ID: 56 - [generate_document.py:344]
2025-05-04 21:07:25 - my_bot - INFO - Starting bot... - [main.py:114]
2025-05-04 21:07:25 - my_bot - INFO - Инициализация планировщика - [main.py:15]
2025-05-04 21:07:25 - my_bot - INFO - Планировщик успешно запущен - [main.py:24]
2025-05-04 21:07:25 - my_bot - WARNING - Нераспознанное сообщение от 1374296012: ↩️ Назад - [main.py:104]
2025-05-04 21:07:28 - my_bot - INFO - Пользователь 1374296012 запросил список арендаторов - [get_ten.py:65]
2025-05-04 21:07:30 - my_bot - INFO - Пользователь 1374296012 запросил список арендаторов - [get_ten.py:65]
2025-05-04 21:07:38 - my_bot - INFO - Сформировано имя файла: Счет_за_аренду_46-57_МелякинИванВладимирович_20250504.xlsx - [generate_document.py:319]
2025-05-04 21:07:38 - my_bot - INFO - Начало генерации документа: Счет_за_аренду_46-57_МелякинИванВладимирович_20250504.xlsx - [generate_document.py:31]
2025-05-04 21:07:39 - my_bot - INFO - Документ создан: C:\проекты\бот_квитанции\data\files\Счет_за_аренду_46-57_МелякинИванВладимирович_20250504.xlsx - [generate_document.py:51]
2025-05-04 21:07:39 - my_bot - INFO - Документ записан в базу данных. ID: 57 - [generate_document.py:344]
2025-05-04 21:07:52 - my_bot - INFO - Сформировано имя файла: Счет_за_просрочку_46-57_МелякинИванВладимирович_20250504.xlsx - [generate_document.py:319]
2025-05-04 21:07:52 - my_bot - INFO - Начало генерации документа: Счет_за_просрочку_46-57_МелякинИванВладимирович_20250504.xlsx - [generate_document.py:31]
2025-05-04 21:07:52 - my_bot - INFO - Документ создан: C:\проекты\бот_квитанции\data\files\Счет_за_просрочку_46-57_МелякинИванВладимирович_20250504.xlsx - [generate_document.py:51]
2025-05-04 21:07:52 - my_bot - INFO - Документ записан в базу данных. ID: 58 - [generate_document.py:344]
2025-05-04 21:09:58 - my_bot - INFO - Starting bot... - [main.py:114]
2025-05-04 21:09:58 - my_bot - INFO - Инициализация планировщика - [main.py:15]
2025-05-04 21:09:58 - my_bot - INFO - Планировщик успешно запущен - [main.py:24]
2025-05-04 21:10:07 - my_bot - WARNING - Нераспознанное сообщение от 1374296012: ↩️ Назад - [main.py:104]
2025-05-04 21:10:09 - my_bot - INFO - Пользователь 1374296012 запросил список арендаторов - [get_ten.py:65]
2025-05-04 21:10:10 - my_bot - INFO - Пользователь 1374296012 запросил список арендаторов - [get_ten.py:65]
2025-05-04 21:10:20 - my_bot - INFO - Сформировано имя файла: Счет_за_просрочку_46-57_МелякинИванВладимирович_20250504.xlsx - [generate_document.py:319]
2025-05-04 21:10:20 - my_bot - INFO - Начало генерации документа: Счет_за_просрочку_46-57_МелякинИванВладимирович_20250504.xlsx - [generate_document.py:31]
2025-05-04 21:10:20 - my_bot - INFO - Документ создан: C:\проекты\бот_квитанции\data\files\Счет_за_просрочку_46-57_МелякинИванВладимирович_20250504.xlsx - [generate_document.py:51]
2025-05-04 21:10:20 - my_bot - INFO - Документ записан в базу данных. ID: 59 - [generate_document.py:344]
2025-05-04 21:11:46 - my_bot - INFO - Starting bot... - [main.py:114]
2025-05-04 21:11:46 - my_bot - INFO - Инициализация планировщика - [main.py:15]
2025-05-04 21:11:46 - my_bot - INFO - Планировщик успешно запущен - [main.py:24]
2025-05-04 21:11:47 - my_bot - WARNING - Нераспознанное сообщение от 1374296012: ↩️ Назад - [main.py:104]
2025-05-04 21:11:49 - my_bot - INFO - Пользователь 1374296012 запросил список арендаторов - [get_ten.py:65]
2025-05-04 21:11:51 - my_bot - INFO - Пользователь 1374296012 запросил список арендаторов - [get_ten.py:65]
2025-05-04 21:12:00 - my_bot - INFO - Сформировано имя файла: Счет_за_просрочку_46-57_МелякинИванВладимирович_20250504.xlsx - [generate_document.py:319]
2025-05-04 21:12:00 - my_bot - INFO - Начало генерации документа: Счет_за_просрочку_46-57_МелякинИванВладимирович_20250504.xlsx - [generate_document.py:31]
2025-05-04 21:12:00 - my_bot - INFO - Документ создан: C:\проекты\бот_квитанции\data\files\Счет_за_просрочку_46-57_МелякинИванВладимирович_20250504.xlsx - [generate_document.py:51]
2025-05-04 21:12:00 - my_bot - INFO - Документ записан в базу данных. ID: 60 - [generate_document.py:344]
2025-05-04 21:13:08 - my_bot - INFO - Starting bot... - [main.py:114]
2025-05-04 21:13:08 - my_bot - INFO - Инициализация планировщика - [main.py:15]
2025-05-04 21:13:08 - my_bot - INFO - Планировщик успешно запущен - [main.py:24]
2025-05-04 21:13:09 - my_bot - WARNING - Нераспознанное сообщение от 1374296012: ↩️ Назад - [main.py:104]
2025-05-04 21:13:11 - my_bot - INFO - Пользователь 1374296012 запросил список арендаторов - [get_ten.py:65]
2025-05-04 21:13:12 - my_bot - INFO - Пользователь 1374296012 запросил список арендаторов - [get_ten.py:65]
2025-05-04 21:13:39 - my_bot - INFO - Сформировано имя файла: Акт_ком_услуги1_46-57_МелякинИванВладимирович_20250504.xlsx - [generate_document.py:319]
2025-05-04 21:13:39 - my_bot - INFO - Начало генерации документа: Акт_ком_услуги1_46-57_МелякинИванВладимирович_20250504.xlsx - [generate_document.py:31]
2025-05-04 21:13:39 - my_bot - INFO - Документ создан: C:\проекты\бот_квитанции\data\files\Акт_ком_услуги1_46-57_МелякинИванВладимирович_20250504.xlsx - [generate_document.py:51]
2025-05-04 21:13:39 - my_bot - INFO - Документ записан в базу данных. ID: 61 - [generate_document.py:344]
2025-05-04 21:13:39 - my_bot - INFO - Сформировано имя файла: Счет_за_электричество_46-57_МелякинИванВладимирович_20250504.xlsx - [generate_document.py:319]
2025-05-04 21:13:39 - my_bot - INFO - Начало генерации документа: Счет_за_электричество_46-57_МелякинИванВладимирович_20250504.xlsx - [generate_document.py:31]
2025-05-04 21:13:39 - my_bot - INFO - Документ создан: C:\проекты\бот_квитанции\data\files\Счет_за_электричество_46-57_МелякинИванВладимирович_20250504.xlsx - [generate_document.py:51]
2025-05-04 21:13:39 - my_bot - INFO - Документ записан в базу данных. ID: 62 - [generate_document.py:344]
2025-05-04 21:15:29 - my_bot - INFO - Starting bot... - [main.py:114]
2025-05-04 21:15:29 - my_bot - INFO - Инициализация планировщика - [main.py:15]
2025-05-04 21:15:29 - my_bot - INFO - Планировщик успешно запущен - [main.py:24]
2025-05-04 21:15:35 - my_bot - WARNING - Нераспознанное сообщение от 1374296012: ↩️ Назад - [main.py:104]
2025-05-04 21:15:37 - my_bot - INFO - Пользователь 1374296012 запросил список арендаторов - [get_ten.py:65]
2025-05-04 21:15:38 - my_bot - INFO - Пользователь 1374296012 запросил список арендаторов - [get_ten.py:65]
2025-05-04 21:16:00 - my_bot - INFO - Сформировано имя файла: Акт_ком_услуги1_46-57_МелякинИванВладимирович_20250504.xlsx - [generate_document.py:319]
2025-05-04 21:16:00 - my_bot - INFO - Начало генерации документа: Акт_ком_услуги1_46-57_МелякинИванВладимирович_20250504.xlsx - [generate_document.py:31]
2025-05-04 21:16:00 - my_bot - INFO - Документ создан: C:\проекты\бот_квитанции\data\files\Акт_ком_услуги1_46-57_МелякинИванВладимирович_20250504.xlsx - [generate_document.py:51]
2025-05-04 21:16:00 - my_bot - INFO - Документ записан в базу данных. ID: 63 - [generate_document.py:344]
2025-05-04 21:16:00 - my_bot - INFO - Сформировано имя файла: Счет_за_электричество_46-57_МелякинИванВладимирович_20250504.xlsx - [generate_document.py:319]
2025-05-04 21:16:00 - my_bot - INFO - Начало генерации документа: Счет_за_электричество_46-57_МелякинИванВладимирович_20250504.xlsx - [generate_document.py:31]
2025-05-04 21:16:00 - my_bot - INFO - Документ создан: C:\проекты\бот_квитанции\data\files\Счет_за_электричество_46-57_МелякинИванВладимирович_20250504.xlsx - [generate_document.py:51]
2025-05-04 21:16:00 - my_bot - INFO - Документ записан в базу данных. ID: 64 - [generate_document.py:344]
2025-05-04 21:34:21 - my_bot - INFO - Starting bot... - [main.py:114]
2025-05-04 21:34:21 - my_bot - INFO - Инициализация планировщика - [main.py:15]
2025-05-04 21:34:21 - my_bot - INFO - Планировщик успешно запущен - [main.py:24]
2025-05-04 21:34:42 - my_bot - WARNING - Нераспознанное сообщение от 1374296012: ↩️ Назад - [main.py:104]
2025-05-04 21:34:43 - my_bot - INFO - User 1374296012 requested profile - [profile.py:53]
2025-05-04 21:34:43 - my_bot - INFO - Profile displayed for user 1374296012 - [profile.py:99]
2025-05-04 21:34:44 - my_bot - INFO - User 1374296012 selected menu option: Фото подписи - [profile.py:108]
2025-05-04 21:34:45 - my_bot - INFO - User 1374296012 entered photo signature section - [profile.py:151]
2025-05-04 21:38:52 - my_bot - INFO - Starting bot... - [main.py:114]
2025-05-04 21:38:52 - my_bot - INFO - Инициализация планировщика - [main.py:15]
2025-05-04 21:38:52 - my_bot - INFO - Планировщик успешно запущен - [main.py:24]
2025-05-04 21:41:51 - my_bot - INFO - Starting bot... - [main.py:114]
2025-05-04 21:41:51 - my_bot - INFO - Инициализация планировщика - [main.py:15]
2025-05-04 21:41:51 - my_bot - INFO - Планировщик успешно запущен - [main.py:24]
2025-05-04 21:41:59 - my_bot - WARNING - Нераспознанное сообщение от 1374296012: ↩️ Назад - [main.py:104]
2025-05-04 21:42:00 - my_bot - INFO - Пользователь 1374296012 запросил список арендаторов - [get_ten.py:65]
2025-05-04 21:42:02 - my_bot - INFO - Пользователь 1374296012 запросил список арендаторов - [get_ten.py:65]
2025-05-04 21:42:06 - my_bot - INFO - Сформировано имя файла: Акт_аренда_46-57_МелякинИванВладимирович_20250504.xlsx - [generate_document.py:319]
2025-05-04 21:42:06 - my_bot - INFO - Начало генерации документа: Акт_аренда_46-57_МелякинИванВладимирович_20250504.xlsx - [generate_document.py:31]
2025-05-04 21:42:06 - my_bot - INFO - Документ создан: C:\проекты\бот_квитанции\data\files\Акт_аренда_46-57_МелякинИванВладимирович_20250504.xlsx - [generate_document.py:51]
2025-05-04 21:42:06 - my_bot - INFO - Документ записан в базу данных. ID: 65 - [generate_document.py:344]
2025-05-04 21:42:08 - my_bot - INFO - Начало отправки email на mitanemita5@gmail.com - [email_sender.py:9]
2025-05-04 21:42:12 - my_bot - INFO - Email успешно отправлен на mitanemita5@gmail.com - [email_sender.py:28]
2025-05-04 21:42:48 - my_bot - INFO - Пользователь 1374296012 запросил список арендаторов - [get_ten.py:65]
2025-05-04 21:42:51 - my_bot - INFO - Пользователь 1374296012 команда - /start - [main.py:39]
2025-05-04 21:42:52 - my_bot - INFO - User 1374296012 requested profile - [profile.py:53]
2025-05-04 21:42:52 - my_bot - INFO - Profile displayed for user 1374296012 - [profile.py:99]
2025-05-04 21:42:53 - my_bot - INFO - User 1374296012 selected menu option: Фото подписи - [profile.py:108]
2025-05-04 21:42:53 - my_bot - INFO - User 1374296012 entered photo signature section - [profile.py:151]
2025-05-04 21:43:01 - my_bot - INFO - User 1374296012 uploading signature photo - [profile.py:262]
2025-05-04 21:43:01 - my_bot - ERROR - Error saving signature photo for user 1374296012: 'Logger' object has no attribute 'success' - [profile.py:275]
2025-05-04 21:44:54 - my_bot - INFO - Starting bot... - [main.py:114]
2025-05-04 21:44:54 - my_bot - INFO - Инициализация планировщика - [main.py:15]
2025-05-04 21:44:54 - my_bot - INFO - Планировщик успешно запущен - [main.py:24]
2025-05-04 21:44:55 - my_bot - WARNING - Нераспознанное сообщение от 1374296012: ↩️ Назад - [main.py:104]
2025-05-04 21:44:57 - my_bot - INFO - User 1374296012 requested profile - [profile.py:53]
2025-05-04 21:44:57 - my_bot - INFO - Profile displayed for user 1374296012 - [profile.py:99]
2025-05-04 21:44:58 - my_bot - INFO - User 1374296012 selected menu option: Фото подписи - [profile.py:108]
2025-05-04 21:44:58 - my_bot - INFO - User 1374296012 entered photo signature section - [profile.py:151]
2025-05-04 21:45:00 - my_bot - INFO - User 1374296012 requested photo change - [profile.py:287]
2025-05-04 21:45:11 - my_bot - INFO - User 1374296012 uploading signature photo - [profile.py:262]
2025-05-04 21:45:12 - my_bot - INFO - Signature photo saved for user 1374296012 - [profile.py:270]
2025-05-04 21:45:17 - my_bot - INFO - User 1374296012 selected menu option: ↩️ Назад - [profile.py:108]
2025-05-04 21:45:17 - my_bot - INFO - User 1374296012 returned to main menu - [profile.py:114]
2025-05-04 21:45:19 - my_bot - INFO - Пользователь 1374296012 запросил список арендаторов - [get_ten.py:65]
2025-05-04 21:45:23 - my_bot - INFO - Пользователь 1374296012 запросил список арендаторов - [get_ten.py:65]
2025-05-04 21:45:27 - my_bot - INFO - Сформировано имя файла: Акт_аренда_46-57_МелякинИванВладимирович_20250504.xlsx - [generate_document.py:319]
2025-05-04 21:45:27 - my_bot - INFO - Начало генерации документа: Акт_аренда_46-57_МелякинИванВладимирович_20250504.xlsx - [generate_document.py:31]
2025-05-04 21:45:27 - my_bot - INFO - Документ создан: C:\проекты\бот_квитанции\data\files\Акт_аренда_46-57_МелякинИванВладимирович_20250504.xlsx - [generate_document.py:51]
2025-05-04 21:45:27 - my_bot - INFO - Документ записан в базу данных. ID: 66 - [generate_document.py:344]
2025-05-04 21:45:29 - my_bot - INFO - Начало отправки email на mitanemita5@gmail.com - [email_sender.py:9]
2025-05-04 21:45:32 - my_bot - INFO - Email успешно отправлен на mitanemita5@gmail.com - [email_sender.py:28]
2025-05-04 21:46:39 - my_bot - INFO - Пользователь 1374296012 запросил список арендаторов - [get_ten.py:65]
2025-05-04 21:46:41 - my_bot - INFO - Пользователь 1374296012 команда - /start - [main.py:39]
2025-05-04 21:46:43 - my_bot - INFO - User 1374296012 requested profile - [profile.py:53]
2025-05-04 21:46:43 - my_bot - INFO - Profile displayed for user 1374296012 - [profile.py:99]
2025-05-04 21:46:46 - my_bot - INFO - User 1374296012 selected menu option: Фото подписи - [profile.py:108]
2025-05-04 21:46:46 - my_bot - INFO - User 1374296012 entered photo signature section - [profile.py:151]
2025-05-04 21:46:47 - my_bot - INFO - User 1374296012 requested photo change - [profile.py:287]
2025-05-04 21:47:27 - my_bot - INFO - User 1374296012 uploading signature photo - [profile.py:262]
2025-05-04 21:47:27 - my_bot - INFO - Signature photo saved for user 1374296012 - [profile.py:270]
2025-05-04 21:47:31 - my_bot - INFO - User 1374296012 selected menu option: ↩️ Назад - [profile.py:108]
2025-05-04 21:47:31 - my_bot - INFO - User 1374296012 returned to main menu - [profile.py:114]
2025-05-04 21:47:32 - my_bot - INFO - Пользователь 1374296012 запросил список арендаторов - [get_ten.py:65]
2025-05-04 21:47:36 - my_bot - INFO - Пользователь 1374296012 запросил список арендаторов - [get_ten.py:65]
2025-05-04 21:47:40 - my_bot - INFO - Сформировано имя файла: Акт_аренда_46-57_МелякинИванВладимирович_20250504.xlsx - [generate_document.py:319]
2025-05-04 21:47:40 - my_bot - INFO - Начало генерации документа: Акт_аренда_46-57_МелякинИванВладимирович_20250504.xlsx - [generate_document.py:31]
2025-05-04 21:47:40 - my_bot - INFO - Документ создан: C:\проекты\бот_квитанции\data\files\Акт_аренда_46-57_МелякинИванВладимирович_20250504.xlsx - [generate_document.py:51]
2025-05-04 21:47:40 - my_bot - INFO - Документ записан в базу данных. ID: 67 - [generate_document.py:344]
2025-05-04 21:47:42 - my_bot - INFO - Начало отправки email на mitanemita5@gmail.com - [email_sender.py:9]
2025-05-04 21:47:44 - my_bot - INFO - Email успешно отправлен на mitanemita5@gmail.com - [email_sender.py:28]
2025-05-04 21:52:36 - my_bot - INFO - Пользователь 1374296012 запросил список арендаторов - [get_ten.py:65]
2025-05-04 21:52:40 - my_bot - INFO - Пользователь 1374296012 команда - /start - [main.py:39]
2025-05-04 21:52:44 - my_bot - INFO - User 1374296012 requested profile - [profile.py:53]
2025-05-04 21:52:44 - my_bot - INFO - Profile displayed for user 1374296012 - [profile.py:99]
2025-05-04 21:52:50 - my_bot - INFO - User 1374296012 selected menu option: Изменить - [profile.py:108]
2025-05-04 21:52:50 - my_bot - INFO - User 1374296012 entered edit menu - [profile.py:157]
2025-05-04 21:52:51 - my_bot - INFO - User 1374296012 returned from edit menu - [profile.py:188]
2025-05-04 21:52:51 - my_bot - INFO - User 1374296012 requested profile - [profile.py:53]
2025-05-04 21:52:51 - my_bot - INFO - Profile displayed for user 1374296012 - [profile.py:99]
2025-05-04 21:52:52 - my_bot - INFO - User 1374296012 selected menu option: Фото подписи - [profile.py:108]
2025-05-04 21:52:53 - my_bot - INFO - User 1374296012 entered photo signature section - [profile.py:151]
2025-05-04 21:52:55 - my_bot - INFO - User 1374296012 returned from photo signature section - [profile.py:283]
2025-05-04 21:52:55 - my_bot - INFO - User 1374296012 requested profile - [profile.py:53]
2025-05-04 21:52:55 - my_bot - INFO - Profile displayed for user 1374296012 - [profile.py:99]
2025-05-04 21:52:59 - my_bot - INFO - User 1374296012 selected menu option: ↩️ Назад - [profile.py:108]
2025-05-04 21:52:59 - my_bot - INFO - User 1374296012 returned to main menu - [profile.py:114]
2025-05-04 21:53:00 - my_bot - INFO - Пользователь 1374296012 запросил список арендаторов - [get_ten.py:65]
2025-05-04 21:53:04 - my_bot - INFO - Пользователь 1374296012 запросил список арендаторов - [get_ten.py:65]
2025-05-04 21:53:10 - my_bot - INFO - Сформировано имя файла: Акт_аренда_46-57_МелякинИванВладимирович_20250504.xlsx - [generate_document.py:319]
2025-05-04 21:53:10 - my_bot - INFO - Начало генерации документа: Акт_аренда_46-57_МелякинИванВладимирович_20250504.xlsx - [generate_document.py:31]
2025-05-04 21:53:10 - my_bot - INFO - Документ создан: C:\проекты\бот_квитанции\data\files\Акт_аренда_46-57_МелякинИванВладимирович_20250504.xlsx - [generate_document.py:51]
2025-05-04 21:53:10 - my_bot - INFO - Документ записан в базу данных. ID: 68 - [generate_document.py:344]
2025-05-04 21:53:21 - my_bot - INFO - Начало отправки email на mitanemita5@gmail.com - [email_sender.py:9]
2025-05-04 21:53:24 - my_bot - INFO - Email успешно отправлен на mitanemita5@gmail.com - [email_sender.py:28]
2025-05-04 22:21:42 - my_bot - INFO - Пользователь 853521387 команда - /start - [main.py:39]
2025-05-04 22:21:42 - my_bot - INFO - User 853521387 initiated tenant addition process - [add_user.py:13]
2025-05-04 22:23:38 - my_bot - INFO - User 853521387 successfully added tenant: {'name': 'Залупин Писюн Валерьевич', 'type': 'Индивидуальный предприниматель', 'inn': '880055535351', 'recw_inf': '1337228777999666 ПАО «МИТЯ СОСИ ХУЙ»'} - [add_user.py:122]
2025-05-04 22:23:55 - my_bot - WARNING - Пользователь 853521387 без доступа пытается воспользоватся ботом - [main.py:95]
2025-05-04 22:24:00 - my_bot - INFO - User 853521387 requested profile - [profile.py:53]
2025-05-04 22:24:00 - my_bot - INFO - Profile displayed for user 853521387 - [profile.py:99]
2025-05-04 22:24:05 - my_bot - INFO - User 853521387 selected menu option: Фото подписи - [profile.py:108]
2025-05-04 22:24:05 - my_bot - INFO - User 853521387 entered photo signature section - [profile.py:151]
2025-05-04 22:24:08 - my_bot - INFO - User 853521387 requested photo change - [profile.py:287]
2025-05-04 22:24:55 - my_bot - INFO - Starting bot... - [main.py:114]
2025-05-04 22:24:55 - my_bot - INFO - Инициализация планировщика - [main.py:15]
2025-05-04 22:24:55 - my_bot - INFO - Планировщик успешно запущен - [main.py:24]
2025-05-04 22:25:09 - my_bot - WARNING - Нераспознанное сообщение от 853521387: 📷 Изменить - [main.py:104]
2025-05-04 22:25:30 - my_bot - WARNING - Пользователь 853521387 без доступа пытается воспользоватся ботом - [main.py:95]
2025-05-04 22:25:32 - my_bot - INFO - User 853521387 requested profile - [profile.py:53]
2025-05-04 22:25:32 - my_bot - INFO - Profile displayed for user 853521387 - [profile.py:99]
2025-05-04 22:25:39 - my_bot - INFO - User 853521387 selected menu option: Изменить - [profile.py:108]
2025-05-04 22:25:39 - my_bot - INFO - User 853521387 entered edit menu - [profile.py:157]
2025-05-04 22:25:41 - my_bot - INFO - User 853521387 returned from edit menu - [profile.py:188]
2025-05-04 22:25:41 - my_bot - INFO - User 853521387 requested profile - [profile.py:53]
2025-05-04 22:25:41 - my_bot - INFO - Profile displayed for user 853521387 - [profile.py:99]
2025-05-04 22:25:42 - my_bot - INFO - User 853521387 selected menu option: Фото подписи - [profile.py:108]
2025-05-04 22:25:42 - my_bot - INFO - User 853521387 entered photo signature section - [profile.py:151]
2025-05-04 22:25:59 - my_bot - INFO - User 853521387 uploading signature photo - [profile.py:262]
2025-05-04 22:25:59 - my_bot - INFO - Signature photo saved for user 853521387 - [profile.py:270]
2025-05-04 22:26:02 - my_bot - INFO - User 853521387 selected menu option: ↩️ Назад - [profile.py:108]
2025-05-04 22:26:02 - my_bot - INFO - User 853521387 returned to main menu - [profile.py:114]
2025-05-04 22:26:05 - my_bot - WARNING - Пользователь 853521387 без доступа пытается воспользоватся ботом - [main.py:95]
2025-05-04 22:28:51 - my_bot - INFO - Starting bot... - [main.py:114]
2025-05-04 22:28:51 - my_bot - INFO - Инициализация планировщика - [main.py:15]
2025-05-04 22:28:51 - my_bot - INFO - Планировщик успешно запущен - [main.py:24]
2025-05-04 22:29:05 - my_bot - WARNING - Пользователь 853521387 без доступа пытается воспользоватся ботом - [main.py:95]
2025-05-04 22:29:21 - my_bot - INFO - User 853521387 requested profile - [profile.py:53]
2025-05-04 22:29:21 - my_bot - INFO - Profile displayed for user 853521387 - [profile.py:99]
2025-05-04 22:29:22 - my_bot - INFO - User 853521387 selected menu option: Подписка - [profile.py:108]
2025-05-04 22:29:22 - my_bot - INFO - User 853521387 accessed subscription section - [profile.py:119]
2025-05-04 22:30:04 - my_bot - INFO - Starting bot... - [main.py:106]
2025-05-04 22:30:04 - my_bot - INFO - Инициализация планировщика - [main.py:15]
2025-05-04 22:30:04 - my_bot - INFO - Планировщик успешно запущен - [main.py:24]
2025-05-04 22:30:27 - my_bot - WARNING - Нераспознанное сообщение от 853521387: ↩️ Назад - [main.py:96]
2025-05-04 22:30:28 - my_bot - INFO - [853521387] /add_tenant - Начало добавления арендатора - [add_tenant.py:15]
2025-05-04 22:33:03 - my_bot - INFO - Пользователь 853521387 команда - /start - [main.py:39]
2025-05-04 22:33:04 - my_bot - INFO - Пользователь 853521387 запросил список арендаторов - [get_ten.py:65]
2025-05-04 22:33:08 - my_bot - WARNING - Пользователь 853521387 без доступа пытается воспользоваться ботом - [tenent_handlers.py:32]
2025-05-04 22:33:25 - my_bot - INFO - Пользователь 853521387 команда - /start - [main.py:39]
2025-05-04 22:33:30 - my_bot - WARNING - Пользователь 853521387 без доступа пытается воспользоваться ботом - [tenent_handlers.py:32]
2025-05-04 22:35:14 - my_bot - INFO - Starting bot... - [main.py:106]
2025-05-04 22:35:14 - my_bot - INFO - Инициализация планировщика - [main.py:15]
2025-05-04 22:35:14 - my_bot - INFO - Планировщик успешно запущен - [main.py:24]
2025-05-04 22:35:38 - my_bot - INFO - Starting bot... - [main.py:106]
2025-05-04 22:35:38 - my_bot - INFO - Инициализация планировщика - [main.py:15]
2025-05-04 22:35:38 - my_bot - INFO - Планировщик успешно запущен - [main.py:24]
2025-05-04 22:35:41 - my_bot - INFO - Пользователь 853521387 запросил список арендаторов - [get_ten.py:65]
2025-05-04 22:36:17 - my_bot - INFO - Сформировано имя файла: Счет_за_аренду_7777777_МитяевПидорЕбанович_20250504.xlsx - [generate_document.py:319]
2025-05-04 22:36:17 - my_bot - INFO - Начало генерации документа: Счет_за_аренду_7777777_МитяевПидорЕбанович_20250504.xlsx - [generate_document.py:31]
2025-05-04 22:36:17 - my_bot - INFO - Документ создан: C:\проекты\бот_квитанции\data\files\Счет_за_аренду_7777777_МитяевПидорЕбанович_20250504.xlsx - [generate_document.py:51]
2025-05-04 22:36:17 - my_bot - INFO - Документ записан в базу данных. ID: 69 - [generate_document.py:344]
2025-05-04 22:36:25 - my_bot - INFO - Начало отправки email на mitasosipisun@mail.ru - [email_sender.py:9]
2025-05-04 22:36:28 - my_bot - INFO - Email успешно отправлен на mitasosipisun@mail.ru - [email_sender.py:28]
2025-05-04 22:37:13 - my_bot - WARNING - Нераспознанное сообщение от 1374296012: ↩️ Назад - [main.py:96]
2025-05-04 22:37:15 - my_bot - INFO - Пользователь 1374296012 запросил список арендаторов - [get_ten.py:65]
2025-05-04 22:37:53 - my_bot - INFO - Пользователь 1374296012 команда - /start - [main.py:39]
2025-05-04 22:37:59 - my_bot - INFO - Пользователь 1374296012 запросил список арендаторов - [get_ten.py:65]
2025-05-04 22:38:02 - my_bot - INFO - Пользователь 1374296012 запросил список арендаторов - [get_ten.py:65]
2025-05-04 22:38:13 - my_bot - INFO - Сформировано имя файла: Счет_за_аренду_46-57_МелякинИванВладимирович_20250504.xlsx - [generate_document.py:319]
2025-05-04 22:38:13 - my_bot - INFO - Начало генерации документа: Счет_за_аренду_46-57_МелякинИванВладимирович_20250504.xlsx - [generate_document.py:31]
2025-05-04 22:38:13 - my_bot - INFO - Документ создан: C:\проекты\бот_квитанции\data\files\Счет_за_аренду_46-57_МелякинИванВладимирович_20250504.xlsx - [generate_document.py:51]
2025-05-04 22:38:13 - my_bot - INFO - Документ записан в базу данных. ID: 70 - [generate_document.py:344]
2025-05-04 22:38:19 - my_bot - INFO - Начало отправки email на mitanemita5@gmail.com - [email_sender.py:9]
2025-05-04 22:38:22 - my_bot - INFO - Email успешно отправлен на mitanemita5@gmail.com - [email_sender.py:28]
2025-05-04 22:38:32 - my_bot - INFO - Пользователь 1374296012 запросил список арендаторов - [get_ten.py:65]
2025-05-04 22:38:34 - my_bot - INFO - Пользователь 1374296012 команда - /start - [main.py:39]
2025-05-04 22:38:35 - my_bot - INFO - User 1374296012 requested profile - [profile.py:53]
2025-05-04 22:38:35 - my_bot - INFO - Profile displayed for user 1374296012 - [profile.py:99]
2025-05-04 22:38:39 - my_bot - INFO - User 1374296012 selected menu option: Фото подписи - [profile.py:108]
2025-05-04 22:38:39 - my_bot - INFO - User 1374296012 entered photo signature section - [profile.py:151]
2025-05-04 22:38:40 - my_bot - INFO - User 1374296012 requested photo change - [profile.py:287]
2025-05-04 22:38:44 - my_bot - INFO - User 1374296012 uploading signature photo - [profile.py:262]
2025-05-04 22:38:44 - my_bot - INFO - Signature photo saved for user 1374296012 - [profile.py:270]
2025-05-04 22:38:46 - my_bot - INFO - User 1374296012 selected menu option: ↩️ Назад - [profile.py:108]
2025-05-04 22:38:46 - my_bot - INFO - User 1374296012 returned to main menu - [profile.py:114]
2025-05-04 22:38:51 - my_bot - INFO - Пользователь 1374296012 запросил список арендаторов - [get_ten.py:65]
2025-05-04 22:38:55 - my_bot - INFO - Пользователь 1374296012 запросил список арендаторов - [get_ten.py:65]
2025-05-04 22:39:04 - my_bot - INFO - Сформировано имя файла: Счет_за_аренду_46-57_МелякинИванВладимирович_20250504.xlsx - [generate_document.py:319]
2025-05-04 22:39:04 - my_bot - INFO - Начало генерации документа: Счет_за_аренду_46-57_МелякинИванВладимирович_20250504.xlsx - [generate_document.py:31]
2025-05-04 22:39:04 - my_bot - INFO - Документ создан: C:\проекты\бот_квитанции\data\files\Счет_за_аренду_46-57_МелякинИванВладимирович_20250504.xlsx - [generate_document.py:51]
2025-05-04 22:39:04 - my_bot - INFO - Документ записан в базу данных. ID: 71 - [generate_document.py:344]
2025-05-04 22:39:06 - my_bot - INFO - Начало отправки email на mitanemita5@gmail.com - [email_sender.py:9]
2025-05-04 22:39:09 - my_bot - INFO - Email успешно отправлен на mitanemita5@gmail.com - [email_sender.py:28]
2025-05-04 22:55:00 - my_bot - INFO - Пользователь 1374296012 запросил список арендаторов - [get_ten.py:65]
2025-05-04 22:55:02 - my_bot - INFO - Пользователь 1374296012 запросил список арендаторов - [get_ten.py:65]
2025-05-04 22:55:06 - my_bot - INFO - Пользователь 1374296012 запросил список арендаторов - [get_ten.py:65]
2025-05-04 22:55:07 - my_bot - INFO - Пользователь 1374296012 команда - /start - [main.py:39]
2025-05-04 22:55:09 - my_bot - INFO - User 1374296012 requested profile - [profile.py:53]
2025-05-04 22:55:09 - my_bot - INFO - Profile displayed for user 1374296012 - [profile.py:99]
2025-05-04 22:55:14 - my_bot - INFO - User 1374296012 selected menu option: Фото подписи - [profile.py:108]
2025-05-04 22:55:14 - my_bot - INFO - User 1374296012 entered photo signature section - [profile.py:151]
2025-05-04 22:55:16 - my_bot - INFO - User 1374296012 returned from photo signature section - [profile.py:283]
2025-05-04 22:55:16 - my_bot - INFO - User 1374296012 requested profile - [profile.py:53]
2025-05-04 22:55:16 - my_bot - INFO - Profile displayed for user 1374296012 - [profile.py:99]
2025-05-04 22:55:18 - my_bot - INFO - User 1374296012 selected menu option: ↩️ Назад - [profile.py:108]
2025-05-04 22:55:18 - my_bot - INFO - User 1374296012 returned to main menu - [profile.py:114]
2025-05-04 22:55:19 - my_bot - INFO - Пользователь 1374296012 запросил список арендаторов - [get_ten.py:65]
2025-05-04 22:55:23 - my_bot - INFO - Пользователь 1374296012 запросил список арендаторов - [get_ten.py:65]
2025-05-04 22:55:32 - my_bot - INFO - Сформировано имя файла: Акт_аренда_46-57_МелякинИванВладимирович_20250504.xlsx - [generate_document.py:319]
2025-05-04 22:55:32 - my_bot - INFO - Начало генерации документа: Акт_аренда_46-57_МелякинИванВладимирович_20250504.xlsx - [generate_document.py:31]
2025-05-04 22:55:32 - my_bot - INFO - Документ создан: C:\проекты\бот_квитанции\data\files\Акт_аренда_46-57_МелякинИванВладимирович_20250504.xlsx - [generate_document.py:51]
2025-05-04 22:55:32 - my_bot - INFO - Документ записан в базу данных. ID: 72 - [generate_document.py:344]
2025-05-04 22:55:34 - my_bot - INFO - Начало отправки email на mitanemita5@gmail.com - [email_sender.py:9]
2025-05-04 22:55:38 - my_bot - INFO - Email успешно отправлен на mitanemita5@gmail.com - [email_sender.py:28]
2025-05-04 23:56:50 - my_bot - INFO - Starting bot... - [main.py:106]
2025-05-04 23:56:50 - my_bot - INFO - Инициализация планировщика - [main.py:15]
2025-05-04 23:56:50 - my_bot - INFO - Планировщик успешно запущен - [main.py:24]
2025-05-04 23:56:52 - my_bot - WARNING - Нераспознанное сообщение от 1374296012: ↩️ Назад - [main.py:96]
2025-05-04 23:56:53 - my_bot - INFO - User 1374296012 requested profile - [profile.py:54]
2025-05-04 23:56:53 - my_bot - INFO - Profile displayed for user 1374296012 - [profile.py:100]
2025-05-04 23:56:55 - my_bot - INFO - User 1374296012 selected menu option: Подписка - [profile.py:109]
2025-05-04 23:56:55 - my_bot - INFO - User 1374296012 accessed subscription section - [profile.py:120]
2025-05-05 00:00:00 - my_bot - INFO - Запуск задания по сбросу подписок - [database.py:23]
2025-05-05 00:00:00 - my_bot - ERROR - 🔥 Ошибка при сбросе: Traceback (most recent call last):
  File "c:\проекты\бот_квитанции\src\utils\database.py", line 32, in reset_expired_subscriptions
    await cursor.execute(
    ...<3 lines>...
    )
  File "C:\Users\mitan\AppData\Local\Programs\Python\Python313\Lib\site-packages\aiomysql\cursors.py", line 239, in execute
    await self._query(query)
  File "C:\Users\mitan\AppData\Local\Programs\Python\Python313\Lib\site-packages\aiomysql\cursors.py", line 457, in _query
    await conn.query(q)
  File "C:\Users\mitan\AppData\Local\Programs\Python\Python313\Lib\site-packages\aiomysql\connection.py", line 469, in query
    await self._read_query_result(unbuffered=unbuffered)
  File "C:\Users\mitan\AppData\Local\Programs\Python\Python313\Lib\site-packages\aiomysql\connection.py", line 683, in _read_query_result
    await result.read()
  File "C:\Users\mitan\AppData\Local\Programs\Python\Python313\Lib\site-packages\aiomysql\connection.py", line 1164, in read
    first_packet = await self.connection._read_packet()
                   ^^^^^^^^^^^^^^^^^^^^^^^^^^^^^^^^^^^^
  File "C:\Users\mitan\AppData\Local\Programs\Python\Python313\Lib\site-packages\aiomysql\connection.py", line 652, in _read_packet
    packet.raise_for_error()
    ~~~~~~~~~~~~~~~~~~~~~~^^
  File "C:\Users\mitan\AppData\Local\Programs\Python\Python313\Lib\site-packages\pymysql\protocol.py", line 219, in raise_for_error
    err.raise_mysql_exception(self._data)
    ~~~~~~~~~~~~~~~~~~~~~~~~~^^^^^^^^^^^^
  File "C:\Users\mitan\AppData\Local\Programs\Python\Python313\Lib\site-packages\pymysql\err.py", line 150, in raise_mysql_exception
    raise errorclass(errno, errval)
pymysql.err.ProgrammingError: (1146, "Table 'kwit_bot.users_info' doesn't exist")
 - [database.py:41]
2025-05-05 00:00:25 - my_bot - INFO - User 1374296012 selected menu option: Подписка - [profile.py:109]
2025-05-05 00:00:25 - my_bot - INFO - User 1374296012 accessed subscription section - [profile.py:120]
2025-05-05 00:00:33 - my_bot - INFO - Starting bot... - [main.py:106]
2025-05-05 00:00:33 - my_bot - INFO - Инициализация планировщика - [main.py:15]
2025-05-05 00:00:33 - my_bot - INFO - Планировщик успешно запущен - [main.py:24]
2025-05-05 00:00:34 - my_bot - WARNING - Нераспознанное сообщение от 1374296012: ↩️ Назад - [main.py:96]
2025-05-05 00:00:36 - my_bot - INFO - User 1374296012 requested profile - [profile.py:49]
2025-05-05 00:00:36 - my_bot - INFO - Profile displayed for user 1374296012 - [profile.py:95]
2025-05-05 00:00:38 - my_bot - INFO - User 1374296012 selected menu option: Подписка - [profile.py:104]
2025-05-05 00:00:38 - my_bot - INFO - User 1374296012 accessed subscription section - [profile.py:115]
2025-05-05 00:00:41 - my_bot - INFO - User 1374296012 selected menu option: Подписка - [profile.py:104]
2025-05-05 00:00:41 - my_bot - INFO - User 1374296012 accessed subscription section - [profile.py:115]
2025-05-05 00:00:51 - my_bot - INFO - User 1374296012 selected menu option: ↩️ Назад - [profile.py:104]
2025-05-05 00:00:51 - my_bot - INFO - User 1374296012 returned to main menu - [profile.py:110]
2025-05-05 00:04:04 - my_bot - INFO - Starting bot... - [main.py:106]
2025-05-05 00:04:04 - my_bot - INFO - Инициализация планировщика - [main.py:15]
2025-05-05 00:04:04 - my_bot - INFO - Планировщик успешно запущен - [main.py:24]
2025-05-05 00:04:07 - my_bot - INFO - User 1374296012 requested profile - [profile.py:50]
2025-05-05 00:04:07 - my_bot - INFO - Profile displayed for user 1374296012 - [profile.py:96]
2025-05-05 00:04:09 - my_bot - INFO - User 1374296012 selected menu option: Подписка - [profile.py:105]
2025-05-05 00:04:09 - my_bot - INFO - User 1374296012 accessed subscription menu - [profile.py:116]
2025-05-05 00:05:23 - my_bot - INFO - Starting bot... - [main.py:106]
2025-05-05 00:05:23 - my_bot - INFO - Инициализация планировщика - [main.py:15]
2025-05-05 00:05:23 - my_bot - INFO - Планировщик успешно запущен - [main.py:24]
2025-05-05 00:05:31 - my_bot - WARNING - Нераспознанное сообщение от 1374296012: Ала - [main.py:96]
2025-05-05 00:05:33 - my_bot - INFO - User 1374296012 requested profile - [profile.py:50]
2025-05-05 00:05:33 - my_bot - INFO - Profile displayed for user 1374296012 - [profile.py:96]
2025-05-05 00:05:35 - my_bot - INFO - User 1374296012 selected menu option: Подписка - [profile.py:105]
2025-05-05 00:05:35 - my_bot - INFO - User 1374296012 accessed subscription menu - [profile.py:116]
2025-05-05 00:06:09 - my_bot - INFO - User 1374296012 requested profile - [profile.py:50]
2025-05-05 00:06:09 - my_bot - INFO - Profile displayed for user 1374296012 - [profile.py:96]
2025-05-05 00:06:15 - my_bot - INFO - User 1374296012 selected menu option: Подписка - [profile.py:105]
2025-05-05 00:06:15 - my_bot - INFO - User 1374296012 accessed subscription menu - [profile.py:116]
2025-05-05 00:07:20 - my_bot - INFO - Starting bot... - [main.py:106]
2025-05-05 00:07:20 - my_bot - INFO - Инициализация планировщика - [main.py:15]
2025-05-05 00:07:20 - my_bot - INFO - Планировщик успешно запущен - [main.py:24]
2025-05-05 00:07:21 - my_bot - WARNING - Нераспознанное сообщение от 1374296012: Овово - [main.py:96]
2025-05-05 00:07:23 - my_bot - INFO - User 1374296012 requested profile - [profile.py:50]
2025-05-05 00:07:23 - my_bot - INFO - Profile displayed for user 1374296012 - [profile.py:96]
2025-05-05 00:07:24 - my_bot - INFO - User 1374296012 selected menu option: Подписка - [profile.py:105]
2025-05-05 00:07:24 - my_bot - INFO - User 1374296012 accessed subscription menu - [profile.py:116]
2025-05-05 00:10:06 - my_bot - INFO - Starting bot... - [main.py:106]
2025-05-05 00:10:06 - my_bot - INFO - Инициализация планировщика - [main.py:15]
2025-05-05 00:10:06 - my_bot - INFO - Планировщик успешно запущен - [main.py:24]
2025-05-05 00:10:06 - my_bot - WARNING - Нераспознанное сообщение от 1374296012: Осла - [main.py:96]
2025-05-05 00:10:08 - my_bot - INFO - User 1374296012 requested profile - [profile.py:50]
2025-05-05 00:10:08 - my_bot - INFO - Profile displayed for user 1374296012 - [profile.py:96]
2025-05-05 00:10:09 - my_bot - INFO - User 1374296012 selected menu option: Подписка - [profile.py:105]
2025-05-05 00:10:09 - my_bot - INFO - User 1374296012 accessed subscription menu - [profile.py:116]
2025-05-05 00:57:07 - my_bot - INFO - Starting bot... - [main.py:106]
2025-05-05 00:57:07 - my_bot - INFO - Инициализация планировщика - [main.py:15]
2025-05-05 00:57:07 - my_bot - INFO - Планировщик успешно запущен - [main.py:24]
2025-05-05 00:57:11 - my_bot - WARNING - Нераспознанное сообщение от 1374296012: Лара - [main.py:96]
2025-05-05 00:57:12 - my_bot - INFO - User 1374296012 requested profile - [profile.py:50]
2025-05-05 00:57:12 - my_bot - INFO - Profile displayed for user 1374296012 - [profile.py:96]
2025-05-05 00:57:15 - my_bot - INFO - User 1374296012 selected menu option: Подписка - [profile.py:105]
2025-05-05 00:57:15 - my_bot - INFO - User 1374296012 accessed subscription menu - [profile.py:116]
2025-05-05 00:57:23 - my_bot - INFO - User 1374296012 initiated balance topup of 2000 RUB - [profile.py:387]
2025-05-05 00:57:50 - my_bot - WARNING - Invalid amount input from user 1374296012: None - [profile.py:390]
2025-05-05 00:59:28 - my_bot - INFO - Starting bot... - [main.py:106]
2025-05-05 00:59:28 - my_bot - INFO - Инициализация планировщика - [main.py:15]
2025-05-05 00:59:28 - my_bot - INFO - Планировщик успешно запущен - [main.py:24]
2025-05-05 00:59:28 - my_bot - WARNING - Нераспознанное сообщение от 1374296012: Dhhd - [main.py:96]
2025-05-05 00:59:29 - my_bot - INFO - User 1374296012 requested profile - [profile.py:50]
2025-05-05 00:59:30 - my_bot - INFO - Profile displayed for user 1374296012 - [profile.py:96]
2025-05-05 00:59:32 - my_bot - INFO - User 1374296012 selected menu option: Подписка - [profile.py:105]
2025-05-05 00:59:32 - my_bot - INFO - User 1374296012 accessed subscription menu - [profile.py:116]
2025-05-05 01:00:05 - my_bot - INFO - Starting bot... - [main.py:106]
2025-05-05 01:00:05 - my_bot - INFO - Инициализация планировщика - [main.py:15]
2025-05-05 01:00:05 - my_bot - INFO - Планировщик успешно запущен - [main.py:24]
2025-05-05 01:00:08 - my_bot - WARNING - Нераспознанное сообщение от 1374296012: Hdhd - [main.py:96]
2025-05-05 01:00:14 - my_bot - INFO - User 1374296012 requested profile - [profile.py:50]
2025-05-05 01:00:14 - my_bot - INFO - Profile displayed for user 1374296012 - [profile.py:96]
2025-05-05 01:00:15 - my_bot - INFO - User 1374296012 selected menu option: Подписка - [profile.py:105]
2025-05-05 01:00:15 - my_bot - INFO - User 1374296012 accessed subscription menu - [profile.py:116]
2025-05-05 01:00:18 - my_bot - INFO - User 1374296012 initiated balance topup of 1000 RUB - [profile.py:383]
2025-05-05 01:00:23 - my_bot - WARNING - User 1374296012 sent non-text input in ENTER_AMOUNT state - [profile.py:394]
2025-05-05 01:03:52 - my_bot - INFO - Starting bot... - [main.py:106]
2025-05-05 01:03:52 - my_bot - INFO - Инициализация планировщика - [main.py:15]
2025-05-05 01:03:52 - my_bot - INFO - Планировщик успешно запущен - [main.py:24]
2025-05-05 01:03:52 - my_bot - WARNING - Нераспознанное сообщение от 1374296012: Hdhd - [main.py:96]
2025-05-05 01:03:53 - my_bot - INFO - User 1374296012 requested profile - [profile.py:50]
2025-05-05 01:03:53 - my_bot - INFO - Profile displayed for user 1374296012 - [profile.py:96]
2025-05-05 01:03:55 - my_bot - INFO - User 1374296012 selected menu option: Подписка - [profile.py:105]
2025-05-05 01:03:55 - my_bot - INFO - User 1374296012 accessed subscription menu - [profile.py:116]
2025-05-05 01:03:59 - my_bot - INFO - User 1374296012 initiated balance topup of 1000 RUB - [profile.py:383]
2025-05-05 01:04:02 - my_bot - WARNING - User 1374296012 sent non-text input in ENTER_AMOUNT state - [profile.py:394]
2025-05-05 01:08:15 - my_bot - INFO - Starting bot... - [main.py:106]
2025-05-05 01:08:15 - my_bot - INFO - Инициализация планировщика - [main.py:15]
2025-05-05 01:08:15 - my_bot - INFO - Планировщик успешно запущен - [main.py:24]
2025-05-05 01:08:15 - my_bot - WARNING - Нераспознанное сообщение от 1374296012: Hdhd - [main.py:96]
2025-05-05 01:08:16 - my_bot - INFO - User 1374296012 requested profile - [profile.py:50]
2025-05-05 01:08:17 - my_bot - INFO - Profile displayed for user 1374296012 - [profile.py:96]
2025-05-05 01:08:18 - my_bot - INFO - User 1374296012 selected menu option: Подписка - [profile.py:105]
2025-05-05 01:08:18 - my_bot - INFO - User 1374296012 accessed subscription menu - [profile.py:116]
2025-05-05 01:08:41 - my_bot - WARNING - Нераспознанное сообщение от 1374296012: Профиль - [main.py:96]
2025-05-05 01:08:43 - my_bot - WARNING - Нераспознанное сообщение от 1374296012: Профиль - [main.py:96]
2025-05-05 01:08:48 - my_bot - WARNING - Нераспознанное сообщение от 1374296012: Профиль - [main.py:96]
2025-05-05 01:09:34 - my_bot - INFO - Starting bot... - [main.py:106]
2025-05-05 01:09:34 - my_bot - INFO - Инициализация планировщика - [main.py:15]
2025-05-05 01:09:34 - my_bot - INFO - Планировщик успешно запущен - [main.py:24]
2025-05-05 01:09:34 - my_bot - INFO - User 1374296012 requested profile - [profile.py:50]
2025-05-05 01:09:35 - my_bot - INFO - Profile displayed for user 1374296012 - [profile.py:96]
2025-05-05 01:09:38 - my_bot - INFO - User 1374296012 selected menu option: Подписка - [profile.py:105]
2025-05-05 01:09:38 - my_bot - INFO - User 1374296012 accessed subscription menu - [profile.py:116]
2025-05-05 01:09:53 - my_bot - INFO - User 1374296012 initiated balance topup of 1000 RUB - [profile.py:382]
2025-05-05 01:09:56 - my_bot - WARNING - User 1374296012 sent non-text input in ENTER_AMOUNT state - [profile.py:392]
2025-05-05 01:19:15 - my_bot - INFO - Starting bot... - [main.py:106]
2025-05-05 01:19:15 - my_bot - INFO - Инициализация планировщика - [main.py:15]
2025-05-05 01:19:16 - my_bot - INFO - Планировщик успешно запущен - [main.py:24]
2025-05-05 01:19:19 - my_bot - WARNING - Нераспознанное сообщение от 1374296012: Hdhd - [main.py:96]
2025-05-05 01:19:21 - my_bot - INFO - User 1374296012 requested profile - [profile.py:50]
2025-05-05 01:19:22 - my_bot - INFO - Profile displayed for user 1374296012 - [profile.py:96]
2025-05-05 01:19:25 - my_bot - INFO - User 1374296012 selected menu option: Подписка - [profile.py:105]
2025-05-05 01:19:25 - my_bot - INFO - User 1374296012 accessed subscription menu - [profile.py:116]
2025-05-05 01:19:40 - my_bot - INFO - User 1374296012 initiated balance topup of 1000 RUB - [profile.py:383]
2025-05-05 01:19:43 - my_bot - WARNING - User 1374296012 sent non-text input in ENTER_AMOUNT state - [profile.py:393]
2025-05-05 01:21:33 - my_bot - INFO - Starting bot... - [main.py:106]
2025-05-05 01:21:33 - my_bot - INFO - Инициализация планировщика - [main.py:15]
2025-05-05 01:21:33 - my_bot - INFO - Планировщик успешно запущен - [main.py:24]
2025-05-05 01:21:34 - my_bot - WARNING - Нераспознанное сообщение от 1374296012: Hdhd - [main.py:96]
2025-05-05 01:21:35 - my_bot - INFO - User 1374296012 requested profile - [profile.py:50]
2025-05-05 01:21:35 - my_bot - INFO - Profile displayed for user 1374296012 - [profile.py:96]
2025-05-05 01:21:37 - my_bot - INFO - User 1374296012 selected menu option: Подписка - [profile.py:105]
2025-05-05 01:21:37 - my_bot - INFO - User 1374296012 accessed subscription menu - [profile.py:116]
2025-05-05 01:21:39 - my_bot - INFO - User 1374296012 cancelled subscription selection - [profile.py:463]
2025-05-05 01:21:45 - my_bot - INFO - User 1374296012 initiated balance topup of 1000 RUB - [profile.py:388]
2025-05-05 01:21:48 - my_bot - WARNING - User 1374296012 sent non-text input in ENTER_AMOUNT state - [profile.py:398]
2025-05-05 01:23:45 - my_bot - INFO - Starting bot... - [main.py:106]
2025-05-05 01:23:45 - my_bot - INFO - Инициализация планировщика - [main.py:15]
2025-05-05 01:23:45 - my_bot - INFO - Планировщик успешно запущен - [main.py:24]
2025-05-05 01:23:45 - my_bot - WARNING - Нераспознанное сообщение от 1374296012: Hdhd - [main.py:96]
2025-05-05 01:23:47 - my_bot - INFO - User 1374296012 requested profile - [profile.py:50]
2025-05-05 01:23:47 - my_bot - INFO - Profile displayed for user 1374296012 - [profile.py:96]
2025-05-05 01:23:48 - my_bot - INFO - User 1374296012 selected menu option: Подписка - [profile.py:105]
2025-05-05 01:23:48 - my_bot - INFO - User 1374296012 accessed subscription menu - [profile.py:116]
2025-05-05 01:23:55 - my_bot - INFO - User 1374296012 initiated balance topup of 1000 RUB - [profile.py:387]
2025-05-05 01:23:58 - my_bot - INFO - User 1374296012 successfully topped up balance by 1000 RUB - [profile.py:488]
2025-05-05 01:24:02 - my_bot - INFO - User 1374296012 requested profile - [profile.py:50]
2025-05-05 01:24:02 - my_bot - INFO - Profile displayed for user 1374296012 - [profile.py:96]
2025-05-05 01:24:08 - my_bot - INFO - User 1374296012 selected menu option: Подписка - [profile.py:105]
2025-05-05 01:24:08 - my_bot - INFO - User 1374296012 accessed subscription menu - [profile.py:116]
2025-05-05 01:24:11 - my_bot - INFO - User 1374296012 purchased subscription level 1 for 490 RUB - [profile.py:449]
2025-05-05 01:24:16 - my_bot - INFO - User 1374296012 selected menu option: ↩️ Назад - [profile.py:105]
2025-05-05 01:24:16 - my_bot - INFO - User 1374296012 returned to main menu - [profile.py:111]
2025-05-05 01:24:17 - my_bot - INFO - User 1374296012 requested profile - [profile.py:50]
2025-05-05 01:24:17 - my_bot - INFO - Profile displayed for user 1374296012 - [profile.py:96]
2025-05-05 01:30:13 - my_bot - INFO - Starting bot... - [main.py:106]
2025-05-05 01:30:13 - my_bot - INFO - Инициализация планировщика - [main.py:15]
2025-05-05 01:30:13 - my_bot - INFO - Планировщик успешно запущен - [main.py:24]
2025-05-05 01:30:17 - my_bot - WARNING - Нераспознанное сообщение от 1374296012: ↩️ Назад - [main.py:96]
2025-05-05 01:30:19 - my_bot - INFO - User 1374296012 requested profile - [profile.py:50]
2025-05-05 01:30:19 - my_bot - INFO - Profile displayed for user 1374296012 - [profile.py:96]
2025-05-05 01:30:22 - my_bot - INFO - User 1374296012 selected menu option: Подписка - [profile.py:105]
2025-05-05 01:30:22 - my_bot - INFO - User 1374296012 accessed subscription menu - [profile.py:116]
2025-05-05 01:30:29 - my_bot - ERROR - Error saving payment record for user 1374296012: (1265, "Data truncated for column 'type' at row 1") - [profile.py:434]
2025-05-05 01:30:29 - my_bot - ERROR - Error processing subscription for user 1374296012: (1265, "Data truncated for column 'type' at row 1") - [profile.py:525]
2025-05-05 01:31:21 - my_bot - WARNING - Нераспознанное сообщение от 1374296012: 💰 Пополнить баланс - [main.py:96]
2025-05-05 01:31:22 - my_bot - WARNING - Нераспознанное сообщение от 1374296012: Профиль - [main.py:96]
2025-05-05 01:31:35 - my_bot - INFO - Starting bot... - [main.py:106]
2025-05-05 01:31:35 - my_bot - INFO - Инициализация планировщика - [main.py:15]
2025-05-05 01:31:35 - my_bot - INFO - Планировщик успешно запущен - [main.py:24]
2025-05-05 01:31:36 - my_bot - INFO - User 1374296012 requested profile - [profile.py:50]
2025-05-05 01:31:36 - my_bot - INFO - Profile displayed for user 1374296012 - [profile.py:96]
2025-05-05 01:31:39 - my_bot - INFO - User 1374296012 selected menu option: Подписка - [profile.py:105]
2025-05-05 01:31:39 - my_bot - INFO - User 1374296012 accessed subscription menu - [profile.py:116]
2025-05-05 01:31:43 - my_bot - INFO - User 1374296012 initiated balance topup of 1000 RUB - [profile.py:387]
2025-05-05 01:31:47 - my_bot - ERROR - Error saving payment record for user 1374296012: (1265, "Data truncated for column 'type' at row 1") - [profile.py:434]
2025-05-05 01:31:47 - my_bot - ERROR - Payment processing error for user 1374296012: (1265, "Data truncated for column 'type' at row 1") - [profile.py:465]
2025-05-05 01:32:25 - my_bot - INFO - Starting bot... - [main.py:106]
2025-05-05 01:32:25 - my_bot - INFO - Инициализация планировщика - [main.py:15]
2025-05-05 01:32:25 - my_bot - INFO - Планировщик успешно запущен - [main.py:24]
2025-05-05 01:32:26 - my_bot - WARNING - Нераспознанное сообщение от 1374296012: Did - [main.py:96]
2025-05-05 01:32:27 - my_bot - INFO - User 1374296012 requested profile - [profile.py:50]
2025-05-05 01:32:27 - my_bot - INFO - Profile displayed for user 1374296012 - [profile.py:96]
2025-05-05 01:32:31 - my_bot - INFO - User 1374296012 selected menu option: Подписка - [profile.py:105]
2025-05-05 01:32:31 - my_bot - INFO - User 1374296012 accessed subscription menu - [profile.py:116]
2025-05-05 01:32:35 - my_bot - INFO - User 1374296012 initiated balance topup of 1000 RUB - [profile.py:387]
2025-05-05 01:32:38 - my_bot - ERROR - Error saving payment record for user 1374296012: (1452, 'Cannot add or update a child row: a foreign key constraint fails (`kwit_bot`.`payments`, CONSTRAINT `payments_ibfk_1` FOREIGN KEY (`tenant_id`) REFERENCES `tenants` (`id`))') - [profile.py:434]
2025-05-05 01:32:38 - my_bot - ERROR - Payment processing error for user 1374296012: (1452, 'Cannot add or update a child row: a foreign key constraint fails (`kwit_bot`.`payments`, CONSTRAINT `payments_ibfk_1` FOREIGN KEY (`tenant_id`) REFERENCES `tenants` (`id`))') - [profile.py:465]
2025-05-05 01:38:04 - my_bot - INFO - Starting bot... - [main.py:106]
2025-05-05 01:38:04 - my_bot - INFO - Инициализация планировщика - [main.py:15]
2025-05-05 01:38:04 - my_bot - INFO - Планировщик успешно запущен - [main.py:24]
2025-05-05 01:38:05 - my_bot - WARNING - Нераспознанное сообщение от 1374296012: Hdhd - [main.py:96]
2025-05-05 01:38:06 - my_bot - INFO - User 1374296012 requested profile - [profile.py:50]
2025-05-05 01:38:06 - my_bot - INFO - Profile displayed for user 1374296012 - [profile.py:96]
2025-05-05 01:38:07 - my_bot - INFO - User 1374296012 selected menu option: Подписка - [profile.py:105]
2025-05-05 01:38:07 - my_bot - INFO - User 1374296012 accessed subscription menu - [profile.py:116]
2025-05-05 01:38:11 - my_bot - INFO - User 1374296012 initiated balance topup of 1000 RUB - [profile.py:414]
2025-05-05 01:38:14 - my_bot - INFO - Payment record saved for user 1374296012: topup of 1000 RUB - [profile.py:343]
2025-05-05 01:38:14 - my_bot - INFO - User 1374296012 successfully topped up balance by 1000 RUB - [profile.py:522]
2025-05-05 01:38:23 - my_bot - INFO - Payment record saved for user 1374296012: subscription of 1490 RUB - [profile.py:343]
2025-05-05 01:38:23 - my_bot - INFO - User 1374296012 purchased subscription level 3 for 1490 RUB - [profile.py:475]
2025-05-05 01:39:36 - my_bot - INFO - User 1374296012 selected menu option: Подписка - [profile.py:105]
2025-05-05 01:39:36 - my_bot - INFO - User 1374296012 accessed subscription menu - [profile.py:116]
2025-05-05 01:39:42 - my_bot - WARNING - Нераспознанное сообщение от 1374296012: ↩️ Назад - [main.py:96]
2025-05-05 01:39:43 - my_bot - WARNING - Нераспознанное сообщение от 1374296012: Профиль - [main.py:96]
2025-05-05 01:39:45 - my_bot - WARNING - Нераспознанное сообщение от 1374296012: Профиль - [main.py:96]
2025-05-05 01:44:21 - my_bot - INFO - Starting bot... - [main.py:106]
2025-05-05 01:44:21 - my_bot - INFO - Инициализация планировщика - [main.py:15]
2025-05-05 01:44:21 - my_bot - INFO - Планировщик успешно запущен - [main.py:24]
2025-05-05 01:44:21 - my_bot - INFO - User 1374296012 requested profile - [profile.py:50]
2025-05-05 01:44:21 - my_bot - INFO - Profile displayed for user 1374296012 - [profile.py:96]
2025-05-05 01:44:32 - my_bot - INFO - User 1374296012 selected menu option: Изменить - [profile.py:105]
2025-05-05 01:44:32 - my_bot - INFO - User 1374296012 entered edit menu - [profile.py:165]
2025-05-05 01:44:33 - my_bot - INFO - User 1374296012 returned from edit menu - [profile.py:196]
2025-05-05 01:44:33 - my_bot - INFO - User 1374296012 requested profile - [profile.py:50]
2025-05-05 01:44:33 - my_bot - INFO - Profile displayed for user 1374296012 - [profile.py:96]
2025-05-05 01:44:35 - my_bot - INFO - User 1374296012 selected menu option: Подписка - [profile.py:105]
2025-05-05 01:44:35 - my_bot - INFO - User 1374296012 accessed subscription menu - [profile.py:116]
2025-05-05 01:44:41 - my_bot - INFO - User 1374296012 initiated balance topup of 10000 RUB - [profile.py:414]
2025-05-05 01:44:43 - my_bot - INFO - Payment record saved for user 1374296012: topup of 10000 RUB - [profile.py:343]
2025-05-05 01:44:43 - my_bot - INFO - User 1374296012 successfully topped up balance by 10000 RUB - [profile.py:532]
2025-05-05 01:44:54 - my_bot - INFO - Payment record saved for user 1374296012: subscription of 1490 RUB - [profile.py:343]
2025-05-05 01:44:54 - my_bot - INFO - User 1374296012 purchased subscription level 3 for 1490 RUB - [profile.py:483]
2025-05-05 01:44:56 - my_bot - INFO - Payment record saved for user 1374296012: subscription of 1490 RUB - [profile.py:343]
2025-05-05 01:44:56 - my_bot - INFO - User 1374296012 purchased subscription level 3 for 1490 RUB - [profile.py:483]
2025-05-05 01:44:57 - my_bot - INFO - Payment record saved for user 1374296012: subscription of 1490 RUB - [profile.py:343]
2025-05-05 01:44:57 - my_bot - INFO - User 1374296012 purchased subscription level 3 for 1490 RUB - [profile.py:483]
2025-05-05 01:44:59 - my_bot - INFO - Payment record saved for user 1374296012: subscription of 1490 RUB - [profile.py:343]
2025-05-05 01:44:59 - my_bot - INFO - User 1374296012 purchased subscription level 3 for 1490 RUB - [profile.py:483]
2025-05-05 01:45:00 - my_bot - INFO - Payment record saved for user 1374296012: subscription of 1490 RUB - [profile.py:343]
2025-05-05 01:45:00 - my_bot - INFO - User 1374296012 purchased subscription level 3 for 1490 RUB - [profile.py:483]
2025-05-05 01:45:02 - my_bot - INFO - Payment record saved for user 1374296012: subscription of 1490 RUB - [profile.py:343]
2025-05-05 01:45:02 - my_bot - INFO - User 1374296012 purchased subscription level 3 for 1490 RUB - [profile.py:483]
2025-05-05 01:45:04 - my_bot - INFO - User 1374296012 has insufficient balance (1080 RUB) for subscription level 3 (1490 RUB) - [profile.py:454]
2025-05-05 01:45:13 - my_bot - INFO - User 1374296012 initiated balance topup of 1000 RUB - [profile.py:414]
2025-05-05 01:45:17 - my_bot - INFO - Payment record saved for user 1374296012: topup of 1000 RUB - [profile.py:343]
2025-05-05 01:45:17 - my_bot - INFO - User 1374296012 successfully topped up balance by 1000 RUB - [profile.py:532]
2025-05-05 01:45:29 - my_bot - WARNING - Invalid amount input from user 1374296012: Dish - [profile.py:418]
2025-05-05 01:45:31 - my_bot - WARNING - Invalid amount input from user 1374296012: Hand - [profile.py:418]
2025-05-05 14:02:59 - my_bot - INFO - Starting bot... - [main.py:106]
2025-05-05 14:02:59 - my_bot - INFO - Инициализация планировщика - [main.py:15]
2025-05-05 14:02:59 - my_bot - INFO - Планировщик успешно запущен - [main.py:24]
2025-05-05 14:03:12 - my_bot - WARNING - Нераспознанное сообщение от 1374296012: Hdhd - [main.py:96]
2025-05-05 14:03:14 - my_bot - INFO - Пользователь 1374296012 запросил список арендаторов - [get_ten.py:65]
2025-05-05 14:03:16 - my_bot - INFO - Пользователь 1374296012 запросил список арендаторов - [get_ten.py:65]
2025-05-05 14:05:23 - my_bot - INFO - Starting bot... - [main.py:106]
2025-05-05 14:05:23 - my_bot - INFO - Инициализация планировщика - [main.py:15]
2025-05-05 14:05:23 - my_bot - INFO - Планировщик успешно запущен - [main.py:24]
2025-05-05 14:05:24 - my_bot - WARNING - Нераспознанное сообщение от 1374296012: Тата - [main.py:96]
2025-05-05 14:05:25 - my_bot - INFO - Пользователь 1374296012 запросил список арендаторов - [get_ten.py:65]
2025-05-05 14:05:27 - my_bot - INFO - Пользователь 1374296012 запросил список арендаторов - [get_ten.py:65]
2025-05-05 14:07:55 - my_bot - INFO - Starting bot... - [main.py:106]
2025-05-05 14:07:55 - my_bot - INFO - Инициализация планировщика - [main.py:15]
2025-05-05 14:07:55 - my_bot - INFO - Планировщик успешно запущен - [main.py:24]
2025-05-05 14:07:56 - my_bot - WARNING - Нераспознанное сообщение от 1374296012: Тата - [main.py:96]
2025-05-05 14:07:58 - my_bot - INFO - Пользователь 1374296012 запросил список арендаторов - [get_ten.py:65]
2025-05-05 14:08:00 - my_bot - INFO - Пользователь 1374296012 запросил список арендаторов - [get_ten.py:65]
2025-05-05 14:08:04 - my_bot - WARNING - Пользователь user_id=1374296012 не найден в базе данных - [document_handlers.py:48]
2025-05-05 14:08:04 - my_bot - ERROR - Ошибка при закрытии соединения для user_id=1374296012: object NoneType can't be used in 'await' expression - [document_handlers.py:96]
2025-05-05 14:09:17 - my_bot - WARNING - User 1374296012 sent unknown action: /start - [tenent_handlers.py:108]
2025-05-05 14:09:52 - my_bot - INFO - Starting bot... - [main.py:106]
2025-05-05 14:09:52 - my_bot - INFO - Инициализация планировщика - [main.py:15]
2025-05-05 14:09:52 - my_bot - INFO - Планировщик успешно запущен - [main.py:24]
2025-05-05 14:09:56 - my_bot - INFO - Пользователь 1374296012 команда - /start - [main.py:39]
2025-05-05 14:11:01 - my_bot - INFO - Starting bot... - [main.py:106]
2025-05-05 14:11:01 - my_bot - INFO - Инициализация планировщика - [main.py:15]
2025-05-05 14:11:01 - my_bot - INFO - Планировщик успешно запущен - [main.py:24]
2025-05-05 14:11:02 - my_bot - WARNING - Нераспознанное сообщение от 1374296012: Hdhd - [main.py:96]
2025-05-05 14:11:04 - my_bot - INFO - Пользователь 1374296012 запросил список арендаторов - [get_ten.py:65]
2025-05-05 14:11:06 - my_bot - INFO - Пользователь 1374296012 запросил список арендаторов - [get_ten.py:65]
2025-05-05 14:11:09 - my_bot - ERROR - Ошибка при проверке/создании пользователя user_id=1374296012: (1364, "Field 'host_id' doesn't have a default value") - [document_handlers.py:56]
2025-05-05 14:11:09 - my_bot - ERROR - Ошибка при закрытии соединения в ensure_user_exists для user_id=1374296012: object NoneType can't be used in 'await' expression - [document_handlers.py:64]
2025-05-05 14:11:09 - my_bot - ERROR - Не удалось обеспечить существование пользователя user_id=1374296012 - [document_handlers.py:83]
2025-05-05 14:11:09 - my_bot - ERROR - Ошибка при закрытии соединения для user_id=1374296012: object NoneType can't be used in 'await' expression - [document_handlers.py:140]
2025-05-05 14:16:19 - my_bot - INFO - Starting bot... - [main.py:106]
2025-05-05 14:16:19 - my_bot - INFO - Инициализация планировщика - [main.py:15]
2025-05-05 14:16:19 - my_bot - INFO - Планировщик успешно запущен - [main.py:24]
2025-05-05 14:16:19 - my_bot - WARNING - Нераспознанное сообщение от 1374296012: Hdhd - [main.py:96]
2025-05-05 14:16:20 - my_bot - INFO - Пользователь 1374296012 запросил список арендаторов - [get_ten.py:65]
2025-05-05 14:16:22 - my_bot - INFO - Пользователь 1374296012 запросил список арендаторов - [get_ten.py:65]
2025-05-05 14:16:25 - my_bot - ERROR - Ошибка при закрытии соединения для user_id=1374296012: object NoneType can't be used in 'await' expression - [document_handlers.py:96]
2025-05-05 14:16:25 - my_bot - INFO - Сформировано имя файла: Акт_аренда_46-57_МелякинИванВладимирович_20250505.xlsx - [generate_document.py:319]
2025-05-05 14:16:25 - my_bot - INFO - Начало генерации документа: Акт_аренда_46-57_МелякинИванВладимирович_20250505.xlsx - [generate_document.py:31]
2025-05-05 14:16:25 - my_bot - INFO - Документ создан: C:\проекты\бот_квитанции\data\files\Акт_аренда_46-57_МелякинИванВладимирович_20250505.xlsx - [generate_document.py:51]
2025-05-05 14:16:25 - my_bot - INFO - Документ записан в базу данных. ID: 73 - [generate_document.py:344]
2025-05-05 14:16:37 - my_bot - ERROR - Ошибка при закрытии соединения для user_id=1374296012: object NoneType can't be used in 'await' expression - [document_handlers.py:96]
2025-05-05 14:16:37 - my_bot - INFO - Сформировано имя файла: Акт_аренда_46-57_МелякинИванВладимирович_20250505.xlsx - [generate_document.py:319]
2025-05-05 14:16:37 - my_bot - INFO - Начало генерации документа: Акт_аренда_46-57_МелякинИванВладимирович_20250505.xlsx - [generate_document.py:31]
2025-05-05 14:16:37 - my_bot - INFO - Документ создан: C:\проекты\бот_квитанции\data\files\Акт_аренда_46-57_МелякинИванВладимирович_20250505.xlsx - [generate_document.py:51]
2025-05-05 14:16:37 - my_bot - INFO - Документ записан в базу данных. ID: 74 - [generate_document.py:344]
2025-05-05 14:16:40 - my_bot - ERROR - Ошибка при закрытии соединения для user_id=1374296012: object NoneType can't be used in 'await' expression - [document_handlers.py:96]
2025-05-05 14:16:40 - my_bot - INFO - Сформировано имя файла: Акт_аренда_46-57_МелякинИванВладимирович_20250505.xlsx - [generate_document.py:319]
2025-05-05 14:16:40 - my_bot - INFO - Начало генерации документа: Акт_аренда_46-57_МелякинИванВладимирович_20250505.xlsx - [generate_document.py:31]
2025-05-05 14:16:40 - my_bot - INFO - Документ создан: C:\проекты\бот_квитанции\data\files\Акт_аренда_46-57_МелякинИванВладимирович_20250505.xlsx - [generate_document.py:51]
2025-05-05 14:16:40 - my_bot - INFO - Документ записан в базу данных. ID: 75 - [generate_document.py:344]
2025-05-05 14:16:43 - my_bot - ERROR - Ошибка при закрытии соединения для user_id=1374296012: object NoneType can't be used in 'await' expression - [document_handlers.py:96]
2025-05-05 14:16:43 - my_bot - INFO - Сформировано имя файла: Акт_аренда_46-57_МелякинИванВладимирович_20250505.xlsx - [generate_document.py:319]
2025-05-05 14:16:43 - my_bot - INFO - Начало генерации документа: Акт_аренда_46-57_МелякинИванВладимирович_20250505.xlsx - [generate_document.py:31]
2025-05-05 14:16:43 - my_bot - INFO - Документ создан: C:\проекты\бот_квитанции\data\files\Акт_аренда_46-57_МелякинИванВладимирович_20250505.xlsx - [generate_document.py:51]
2025-05-05 14:16:43 - my_bot - INFO - Документ записан в базу данных. ID: 76 - [generate_document.py:344]
2025-05-05 14:16:48 - my_bot - ERROR - Ошибка при закрытии соединения для user_id=1374296012: object NoneType can't be used in 'await' expression - [document_handlers.py:96]
2025-05-05 14:16:48 - my_bot - INFO - Сформировано имя файла: Акт_аренда_46-57_МелякинИванВладимирович_20250505.xlsx - [generate_document.py:319]
2025-05-05 14:16:48 - my_bot - INFO - Начало генерации документа: Акт_аренда_46-57_МелякинИванВладимирович_20250505.xlsx - [generate_document.py:31]
2025-05-05 14:16:48 - my_bot - INFO - Документ создан: C:\проекты\бот_квитанции\data\files\Акт_аренда_46-57_МелякинИванВладимирович_20250505.xlsx - [generate_document.py:51]
2025-05-05 14:16:48 - my_bot - INFO - Документ записан в базу данных. ID: 77 - [generate_document.py:344]
2025-05-05 14:16:51 - my_bot - ERROR - Ошибка при закрытии соединения для user_id=1374296012: object NoneType can't be used in 'await' expression - [document_handlers.py:96]
2025-05-05 14:16:51 - my_bot - INFO - Сформировано имя файла: Акт_аренда_46-57_МелякинИванВладимирович_20250505.xlsx - [generate_document.py:319]
2025-05-05 14:16:51 - my_bot - INFO - Начало генерации документа: Акт_аренда_46-57_МелякинИванВладимирович_20250505.xlsx - [generate_document.py:31]
2025-05-05 14:16:51 - my_bot - INFO - Документ создан: C:\проекты\бот_квитанции\data\files\Акт_аренда_46-57_МелякинИванВладимирович_20250505.xlsx - [generate_document.py:51]
2025-05-05 14:16:51 - my_bot - INFO - Документ записан в базу данных. ID: 78 - [generate_document.py:344]
2025-05-05 14:16:54 - my_bot - ERROR - Ошибка при закрытии соединения для user_id=1374296012: object NoneType can't be used in 'await' expression - [document_handlers.py:96]
2025-05-05 14:16:54 - my_bot - INFO - Сформировано имя файла: Акт_аренда_46-57_МелякинИванВладимирович_20250505.xlsx - [generate_document.py:319]
2025-05-05 14:16:54 - my_bot - INFO - Начало генерации документа: Акт_аренда_46-57_МелякинИванВладимирович_20250505.xlsx - [generate_document.py:31]
2025-05-05 14:16:54 - my_bot - INFO - Документ создан: C:\проекты\бот_квитанции\data\files\Акт_аренда_46-57_МелякинИванВладимирович_20250505.xlsx - [generate_document.py:51]
2025-05-05 14:16:54 - my_bot - INFO - Документ записан в базу данных. ID: 79 - [generate_document.py:344]
2025-05-05 14:16:57 - my_bot - ERROR - Ошибка при закрытии соединения для user_id=1374296012: object NoneType can't be used in 'await' expression - [document_handlers.py:96]
2025-05-05 14:16:57 - my_bot - INFO - Сформировано имя файла: Акт_аренда_46-57_МелякинИванВладимирович_20250505.xlsx - [generate_document.py:319]
2025-05-05 14:16:57 - my_bot - INFO - Начало генерации документа: Акт_аренда_46-57_МелякинИванВладимирович_20250505.xlsx - [generate_document.py:31]
2025-05-05 14:16:57 - my_bot - INFO - Документ создан: C:\проекты\бот_квитанции\data\files\Акт_аренда_46-57_МелякинИванВладимирович_20250505.xlsx - [generate_document.py:51]
2025-05-05 14:16:57 - my_bot - INFO - Документ записан в базу данных. ID: 80 - [generate_document.py:344]
2025-05-05 14:17:02 - my_bot - ERROR - Ошибка при закрытии соединения для user_id=1374296012: object NoneType can't be used in 'await' expression - [document_handlers.py:96]
2025-05-05 14:17:02 - my_bot - INFO - Сформировано имя файла: Акт_аренда_46-57_МелякинИванВладимирович_20250505.xlsx - [generate_document.py:319]
2025-05-05 14:17:02 - my_bot - INFO - Начало генерации документа: Акт_аренда_46-57_МелякинИванВладимирович_20250505.xlsx - [generate_document.py:31]
2025-05-05 14:17:02 - my_bot - INFO - Документ создан: C:\проекты\бот_квитанции\data\files\Акт_аренда_46-57_МелякинИванВладимирович_20250505.xlsx - [generate_document.py:51]
2025-05-05 14:17:02 - my_bot - INFO - Документ записан в базу данных. ID: 81 - [generate_document.py:344]
2025-05-05 14:17:05 - my_bot - ERROR - Ошибка при закрытии соединения для user_id=1374296012: object NoneType can't be used in 'await' expression - [document_handlers.py:96]
2025-05-05 14:17:05 - my_bot - INFO - Сформировано имя файла: Акт_аренда_46-57_МелякинИванВладимирович_20250505.xlsx - [generate_document.py:319]
2025-05-05 14:17:05 - my_bot - INFO - Начало генерации документа: Акт_аренда_46-57_МелякинИванВладимирович_20250505.xlsx - [generate_document.py:31]
2025-05-05 14:17:05 - my_bot - INFO - Документ создан: C:\проекты\бот_квитанции\data\files\Акт_аренда_46-57_МелякинИванВладимирович_20250505.xlsx - [generate_document.py:51]
2025-05-05 14:17:05 - my_bot - INFO - Документ записан в базу данных. ID: 82 - [generate_document.py:344]
2025-05-05 14:17:08 - my_bot - ERROR - Ошибка при закрытии соединения для user_id=1374296012: object NoneType can't be used in 'await' expression - [document_handlers.py:96]
2025-05-05 14:17:08 - my_bot - INFO - Сформировано имя файла: Акт_аренда_46-57_МелякинИванВладимирович_20250505.xlsx - [generate_document.py:319]
2025-05-05 14:17:08 - my_bot - INFO - Начало генерации документа: Акт_аренда_46-57_МелякинИванВладимирович_20250505.xlsx - [generate_document.py:31]
2025-05-05 14:17:08 - my_bot - INFO - Документ создан: C:\проекты\бот_квитанции\data\files\Акт_аренда_46-57_МелякинИванВладимирович_20250505.xlsx - [generate_document.py:51]
2025-05-05 14:17:08 - my_bot - INFO - Документ записан в базу данных. ID: 83 - [generate_document.py:344]
2025-05-05 14:17:11 - my_bot - INFO - Пользователь 1374296012 запросил список арендаторов - [get_ten.py:65]
2025-05-05 14:17:13 - my_bot - INFO - Пользователь 1374296012 команда - /start - [main.py:39]
2025-05-05 14:17:14 - my_bot - INFO - User 1374296012 requested profile - [profile.py:50]
2025-05-05 14:17:14 - my_bot - INFO - Profile displayed for user 1374296012 - [profile.py:96]
2025-05-05 14:18:30 - my_bot - INFO - User 1374296012 selected menu option: ↩️ Назад - [profile.py:105]
2025-05-05 14:18:30 - my_bot - INFO - User 1374296012 returned to main menu - [profile.py:111]
2025-05-05 14:18:32 - my_bot - INFO - Пользователь 1374296012 запросил список арендаторов - [get_ten.py:65]
2025-05-05 14:18:33 - my_bot - INFO - Пользователь 1374296012 запросил список арендаторов - [get_ten.py:65]
2025-05-05 14:18:36 - my_bot - INFO - Лимит создания документов превышен для user_id=1374296012, limit=10 - [document_handlers.py:68]
2025-05-05 14:18:36 - my_bot - ERROR - Ошибка при закрытии соединения для user_id=1374296012: object NoneType can't be used in 'await' expression - [document_handlers.py:96]
2025-05-05 14:18:45 - my_bot - WARNING - User 1374296012 sent unknown action: Hdhd - [tenent_handlers.py:108]
2025-05-05 14:22:08 - my_bot - INFO - Starting bot... - [main.py:106]
2025-05-05 14:22:08 - my_bot - INFO - Инициализация планировщика - [main.py:15]
2025-05-05 14:22:08 - my_bot - INFO - Планировщик успешно запущен - [main.py:24]
2025-05-05 14:22:09 - my_bot - WARNING - Нераспознанное сообщение от 1374296012: Hdhd - [main.py:96]
2025-05-05 14:22:11 - my_bot - INFO - Пользователь 1374296012 запросил список арендаторов - [get_ten.py:65]
2025-05-05 14:22:12 - my_bot - INFO - Пользователь 1374296012 запросил список арендаторов - [get_ten.py:65]
2025-05-05 14:22:16 - my_bot - INFO - Лимит создания документов превышен для user_id=1374296012, limit=10 - [document_handlers.py:68]
2025-05-05 14:22:16 - my_bot - ERROR - Ошибка при закрытии соединения для user_id=1374296012: object NoneType can't be used in 'await' expression - [document_handlers.py:96]
2025-05-05 14:26:41 - my_bot - INFO - Starting bot... - [main.py:106]
2025-05-05 14:26:41 - my_bot - INFO - Инициализация планировщика - [main.py:15]
2025-05-05 14:26:41 - my_bot - INFO - Планировщик успешно запущен - [main.py:24]
2025-05-05 14:26:55 - my_bot - WARNING - Нераспознанное сообщение от 1374296012: 📄 Сформировать документ - [main.py:96]
2025-05-05 14:26:56 - my_bot - INFO - [1374296012] /add_tenant - Начало добавления арендатора - [add_tenant.py:15]
2025-05-05 14:27:30 - my_bot - INFO - Пользователь 1374296012 запросил список арендаторов - [get_ten.py:65]
2025-05-05 14:27:33 - my_bot - INFO - Пользователь 1374296012 запросил список арендаторов - [get_ten.py:65]
2025-05-05 14:27:39 - my_bot - ERROR - Ошибка при закрытии соединения в ensure_user_exists для user_id=1374296012: object NoneType can't be used in 'await' expression - [document_handlers.py:64]
2025-05-05 14:27:39 - my_bot - ERROR - Ошибка при проверке лимитов для user_id=1374296012: (1054, "Unknown column 'host_id' in 'where clause'") - [document_handlers.py:134]
2025-05-05 14:27:39 - my_bot - ERROR - Ошибка при закрытии соединения для user_id=1374296012: object NoneType can't be used in 'await' expression - [document_handlers.py:142]
2025-05-05 14:30:17 - my_bot - INFO - Starting bot... - [main.py:106]
2025-05-05 14:30:17 - my_bot - INFO - Инициализация планировщика - [main.py:15]
2025-05-05 14:30:17 - my_bot - INFO - Планировщик успешно запущен - [main.py:24]
2025-05-05 14:30:25 - my_bot - WARNING - Нераспознанное сообщение от 1374296012: ↩️ Назад - [main.py:96]
2025-05-05 14:30:26 - my_bot - INFO - Пользователь 1374296012 запросил список арендаторов - [get_ten.py:65]
2025-05-05 14:30:30 - my_bot - INFO - Пользователь 1374296012 запросил список арендаторов - [get_ten.py:65]
2025-05-05 14:30:34 - my_bot - INFO - Лимит создания документов превышен для user_id=1374296012, limit=10 - [document_handlers.py:68]
2025-05-05 14:34:24 - my_bot - INFO - Starting bot... - [main.py:106]
2025-05-05 14:34:24 - my_bot - INFO - Инициализация планировщика - [main.py:15]
2025-05-05 14:34:24 - my_bot - INFO - Планировщик успешно запущен - [main.py:24]
2025-05-05 14:34:36 - my_bot - WARNING - Нераспознанное сообщение от 1374296012: ↩️ Назад - [main.py:96]
2025-05-05 14:34:38 - my_bot - INFO - Пользователь 1374296012 запросил список арендаторов - [get_ten.py:65]
2025-05-05 14:34:39 - my_bot - INFO - Пользователь начал массовую рассылку - [mass_otr.py:83]
2025-05-05 14:34:41 - my_bot - INFO - Выбраны арендаторы: [19, 21] - [mass_otr.py:98]
2025-05-05 14:34:42 - my_bot - INFO - Лимит создания документов будет превышен для user_id=1374296012, создано=12, запрошено=2, лимит=10 - [mass_otr.py:63]
2025-05-05 14:34:53 - my_bot - INFO - User 1374296012 requested profile - [profile.py:50]
2025-05-05 14:34:53 - my_bot - INFO - Profile displayed for user 1374296012 - [profile.py:96]
2025-05-05 14:36:07 - my_bot - INFO - User 1374296012 selected menu option: ↩️ Назад - [profile.py:105]
2025-05-05 14:36:07 - my_bot - INFO - User 1374296012 returned to main menu - [profile.py:111]
2025-05-05 14:36:08 - my_bot - INFO - Пользователь 1374296012 запросил список арендаторов - [get_ten.py:65]
2025-05-05 14:36:09 - my_bot - INFO - Пользователь 1374296012 запросил список арендаторов - [get_ten.py:65]
2025-05-05 14:36:13 - my_bot - INFO - Сформировано имя файла: Акт_аренда_46-57_МелякинИванВладимирович_20250505.xlsx - [generate_document.py:319]
2025-05-05 14:36:13 - my_bot - INFO - Начало генерации документа: Акт_аренда_46-57_МелякинИванВладимирович_20250505.xlsx - [generate_document.py:31]
2025-05-05 14:36:13 - my_bot - INFO - Документ создан: C:\проекты\бот_квитанции\data\files\Акт_аренда_46-57_МелякинИванВладимирович_20250505.xlsx - [generate_document.py:51]
2025-05-05 14:36:14 - my_bot - INFO - Документ записан в базу данных. ID: 84 - [generate_document.py:344]
2025-05-05 14:36:19 - my_bot - INFO - Начало отправки email на mitanemita5@gmail.com - [email_sender.py:9]
2025-05-05 14:36:22 - my_bot - INFO - Email успешно отправлен на mitanemita5@gmail.com - [email_sender.py:28]
2025-05-05 14:37:48 - my_bot - INFO - Starting bot... - [main.py:106]
2025-05-05 14:37:48 - my_bot - INFO - Инициализация планировщика - [main.py:15]
2025-05-05 14:37:48 - my_bot - INFO - Планировщик успешно запущен - [main.py:24]
2025-05-05 14:37:48 - my_bot - WARNING - Нераспознанное сообщение от 1374296012: ↩️ Назад - [main.py:96]
2025-05-05 14:37:51 - my_bot - INFO - Пользователь 1374296012 запросил список арендаторов - [get_ten.py:65]
2025-05-05 14:37:52 - my_bot - INFO - Пользователь 1374296012 запросил список арендаторов - [get_ten.py:65]
2025-05-05 14:37:56 - my_bot - INFO - Сформировано имя файла: Акт_аренда_46-57_МелякинИванВладимирович_20250505.xlsx - [generate_document.py:319]
2025-05-05 14:37:56 - my_bot - INFO - Начало генерации документа: Акт_аренда_46-57_МелякинИванВладимирович_20250505.xlsx - [generate_document.py:31]
2025-05-05 14:37:56 - my_bot - INFO - Документ создан: C:\проекты\бот_квитанции\data\files\Акт_аренда_46-57_МелякинИванВладимирович_20250505.xlsx - [generate_document.py:51]
2025-05-05 14:37:56 - my_bot - INFO - Документ записан в базу данных. ID: 85 - [generate_document.py:344]
2025-05-05 14:37:59 - my_bot - INFO - Начало отправки email на mitanemita5@gmail.com - [email_sender.py:9]
2025-05-05 14:38:01 - my_bot - INFO - Email успешно отправлен на mitanemita5@gmail.com - [email_sender.py:28]
2025-05-05 14:38:07 - my_bot - INFO - Сформировано имя файла: Акт_аренда_46-57_МелякинИванВладимирович_20250505.xlsx - [generate_document.py:319]
2025-05-05 14:38:07 - my_bot - INFO - Начало генерации документа: Акт_аренда_46-57_МелякинИванВладимирович_20250505.xlsx - [generate_document.py:31]
2025-05-05 14:38:07 - my_bot - INFO - Документ создан: C:\проекты\бот_квитанции\data\files\Акт_аренда_46-57_МелякинИванВладимирович_20250505.xlsx - [generate_document.py:51]
2025-05-05 14:38:07 - my_bot - INFO - Документ записан в базу данных. ID: 86 - [generate_document.py:344]
2025-05-05 14:38:08 - my_bot - INFO - Лимит отправки документов превышен для user_id=1374296012, limit=2 - [document_handlers.py:81]
2025-05-05 14:38:15 - my_bot - INFO - Пользователь 1374296012 запросил список арендаторов - [get_ten.py:65]
2025-05-05 14:38:16 - my_bot - INFO - Пользователь начал массовую рассылку - [mass_otr.py:83]
2025-05-05 14:38:18 - my_bot - INFO - Выбраны арендаторы: [19, 21] - [mass_otr.py:98]
2025-05-05 14:38:24 - my_bot - INFO - Генерация документа для №1 (19)... - [mass_otr.py:281]
2025-05-05 14:38:24 - my_bot - INFO - Сформировано имя файла: Счет_за_аренду_46-57_МелякинИванВладимирович_20250505.xlsx - [generate_document.py:319]
2025-05-05 14:38:24 - my_bot - INFO - Начало генерации документа: Счет_за_аренду_46-57_МелякинИванВладимирович_20250505.xlsx - [generate_document.py:31]
2025-05-05 14:38:24 - my_bot - INFO - Документ создан: C:\проекты\бот_квитанции\data\files\Счет_за_аренду_46-57_МелякинИванВладимирович_20250505.xlsx - [generate_document.py:51]
2025-05-05 14:38:24 - my_bot - INFO - Документ записан в базу данных. ID: 87 - [generate_document.py:344]
2025-05-05 14:38:24 - my_bot - INFO - Генерация документа для №2 (21)... - [mass_otr.py:281]
2025-05-05 14:38:24 - my_bot - ERROR - Ошибка создания акта: list index out of range - [generate_document.py:348]
Traceback (most recent call last):
  File "c:\проекты\бот_квитанции\src\services\generate_document.py", line 277, in create_act
    f"ИП {db_data_ten['name'].split()[0]} {db_data_ten['name'].split()[1][0]}. {db_data_ten['name'].split()[2][0]}."
                                           ~~~~~~~~~~~~~~~~~~~~~~~~~~~^^^
IndexError: list index out of range
2025-05-05 14:38:24 - my_bot - ERROR - Ошибка генерации для 21 - [mass_otr.py:293]
Traceback (most recent call last):
  File "c:\проекты\бот_квитанции\src\handlers\mass_otr.py", line 282, in generate_documents
    xlsx_path = await create_act(user_id, tenant_id, template, custom_date=custom_date)
                ^^^^^^^^^^^^^^^^^^^^^^^^^^^^^^^^^^^^^^^^^^^^^^^^^^^^^^^^^^^^^^^^^^^^^^^
  File "c:\проекты\бот_квитанции\src\services\generate_document.py", line 277, in create_act
    f"ИП {db_data_ten['name'].split()[0]} {db_data_ten['name'].split()[1][0]}. {db_data_ten['name'].split()[2][0]}."
                                           ~~~~~~~~~~~~~~~~~~~~~~~~~~~^^^
IndexError: list index out of range
2025-05-05 14:38:33 - my_bot - ERROR - Ошибка для ID 19: convert_excel_to_pdf() missing 1 required positional argument: 'user_id' - [mass_otr.py:226]
Traceback (most recent call last):
  File "c:\проекты\бот_квитанции\src\handlers\mass_otr.py", line 196, in handle_rent_date_or_send
    convert_excel_to_pdf(xlsx_path, pdf_path)
    ~~~~~~~~~~~~~~~~~~~~^^^^^^^^^^^^^^^^^^^^^
TypeError: convert_excel_to_pdf() missing 1 required positional argument: 'user_id'
2025-05-05 14:38:42 - my_bot - INFO - Пользователь 1374296012 запросил список арендаторов - [get_ten.py:65]
2025-05-05 14:38:43 - my_bot - INFO - Пользователь начал массовую рассылку - [mass_otr.py:83]
2025-05-05 14:38:53 - my_bot - INFO - Генерация документа для №1 (19)... - [mass_otr.py:281]
2025-05-05 14:38:53 - my_bot - INFO - Сформировано имя файла: Счет_за_аренду_46-57_МелякинИванВладимирович_20250505.xlsx - [generate_document.py:319]
2025-05-05 14:38:53 - my_bot - INFO - Начало генерации документа: Счет_за_аренду_46-57_МелякинИванВладимирович_20250505.xlsx - [generate_document.py:31]
2025-05-05 14:38:53 - my_bot - INFO - Документ создан: C:\проекты\бот_квитанции\data\files\Счет_за_аренду_46-57_МелякинИванВладимирович_20250505.xlsx - [generate_document.py:51]
2025-05-05 14:38:53 - my_bot - INFO - Документ записан в базу данных. ID: 88 - [generate_document.py:344]
2025-05-05 14:38:55 - my_bot - ERROR - Ошибка для ID 19: convert_excel_to_pdf() missing 1 required positional argument: 'user_id' - [mass_otr.py:226]
Traceback (most recent call last):
  File "c:\проекты\бот_квитанции\src\handlers\mass_otr.py", line 196, in handle_rent_date_or_send
    convert_excel_to_pdf(xlsx_path, pdf_path)
    ~~~~~~~~~~~~~~~~~~~~^^^^^^^^^^^^^^^^^^^^^
TypeError: convert_excel_to_pdf() missing 1 required positional argument: 'user_id'
2025-05-05 14:40:22 - my_bot - INFO - Starting bot... - [main.py:106]
2025-05-05 14:40:22 - my_bot - INFO - Инициализация планировщика - [main.py:15]
2025-05-05 14:40:22 - my_bot - INFO - Планировщик успешно запущен - [main.py:24]
2025-05-05 14:40:24 - my_bot - INFO - Пользователь 1374296012 запросил список арендаторов - [get_ten.py:65]
2025-05-05 14:40:26 - my_bot - INFO - Пользователь 1374296012 запросил список арендаторов - [get_ten.py:65]
2025-05-05 14:40:32 - my_bot - INFO - Пользователь 1374296012 запросил список арендаторов - [get_ten.py:65]
2025-05-05 14:40:33 - my_bot - INFO - Пользователь начал массовую рассылку - [mass_otr.py:83]
2025-05-05 14:40:45 - my_bot - INFO - Генерация документа для №1 (19)... - [mass_otr.py:282]
2025-05-05 14:40:45 - my_bot - INFO - Сформировано имя файла: Счет_за_аренду_46-57_МелякинИванВладимирович_20250505.xlsx - [generate_document.py:319]
2025-05-05 14:40:45 - my_bot - INFO - Начало генерации документа: Счет_за_аренду_46-57_МелякинИванВладимирович_20250505.xlsx - [generate_document.py:31]
2025-05-05 14:40:45 - my_bot - INFO - Документ создан: C:\проекты\бот_квитанции\data\files\Счет_за_аренду_46-57_МелякинИванВладимирович_20250505.xlsx - [generate_document.py:51]
2025-05-05 14:40:45 - my_bot - INFO - Документ записан в базу данных. ID: 89 - [generate_document.py:344]
2025-05-05 14:40:49 - my_bot - INFO - Начало отправки email на mitanemita5@gmail.com - [email_sender.py:9]
2025-05-05 14:40:51 - my_bot - INFO - Email успешно отправлен на mitanemita5@gmail.com - [email_sender.py:28]
2025-05-05 14:43:32 - my_bot - INFO - Starting bot... - [main.py:106]
2025-05-05 14:43:32 - my_bot - INFO - Инициализация планировщика - [main.py:15]
2025-05-05 14:43:32 - my_bot - INFO - Планировщик успешно запущен - [main.py:24]
2025-05-05 14:43:34 - my_bot - INFO - Пользователь 1374296012 запросил список арендаторов - [get_ten.py:65]
2025-05-05 14:43:36 - my_bot - INFO - Пользователь начал массовую рассылку - [mass_otr.py:106]
2025-05-05 14:43:44 - my_bot - INFO - Генерация документа для №1 (19)... - [mass_otr.py:313]
2025-05-05 14:43:44 - my_bot - INFO - Сформировано имя файла: Счет_за_аренду_46-57_МелякинИванВладимирович_20250505.xlsx - [generate_document.py:319]
2025-05-05 14:43:44 - my_bot - INFO - Начало генерации документа: Счет_за_аренду_46-57_МелякинИванВладимирович_20250505.xlsx - [generate_document.py:31]
2025-05-05 14:43:44 - my_bot - INFO - Документ создан: C:\проекты\бот_квитанции\data\files\Счет_за_аренду_46-57_МелякинИванВладимирович_20250505.xlsx - [generate_document.py:51]
2025-05-05 14:43:44 - my_bot - INFO - Документ записан в базу данных. ID: 90 - [generate_document.py:344]
2025-05-05 14:43:46 - my_bot - INFO - Лимит отправки документов будет превышен для user_id=1374296012, отправлено=5, запрошено=1, лимит=2 - [mass_otr.py:83]
2025-05-05 14:43:50 - my_bot - INFO - User 1374296012 requested profile - [profile.py:50]
2025-05-05 14:43:50 - my_bot - INFO - Profile displayed for user 1374296012 - [profile.py:96]
2025-05-05 14:49:02 - my_bot - INFO - Starting bot... - [main.py:106]
2025-05-05 14:49:02 - my_bot - INFO - Инициализация планировщика - [main.py:15]
2025-05-05 14:49:02 - my_bot - INFO - Планировщик успешно запущен - [main.py:24]
2025-05-05 14:49:03 - my_bot - WARNING - Нераспознанное сообщение от 1374296012: ↩️ Назад - [main.py:96]
2025-05-05 14:49:04 - my_bot - INFO - User 1374296012 requested profile - [profile.py:74]
2025-05-05 14:49:04 - my_bot - INFO - Profile displayed for user 1374296012 - [profile.py:127]
2025-05-05 14:49:16 - my_bot - INFO - User 1374296012 selected menu option: ↩️ Назад - [profile.py:136]
2025-05-05 14:49:16 - my_bot - INFO - User 1374296012 returned to main menu - [profile.py:142]
2025-05-05 14:50:08 - my_bot - INFO - User 1374296012 requested profile - [profile.py:74]
2025-05-05 14:50:08 - my_bot - INFO - Profile displayed for user 1374296012 - [profile.py:127]
2025-05-05 14:50:12 - my_bot - INFO - User 1374296012 selected menu option: Подписка - [profile.py:136]
2025-05-05 14:50:12 - my_bot - INFO - User 1374296012 accessed subscription menu - [profile.py:146]
2025-05-05 14:50:17 - my_bot - INFO - Payment record saved for user 1374296012: subscription of 490 RUB - [profile.py:372]
2025-05-05 14:50:17 - my_bot - INFO - User 1374296012 purchased subscription level 1 for 490 RUB and cleared documents - [profile.py:518]
2025-05-05 14:50:27 - my_bot - INFO - User 1374296012 selected menu option: ↩️ Назад - [profile.py:136]
2025-05-05 14:50:27 - my_bot - INFO - User 1374296012 returned to main menu - [profile.py:142]
2025-05-05 14:50:31 - my_bot - INFO - User 1374296012 requested profile - [profile.py:74]
2025-05-05 14:50:31 - my_bot - INFO - Profile displayed for user 1374296012 - [profile.py:127]
2025-05-05 14:52:29 - my_bot - INFO - Starting bot... - [main.py:106]
2025-05-05 14:52:29 - my_bot - INFO - Инициализация планировщика - [main.py:15]
2025-05-05 14:52:29 - my_bot - INFO - Планировщик успешно запущен - [main.py:24]
2025-05-05 15:01:29 - my_bot - INFO - Пользователь 886640731 команда - /start - [main.py:39]
2025-05-05 15:01:29 - my_bot - INFO - User 886640731 initiated tenant addition process - [add_user.py:13]
2025-05-05 17:11:25 - my_bot - INFO - Starting bot... - [main.py:106]
2025-05-05 17:11:25 - my_bot - INFO - Инициализация планировщика - [main.py:15]
2025-05-05 17:11:25 - my_bot - INFO - Планировщик успешно запущен - [main.py:24]
2025-05-05 17:11:25 - my_bot - INFO - Пользователь 98178019 команда - /start - [main.py:39]
2025-05-05 17:11:25 - my_bot - INFO - User 98178019 initiated tenant addition process - [add_user.py:13]
2025-05-05 17:11:59 - my_bot - WARNING - Нераспознанное сообщение от 1374296012: ↩️ Назад - [main.py:96]
2025-05-05 17:12:00 - my_bot - INFO - User 1374296012 requested profile - [profile.py:74]
2025-05-05 17:12:00 - my_bot - INFO - Profile displayed for user 1374296012 - [profile.py:127]
2025-05-05 17:12:03 - my_bot - INFO - User 1374296012 selected menu option: ↩️ Назад - [profile.py:136]
2025-05-05 17:12:03 - my_bot - INFO - User 1374296012 returned to main menu - [profile.py:142]
2025-05-05 17:12:06 - my_bot - INFO - User 1374296012 requested profile - [profile.py:74]
2025-05-05 17:12:06 - my_bot - INFO - Profile displayed for user 1374296012 - [profile.py:127]
2025-05-05 17:12:08 - my_bot - INFO - User 1374296012 selected menu option: ↩️ Назад - [profile.py:136]
2025-05-05 17:12:08 - my_bot - INFO - User 1374296012 returned to main menu - [profile.py:142]
2025-05-05 17:12:09 - my_bot - INFO - Пользователь 1374296012 запросил список арендаторов - [get_ten.py:65]
2025-05-05 17:12:11 - my_bot - INFO - Пользователь 1374296012 запросил список арендаторов - [get_ten.py:65]
2025-05-05 17:12:16 - my_bot - INFO - Сформировано имя файла: Акт_аренда_46-57_МелякинИванВладимирович_20250505.xlsx - [generate_document.py:319]
2025-05-05 17:12:16 - my_bot - INFO - Начало генерации документа: Акт_аренда_46-57_МелякинИванВладимирович_20250505.xlsx - [generate_document.py:31]
2025-05-05 17:12:16 - my_bot - INFO - Документ создан: C:\проекты\бот_квитанции\data\files\Акт_аренда_46-57_МелякинИванВладимирович_20250505.xlsx - [generate_document.py:51]
2025-05-05 17:12:16 - my_bot - INFO - Документ записан в базу данных. ID: 91 - [generate_document.py:344]
2025-05-05 17:12:18 - my_bot - INFO - Начало отправки email на mitanemita5@gmail.com - [email_sender.py:9]
2025-05-05 17:12:22 - my_bot - INFO - Email успешно отправлен на mitanemita5@gmail.com - [email_sender.py:28]
2025-05-05 17:12:31 - my_bot - INFO - Сформировано имя файла: Счет_за_аренду_46-57_МелякинИванВладимирович_20250505.xlsx - [generate_document.py:319]
2025-05-05 17:12:31 - my_bot - INFO - Начало генерации документа: Счет_за_аренду_46-57_МелякинИванВладимирович_20250505.xlsx - [generate_document.py:31]
2025-05-05 17:12:31 - my_bot - INFO - Документ создан: C:\проекты\бот_квитанции\data\files\Счет_за_аренду_46-57_МелякинИванВладимирович_20250505.xlsx - [generate_document.py:51]
2025-05-05 17:12:31 - my_bot - INFO - Документ записан в базу данных. ID: 92 - [generate_document.py:344]
2025-05-05 17:12:34 - my_bot - INFO - Пользователь 1374296012 запросил список арендаторов - [get_ten.py:65]
2025-05-05 17:12:40 - my_bot - INFO - Пользователь 1374296012 команда - /start - [main.py:39]
2025-05-05 17:12:40 - my_bot - INFO - User 1374296012 requested profile - [profile.py:74]
2025-05-05 17:12:40 - my_bot - INFO - Profile displayed for user 1374296012 - [profile.py:127]
2025-05-05 17:12:58 - my_bot - INFO - User 1374296012 selected menu option: Подписка - [profile.py:136]
2025-05-05 17:12:58 - my_bot - INFO - User 1374296012 accessed subscription menu - [profile.py:146]
2025-05-05 17:13:01 - my_bot - INFO - Payment record saved for user 1374296012: subscription of 490 RUB - [profile.py:372]
2025-05-05 17:13:01 - my_bot - INFO - User 1374296012 purchased subscription level 1 for 490 RUB and cleared documents - [profile.py:518]
2025-05-05 17:13:02 - my_bot - INFO - User 1374296012 selected menu option: ↩️ Назад - [profile.py:136]
2025-05-05 17:13:03 - my_bot - INFO - User 1374296012 returned to main menu - [profile.py:142]
2025-05-05 17:13:04 - my_bot - INFO - User 1374296012 requested profile - [profile.py:74]
2025-05-05 17:13:04 - my_bot - INFO - Profile displayed for user 1374296012 - [profile.py:127]
2025-05-05 17:13:15 - my_bot - INFO - User 1374296012 selected menu option: ↩️ Назад - [profile.py:136]
2025-05-05 17:13:15 - my_bot - INFO - User 1374296012 returned to main menu - [profile.py:142]
2025-05-05 17:13:16 - my_bot - INFO - User 1374296012 requested profile - [profile.py:74]
2025-05-05 17:13:16 - my_bot - INFO - Profile displayed for user 1374296012 - [profile.py:127]
2025-05-05 17:15:37 - my_bot - INFO - Starting bot... - [main.py:106]
2025-05-05 17:15:37 - my_bot - INFO - Инициализация планировщика - [main.py:15]
2025-05-05 17:15:37 - my_bot - INFO - Планировщик успешно запущен - [main.py:24]
2025-05-05 17:16:16 - my_bot - WARNING - Нераспознанное сообщение от 1374296012: ↩️ Назад - [main.py:96]
2025-05-05 17:16:17 - my_bot - INFO - User 1374296012 requested profile - [profile.py:74]
2025-05-05 17:16:17 - my_bot - INFO - Profile displayed for user 1374296012 - [profile.py:127]
2025-05-05 17:20:26 - my_bot - INFO - Starting bot... - [main.py:106]
2025-05-05 17:20:26 - my_bot - INFO - Инициализация планировщика - [main.py:15]
2025-05-05 17:20:26 - my_bot - INFO - Планировщик успешно запущен - [main.py:24]
2025-05-05 17:20:26 - my_bot - WARNING - Нераспознанное сообщение от 1374296012: ↩️ Назад - [main.py:96]
2025-05-05 17:20:28 - my_bot - INFO - Пользователь 1374296012 запросил список арендаторов - [get_ten.py:65]
2025-05-05 17:20:28 - my_bot - INFO - Пользователь 1374296012 запросил список арендаторов - [get_ten.py:65]
2025-05-05 17:20:32 - my_bot - INFO - Сформировано имя файла: Акт_аренда_46-57_МелякинИванВладимирович_20250505.xlsx - [generate_document.py:319]
2025-05-05 17:20:32 - my_bot - INFO - Начало генерации документа: Акт_аренда_46-57_МелякинИванВладимирович_20250505.xlsx - [generate_document.py:31]
2025-05-05 17:20:32 - my_bot - INFO - Документ создан: C:\проекты\бот_квитанции\data\files\Акт_аренда_46-57_МелякинИванВладимирович_20250505.xlsx - [generate_document.py:51]
2025-05-05 17:20:32 - my_bot - INFO - Документ записан в базу данных. ID: 93 - [generate_document.py:344]
2025-05-05 17:20:34 - my_bot - INFO - Начало отправки email на mitanemita5@gmail.com - [email_sender.py:9]
2025-05-05 17:20:37 - my_bot - INFO - Email успешно отправлен на mitanemita5@gmail.com - [email_sender.py:28]
2025-05-05 17:21:08 - my_bot - INFO - Сформировано имя файла: Акт_аренда_46-57_МелякинИванВладимирович_20250505.xlsx - [generate_document.py:319]
2025-05-05 17:21:08 - my_bot - INFO - Начало генерации документа: Акт_аренда_46-57_МелякинИванВладимирович_20250505.xlsx - [generate_document.py:31]
2025-05-05 17:21:08 - my_bot - INFO - Документ создан: C:\проекты\бот_квитанции\data\files\Акт_аренда_46-57_МелякинИванВладимирович_20250505.xlsx - [generate_document.py:51]
2025-05-05 17:21:08 - my_bot - INFO - Документ записан в базу данных. ID: 94 - [generate_document.py:344]
2025-05-05 17:21:12 - my_bot - INFO - Сформировано имя файла: Акт_аренда_46-57_МелякинИванВладимирович_20250505.xlsx - [generate_document.py:319]
2025-05-05 17:21:12 - my_bot - INFO - Начало генерации документа: Акт_аренда_46-57_МелякинИванВладимирович_20250505.xlsx - [generate_document.py:31]
2025-05-05 17:21:12 - my_bot - INFO - Документ создан: C:\проекты\бот_квитанции\data\files\Акт_аренда_46-57_МелякинИванВладимирович_20250505.xlsx - [generate_document.py:51]
2025-05-05 17:21:12 - my_bot - INFO - Документ записан в базу данных. ID: 95 - [generate_document.py:344]
2025-05-05 17:21:14 - my_bot - INFO - Начало отправки email на mitanemita5@gmail.com - [email_sender.py:9]
2025-05-05 17:21:17 - my_bot - INFO - Email успешно отправлен на mitanemita5@gmail.com - [email_sender.py:28]
2025-05-05 17:22:28 - my_bot - INFO - Starting bot... - [main.py:106]
2025-05-05 17:22:28 - my_bot - INFO - Инициализация планировщика - [main.py:15]
2025-05-05 17:22:28 - my_bot - INFO - Планировщик успешно запущен - [main.py:24]
2025-05-05 17:22:29 - my_bot - WARNING - Нераспознанное сообщение от 1374296012: ↩️ Назад - [main.py:96]
2025-05-05 17:22:31 - my_bot - INFO - Пользователь 1374296012 запросил список арендаторов - [get_ten.py:65]
2025-05-05 17:22:32 - my_bot - INFO - Пользователь 1374296012 запросил список арендаторов - [get_ten.py:65]
2025-05-05 17:22:36 - my_bot - INFO - Сформировано имя файла: Акт_аренда_46-57_МелякинИванВладимирович_20250505.xlsx - [generate_document.py:319]
2025-05-05 17:22:36 - my_bot - INFO - Начало генерации документа: Акт_аренда_46-57_МелякинИванВладимирович_20250505.xlsx - [generate_document.py:31]
2025-05-05 17:22:36 - my_bot - INFO - Документ создан: C:\проекты\бот_квитанции\data\files\Акт_аренда_46-57_МелякинИванВладимирович_20250505.xlsx - [generate_document.py:51]
2025-05-05 17:22:36 - my_bot - INFO - Документ записан в базу данных. ID: 96 - [generate_document.py:344]
2025-05-05 17:22:40 - my_bot - INFO - Сформировано имя файла: Акт_аренда_46-57_МелякинИванВладимирович_20250505.xlsx - [generate_document.py:319]
2025-05-05 17:22:40 - my_bot - INFO - Начало генерации документа: Акт_аренда_46-57_МелякинИванВладимирович_20250505.xlsx - [generate_document.py:31]
2025-05-05 17:22:41 - my_bot - INFO - Документ создан: C:\проекты\бот_квитанции\data\files\Акт_аренда_46-57_МелякинИванВладимирович_20250505.xlsx - [generate_document.py:51]
2025-05-05 17:22:41 - my_bot - INFO - Документ записан в базу данных. ID: 97 - [generate_document.py:344]
2025-05-05 17:22:43 - my_bot - INFO - Начало отправки email на mitanemita5@gmail.com - [email_sender.py:9]
2025-05-05 17:22:45 - my_bot - INFO - Email успешно отправлен на mitanemita5@gmail.com - [email_sender.py:28]
2025-05-05 17:23:15 - my_bot - INFO - Пользователь 1374296012 запросил список арендаторов - [get_ten.py:65]
2025-05-05 17:23:16 - my_bot - INFO - Пользователь начал массовую рассылку - [mass_otr.py:106]
2025-05-05 17:23:31 - my_bot - INFO - Генерация документа для №1 (19)... - [mass_otr.py:313]
2025-05-05 17:23:31 - my_bot - INFO - Сформировано имя файла: Акт_аренда_46-57_МелякинИванВладимирович_20250505.xlsx - [generate_document.py:319]
2025-05-05 17:23:31 - my_bot - INFO - Начало генерации документа: Акт_аренда_46-57_МелякинИванВладимирович_20250505.xlsx - [generate_document.py:31]
2025-05-05 17:23:31 - my_bot - INFO - Документ создан: C:\проекты\бот_квитанции\data\files\Акт_аренда_46-57_МелякинИванВладимирович_20250505.xlsx - [generate_document.py:51]
2025-05-05 17:23:31 - my_bot - INFO - Документ записан в базу данных. ID: 98 - [generate_document.py:344]
2025-05-05 17:25:44 - my_bot - WARNING - Нераспознанное сообщение от 1374296012: Ир - [main.py:96]
2025-05-05 17:25:50 - my_bot - INFO - Пользователь 1374296012 запросил список арендаторов - [get_ten.py:65]
2025-05-05 17:25:51 - my_bot - INFO - Пользователь начал массовую рассылку - [mass_otr.py:106]
2025-05-05 17:25:52 - my_bot - INFO - Выбраны арендаторы: [19, 21] - [mass_otr.py:121]
2025-05-05 17:25:53 - my_bot - INFO - Генерация документа для №1 (19)... - [mass_otr.py:313]
2025-05-05 17:25:53 - my_bot - INFO - Сформировано имя файла: Акт_аренда_46-57_МелякинИванВладимирович_20250505.xlsx - [generate_document.py:319]
2025-05-05 17:25:53 - my_bot - INFO - Начало генерации документа: Акт_аренда_46-57_МелякинИванВладимирович_20250505.xlsx - [generate_document.py:31]
2025-05-05 17:25:54 - my_bot - INFO - Документ создан: C:\проекты\бот_квитанции\data\files\Акт_аренда_46-57_МелякинИванВладимирович_20250505.xlsx - [generate_document.py:51]
2025-05-05 17:25:54 - my_bot - INFO - Документ записан в базу данных. ID: 99 - [generate_document.py:344]
2025-05-05 17:25:54 - my_bot - INFO - Генерация документа для №2 (21)... - [mass_otr.py:313]
2025-05-05 17:25:54 - my_bot - ERROR - Ошибка создания акта: list index out of range - [generate_document.py:348]
Traceback (most recent call last):
  File "c:\проекты\бот_квитанции\src\services\generate_document.py", line 277, in create_act
    f"ИП {db_data_ten['name'].split()[0]} {db_data_ten['name'].split()[1][0]}. {db_data_ten['name'].split()[2][0]}."
                                           ~~~~~~~~~~~~~~~~~~~~~~~~~~~^^^
IndexError: list index out of range
2025-05-05 17:25:54 - my_bot - ERROR - Ошибка генерации для 21 - [mass_otr.py:325]
Traceback (most recent call last):
  File "c:\проекты\бот_квитанции\src\handlers\mass_otr.py", line 314, in generate_documents
    xlsx_path = await create_act(user_id, tenant_id, template, custom_date=custom_date)
                ^^^^^^^^^^^^^^^^^^^^^^^^^^^^^^^^^^^^^^^^^^^^^^^^^^^^^^^^^^^^^^^^^^^^^^^
  File "c:\проекты\бот_квитанции\src\services\generate_document.py", line 277, in create_act
    f"ИП {db_data_ten['name'].split()[0]} {db_data_ten['name'].split()[1][0]}. {db_data_ten['name'].split()[2][0]}."
                                           ~~~~~~~~~~~~~~~~~~~~~~~~~~~^^^
IndexError: list index out of range
2025-05-05 17:27:28 - my_bot - INFO - Пользователь 1374296012 запросил список арендаторов - [get_ten.py:65]
2025-05-05 17:27:32 - my_bot - INFO - Пользователь 1374296012 команда - /start - [main.py:39]
2025-05-05 17:27:33 - my_bot - INFO - User 1374296012 requested profile - [profile.py:74]
2025-05-05 17:27:33 - my_bot - INFO - Profile displayed for user 1374296012 - [profile.py:127]
2025-05-05 17:27:34 - my_bot - INFO - User 1374296012 selected menu option: ↩️ Назад - [profile.py:136]
2025-05-05 17:27:34 - my_bot - INFO - User 1374296012 returned to main menu - [profile.py:142]
2025-05-05 17:37:28 - my_bot - INFO - Starting bot... - [main.py:106]
2025-05-05 17:37:28 - my_bot - INFO - Инициализация планировщика - [main.py:15]
2025-05-05 17:37:28 - my_bot - INFO - Планировщик успешно запущен - [main.py:24]
2025-05-05 17:38:23 - my_bot - INFO - User 1374296012 requested profile - [profile.py:74]
2025-05-05 17:38:24 - my_bot - INFO - Profile displayed for user 1374296012 - [profile.py:127]
2025-05-05 17:38:27 - my_bot - INFO - User 1374296012 selected menu option: Подписка - [profile.py:136]
2025-05-05 17:38:27 - my_bot - INFO - User 1374296012 accessed subscription menu - [profile.py:146]
2025-05-05 17:40:17 - my_bot - INFO - Starting bot... - [main.py:106]
2025-05-05 17:40:17 - my_bot - INFO - Инициализация планировщика - [main.py:15]
2025-05-05 17:40:17 - my_bot - INFO - Планировщик успешно запущен - [main.py:24]
2025-05-05 17:40:18 - my_bot - WARNING - Нераспознанное сообщение от 1374296012: Лара - [main.py:96]
2025-05-05 17:40:19 - my_bot - INFO - User 1374296012 requested profile - [profile.py:74]
2025-05-05 17:40:19 - my_bot - INFO - Profile displayed for user 1374296012 - [profile.py:127]
2025-05-05 17:40:25 - my_bot - INFO - User 1374296012 selected menu option: Подписка - [profile.py:136]
2025-05-05 17:40:25 - my_bot - INFO - User 1374296012 accessed subscription menu - [profile.py:146]
2025-05-05 17:40:31 - my_bot - INFO - User 1374296012 accessed subscription menu - [profile.py:419]
2025-05-05 17:40:39 - my_bot - WARNING - Нераспознанное сообщение от 1374296012: ↩️ Назад - [main.py:96]
2025-05-05 17:47:59 - my_bot - INFO - Starting bot... - [main.py:106]
2025-05-05 17:47:59 - my_bot - INFO - Инициализация планировщика - [main.py:15]
2025-05-05 17:47:59 - my_bot - INFO - Планировщик успешно запущен - [main.py:24]
2025-05-05 17:49:46 - my_bot - INFO - User 1374296012 requested profile - [profile.py:74]
2025-05-05 17:49:47 - my_bot - INFO - Profile displayed for user 1374296012 - [profile.py:127]
2025-05-05 17:49:53 - my_bot - INFO - User 1374296012 selected menu option: Подписка - [profile.py:136]
2025-05-05 17:49:53 - my_bot - INFO - User 1374296012 accessed subscription menu - [profile.py:146]
2025-05-05 17:49:53 - my_bot - ERROR - Error handling profile menu for user 1374296012: 4 validation errors for SendMessage
reply_markup.InlineKeyboardMarkup
  Input should be a valid dictionary or instance of InlineKeyboardMarkup [type=model_type, input_value=<function subscription_ke...d at 0x000001F201D7BB00>, input_type=function]
    For further information visit https://errors.pydantic.dev/2.10/v/model_type
reply_markup.ReplyKeyboardMarkup
  Input should be a valid dictionary or instance of ReplyKeyboardMarkup [type=model_type, input_value=<function subscription_ke...d at 0x000001F201D7BB00>, input_type=function]
    For further information visit https://errors.pydantic.dev/2.10/v/model_type
reply_markup.ReplyKeyboardRemove
  Input should be a valid dictionary or instance of ReplyKeyboardRemove [type=model_type, input_value=<function subscription_ke...d at 0x000001F201D7BB00>, input_type=function]
    For further information visit https://errors.pydantic.dev/2.10/v/model_type
reply_markup.ForceReply
  Input should be a valid dictionary or instance of ForceReply [type=model_type, input_value=<function subscription_ke...d at 0x000001F201D7BB00>, input_type=function]
    For further information visit https://errors.pydantic.dev/2.10/v/model_type - [profile.py:198]
2025-05-05 18:53:45 - my_bot - INFO - Starting bot... - [main.py:106]
2025-05-05 18:53:45 - my_bot - INFO - Инициализация планировщика - [main.py:15]
2025-05-05 18:53:45 - my_bot - INFO - Планировщик успешно запущен - [main.py:24]
2025-05-05 18:54:01 - my_bot - WARNING - Нераспознанное сообщение от 1374296012: Тата - [main.py:96]
2025-05-05 18:54:04 - my_bot - INFO - User 1374296012 requested profile - [profile.py:74]
2025-05-05 18:54:04 - my_bot - INFO - Profile displayed for user 1374296012 - [profile.py:127]
2025-05-05 18:54:05 - my_bot - INFO - User 1374296012 selected menu option: ↩️ Назад - [profile.py:136]
2025-05-05 18:54:06 - my_bot - INFO - User 1374296012 returned to main menu - [profile.py:142]
2025-05-05 19:16:56 - my_bot - INFO - Пользователь 991449015 команда - /start - [main.py:39]
2025-05-05 19:16:56 - my_bot - INFO - User 991449015 initiated tenant addition process - [add_user.py:13]
2025-05-05 19:17:54 - my_bot - ERROR - Error adding tenant by user 991449015: (1406, "Data too long for column 'inn' at row 1") - [add_user.py:130]
2025-05-05 19:18:00 - my_bot - INFO - User 991449015 requested profile - [profile.py:74]
2025-05-05 19:18:00 - my_bot - WARNING - Profile data not found for user 991449015 - [profile.py:53]
2025-05-05 19:18:00 - my_bot - WARNING - Profile not found for user 991449015 - [profile.py:79]
2025-05-05 19:18:01 - my_bot - INFO - [991449015] /add_tenant - Начало добавления арендатора - [add_tenant.py:15]
2025-05-05 19:26:24 - my_bot - WARNING - [991449015] /add_tenant - Невалидный email: Рошооанримп - [add_tenant.py:46]
2025-05-05 19:27:20 - my_bot - ERROR - [991449015] Ошибка добавления: (1406, "Data too long for column 'inn' at row 1") - [add_tenant.py:224]
2025-05-05 19:27:30 - my_bot - WARNING - Нераспознанное сообщение от 991449015: р/с 40702810611010583455 БИК 044525058 в Филиал 'БИЗНЕС'ПАО 'СОВКОМБАНК' к/с 30101810045250000058 - [main.py:96]
2025-05-07 21:17:21 - my_bot - INFO - Starting bot... - [main.py:106]
2025-05-07 21:17:21 - my_bot - INFO - Инициализация планировщика - [main.py:15]
2025-05-07 21:17:21 - my_bot - INFO - Планировщик успешно запущен - [main.py:24]
2025-05-07 21:18:50 - my_bot - INFO - Пользователь 1374296012 команда - /start - [main.py:39]
2025-05-07 21:18:50 - my_bot - INFO - User 1374296012 initiated tenant addition process - [add_user.py:46]
2025-05-07 21:26:56 - my_bot - INFO - Starting bot... - [main.py:106]
2025-05-07 21:26:56 - my_bot - INFO - Инициализация планировщика - [main.py:15]
2025-05-07 21:26:56 - my_bot - INFO - Планировщик успешно запущен - [main.py:24]
2025-05-07 21:27:26 - my_bot - INFO - Пользователь 1374296012 команда - /start - [main.py:39]
2025-05-07 21:27:26 - my_bot - INFO - User 1374296012 initiated tenant addition process - [add_user.py:72]
2025-05-07 21:28:26 - my_bot - INFO - Starting bot... - [main.py:106]
2025-05-07 21:28:26 - my_bot - INFO - Инициализация планировщика - [main.py:15]
2025-05-07 21:28:26 - my_bot - INFO - Планировщик успешно запущен - [main.py:24]
2025-05-07 21:28:41 - my_bot - INFO - Пользователь 1374296012 команда - /start - [main.py:39]
2025-05-07 21:28:41 - my_bot - INFO - User 1374296012 initiated tenant addition process - [add_user.py:72]
2025-05-07 21:31:06 - my_bot - INFO - Starting bot... - [main.py:106]
2025-05-07 21:31:06 - my_bot - INFO - Инициализация планировщика - [main.py:15]
2025-05-07 21:31:06 - my_bot - INFO - Планировщик успешно запущен - [main.py:24]
2025-05-07 21:31:10 - my_bot - INFO - Пользователь 1374296012 команда - /start - [main.py:39]
2025-05-07 21:31:10 - my_bot - CRITICAL - Критическая ошибка: Telegram server says - Bad Request: can't parse entities: Unexpected end tag at byte offset 2150 после /start - [main.py:60]
Traceback (most recent call last):
  File "c:\проекты\бот_квитанции\main.py", line 55, in cmd_start
    await start_adding_user1(message, state)
  File "c:\проекты\бот_квитанции\src\handlers\add_user.py", line 76, in start_adding_user1
    await message.answer(welcome_text, parse_mode='HTML')
  File "C:\Users\mitan\AppData\Local\Programs\Python\Python313\Lib\site-packages\aiogram\methods\base.py", line 84, in emit
    return await bot(self)
           ^^^^^^^^^^^^^^^
  File "C:\Users\mitan\AppData\Local\Programs\Python\Python313\Lib\site-packages\aiogram\client\bot.py", line 453, in __call__
    return await self.session(self, method, timeout=request_timeout)
           ^^^^^^^^^^^^^^^^^^^^^^^^^^^^^^^^^^^^^^^^^^^^^^^^^^^^^^^^^
  File "C:\Users\mitan\AppData\Local\Programs\Python\Python313\Lib\site-packages\aiogram\client\session\base.py", line 254, in __call__
    return cast(TelegramType, await middleware(bot, method))
                              ^^^^^^^^^^^^^^^^^^^^^^^^^^^^^
  File "C:\Users\mitan\AppData\Local\Programs\Python\Python313\Lib\site-packages\aiogram\client\session\aiohttp.py", line 185, in make_request
    response = self.check_response(
        bot=bot, method=method, status_code=resp.status, content=raw_result
    )
  File "C:\Users\mitan\AppData\Local\Programs\Python\Python313\Lib\site-packages\aiogram\client\session\base.py", line 120, in check_response
    raise TelegramBadRequest(method=method, message=description)
aiogram.exceptions.TelegramBadRequest: Telegram server says - Bad Request: can't parse entities: Unexpected end tag at byte offset 2150
2025-05-07 21:31:28 - my_bot - INFO - Starting bot... - [main.py:106]
2025-05-07 21:31:28 - my_bot - INFO - Инициализация планировщика - [main.py:15]
2025-05-07 21:31:28 - my_bot - INFO - Планировщик успешно запущен - [main.py:24]
2025-05-07 21:31:31 - my_bot - INFO - Пользователь 1374296012 команда - /start - [main.py:39]
2025-05-07 21:31:31 - my_bot - CRITICAL - Критическая ошибка: Telegram server says - Bad Request: can't parse entities: Unexpected end tag at byte offset 2150 после /start - [main.py:60]
Traceback (most recent call last):
  File "c:\проекты\бот_квитанции\main.py", line 55, in cmd_start
    await start_adding_user1(message, state)
  File "c:\проекты\бот_квитанции\src\handlers\add_user.py", line 76, in start_adding_user1
    await message.answer(welcome_text, parse_mode='HTML')
  File "C:\Users\mitan\AppData\Local\Programs\Python\Python313\Lib\site-packages\aiogram\methods\base.py", line 84, in emit
    return await bot(self)
           ^^^^^^^^^^^^^^^
  File "C:\Users\mitan\AppData\Local\Programs\Python\Python313\Lib\site-packages\aiogram\client\bot.py", line 453, in __call__
    return await self.session(self, method, timeout=request_timeout)
           ^^^^^^^^^^^^^^^^^^^^^^^^^^^^^^^^^^^^^^^^^^^^^^^^^^^^^^^^^
  File "C:\Users\mitan\AppData\Local\Programs\Python\Python313\Lib\site-packages\aiogram\client\session\base.py", line 254, in __call__
    return cast(TelegramType, await middleware(bot, method))
                              ^^^^^^^^^^^^^^^^^^^^^^^^^^^^^
  File "C:\Users\mitan\AppData\Local\Programs\Python\Python313\Lib\site-packages\aiogram\client\session\aiohttp.py", line 185, in make_request
    response = self.check_response(
        bot=bot, method=method, status_code=resp.status, content=raw_result
    )
  File "C:\Users\mitan\AppData\Local\Programs\Python\Python313\Lib\site-packages\aiogram\client\session\base.py", line 120, in check_response
    raise TelegramBadRequest(method=method, message=description)
aiogram.exceptions.TelegramBadRequest: Telegram server says - Bad Request: can't parse entities: Unexpected end tag at byte offset 2150
2025-05-07 21:33:53 - my_bot - INFO - Starting bot... - [main.py:106]
2025-05-07 21:33:53 - my_bot - INFO - Инициализация планировщика - [main.py:15]
2025-05-07 21:33:53 - my_bot - INFO - Планировщик успешно запущен - [main.py:24]
2025-05-07 21:33:54 - my_bot - INFO - Пользователь 1374296012 команда - /start - [main.py:39]
2025-05-07 21:33:54 - my_bot - INFO - User 1374296012 initiated tenant addition process - [add_user.py:72]
2025-05-07 21:35:35 - my_bot - INFO - Starting bot... - [main.py:106]
2025-05-07 21:35:35 - my_bot - INFO - Инициализация планировщика - [main.py:15]
2025-05-07 21:35:35 - my_bot - INFO - Планировщик успешно запущен - [main.py:24]
2025-05-07 21:35:41 - my_bot - INFO - Пользователь 1374296012 команда - /start - [main.py:39]
2025-05-07 21:35:41 - my_bot - INFO - User 1374296012 initiated tenant addition process - [add_user.py:79]
2025-05-07 21:39:26 - my_bot - INFO - Starting bot... - [main.py:106]
2025-05-07 21:39:26 - my_bot - INFO - Инициализация планировщика - [main.py:15]
2025-05-07 21:39:26 - my_bot - INFO - Планировщик успешно запущен - [main.py:24]
2025-05-07 21:42:05 - my_bot - INFO - Starting bot... - [main.py:106]
2025-05-07 21:42:05 - my_bot - INFO - Инициализация планировщика - [main.py:15]
2025-05-07 21:42:05 - my_bot - INFO - Планировщик успешно запущен - [main.py:24]
2025-05-07 21:46:07 - my_bot - INFO - Пользователь 1374296012 команда - /start - [main.py:39]
2025-05-07 21:46:08 - my_bot - INFO - User 1374296012 requested profile - [profile.py:74]
2025-05-07 21:46:08 - my_bot - WARNING - Profile data not found for user 1374296012 - [profile.py:53]
2025-05-07 21:46:08 - my_bot - WARNING - Profile not found for user 1374296012 - [profile.py:79]
2025-05-07 21:47:04 - my_bot - INFO - Пользователь 1374296012 команда - /start - [main.py:39]
2025-05-07 21:47:05 - my_bot - INFO - User 1374296012 initiated tenant addition process - [add_user.py:80]
2025-05-07 21:47:32 - my_bot - INFO - User 1374296012 successfully added tenant: {'name': 'Дубровский Дмитрий Алексеевич', 'type': 'Индивидуальный предприниматель', 'inn': '123456644', 'recw_inf': "р/с 40702810611010583455 БИК 044525058 в Филиал 'БИЗНЕС'ПАО 'СОВКОМБАНК' к/с 30101810045250000058"} - [add_user.py:189]
2025-05-07 21:47:34 - my_bot - INFO - User 1374296012 requested profile - [profile.py:74]
2025-05-07 21:47:34 - my_bot - INFO - Profile displayed for user 1374296012 - [profile.py:127]
2025-05-07 21:48:26 - my_bot - INFO - User 1374296012 selected menu option: ↩️ Назад - [profile.py:136]
2025-05-07 21:48:26 - my_bot - INFO - User 1374296012 returned to main menu - [profile.py:142]
2025-05-07 21:48:27 - my_bot - INFO - User 1374296012 requested profile - [profile.py:74]
2025-05-07 21:48:27 - my_bot - INFO - Profile displayed for user 1374296012 - [profile.py:127]
2025-05-07 21:48:33 - my_bot - INFO - User 1374296012 selected menu option: Подписка - [profile.py:136]
2025-05-07 21:48:33 - my_bot - INFO - User 1374296012 accessed subscription menu - [profile.py:146]
2025-05-07 21:48:42 - my_bot - INFO - Payment record saved for user 1374296012: subscription of 1490 RUB - [profile.py:372]
2025-05-07 21:48:42 - my_bot - INFO - User 1374296012 purchased subscription level 3 for 1490 RUB and cleared documents - [profile.py:531]
2025-05-07 21:48:49 - my_bot - INFO - User 1374296012 selected menu option: ↩️ Назад - [profile.py:136]
2025-05-07 21:48:49 - my_bot - INFO - User 1374296012 returned to main menu - [profile.py:142]
2025-05-07 21:48:50 - my_bot - INFO - User 1374296012 requested profile - [profile.py:74]
2025-05-07 21:48:50 - my_bot - INFO - Profile displayed for user 1374296012 - [profile.py:127]
2025-05-07 21:49:18 - my_bot - INFO - User 1374296012 selected menu option: ↩️ Назад - [profile.py:136]
2025-05-07 21:49:18 - my_bot - INFO - User 1374296012 returned to main menu - [profile.py:142]
2025-05-07 21:51:32 - my_bot - INFO - Starting bot... - [main.py:106]
2025-05-07 21:51:32 - my_bot - INFO - Инициализация планировщика - [main.py:15]
2025-05-07 21:51:32 - my_bot - INFO - Планировщик успешно запущен - [main.py:24]
2025-05-07 21:52:36 - my_bot - INFO - Пользователь 1374296012 команда - /start - [main.py:39]
2025-05-07 21:52:36 - my_bot - INFO - User 1374296012 initiated tenant addition process - [add_user.py:80]
2025-05-07 21:57:05 - my_bot - INFO - Starting bot... - [main.py:106]
2025-05-07 21:57:05 - my_bot - INFO - Инициализация планировщика - [main.py:15]
2025-05-07 21:57:05 - my_bot - INFO - Планировщик успешно запущен - [main.py:24]
2025-05-07 21:57:08 - my_bot - INFO - Пользователь 1374296012 команда - /start - [main.py:39]
2025-05-07 21:57:08 - my_bot - INFO - User 1374296012 initiated tenant addition process - [add_user.py:80]
2025-05-07 21:58:09 - my_bot - INFO - Starting bot... - [main.py:106]
2025-05-07 21:58:09 - my_bot - INFO - Инициализация планировщика - [main.py:15]
2025-05-07 21:58:09 - my_bot - INFO - Планировщик успешно запущен - [main.py:24]
2025-05-07 21:58:15 - my_bot - INFO - Пользователь 1374296012 команда - /start - [main.py:39]
2025-05-07 21:58:15 - my_bot - INFO - User 1374296012 initiated tenant addition process - [add_user.py:80]
2025-05-07 21:58:31 - my_bot - INFO - Starting bot... - [main.py:106]
2025-05-07 21:58:31 - my_bot - INFO - Инициализация планировщика - [main.py:15]
2025-05-07 21:58:31 - my_bot - INFO - Планировщик успешно запущен - [main.py:24]
2025-05-07 21:58:35 - my_bot - INFO - Пользователь 1374296012 команда - /start - [main.py:39]
2025-05-07 21:58:35 - my_bot - INFO - User 1374296012 initiated tenant addition process - [add_user.py:80]
2025-05-07 21:59:29 - my_bot - INFO - User 1374296012 successfully added tenant: {'name': 'Дубровский Дмитрий Алексеевич', 'type': 'Индивидуальный предприниматель', 'inn': '1234567890', 'recw_inf': "р/с 40702810611010583455 БИК 044525058 в Филиал 'БИЗНЕС'ПАО 'СОВКОМБАНК' к/с 30101810045250000058"} - [add_user.py:178]
2025-05-07 22:01:23 - my_bot - INFO - Starting bot... - [main.py:106]
2025-05-07 22:01:23 - my_bot - INFO - Инициализация планировщика - [main.py:15]
2025-05-07 22:01:23 - my_bot - INFO - Планировщик успешно запущен - [main.py:24]
2025-05-07 22:01:25 - my_bot - INFO - User 1374296012 requested profile - [profile.py:74]
2025-05-07 22:01:25 - my_bot - INFO - Profile displayed for user 1374296012 - [profile.py:127]
2025-05-07 22:01:27 - my_bot - INFO - User 1374296012 selected menu option: ↩️ Назад - [profile.py:136]
2025-05-07 22:01:27 - my_bot - INFO - User 1374296012 returned to main menu - [profile.py:142]
2025-05-07 22:01:47 - my_bot - INFO - Пользователь 1374296012 запросил список арендаторов - [get_ten.py:65]
2025-05-07 22:01:49 - my_bot - INFO - Пользователь 1374296012 команда - /start - [main.py:39]
2025-05-07 22:15:20 - my_bot - INFO - Starting bot... - [main.py:106]
2025-05-07 22:15:20 - my_bot - INFO - Инициализация планировщика - [main.py:15]
2025-05-07 22:15:20 - my_bot - INFO - Планировщик успешно запущен - [main.py:24]
2025-05-07 22:15:26 - my_bot - INFO - User 1374296012 requested profile - [profile.py:75]
2025-05-07 22:15:27 - my_bot - INFO - Profile displayed for user 1374296012 - [profile.py:128]
2025-05-07 22:15:28 - my_bot - INFO - User 1374296012 selected menu option: Фото подписи - [profile.py:137]
2025-05-07 22:15:28 - my_bot - INFO - User 1374296012 entered photo signature section - [profile.py:190]
2025-05-07 22:15:30 - my_bot - INFO - User 1374296012 requested photo change - [profile.py:370]
2025-05-07 22:15:34 - my_bot - INFO - User 1374296012 uploading signature photo - [profile.py:301]
2025-05-07 22:15:35 - my_bot - WARNING - Signature photo for user 1374296012 has invalid height: 1280px - [profile.py:333]
2025-05-07 22:15:53 - my_bot - INFO - User 1374296012 uploading signature photo - [profile.py:301]
2025-05-07 22:15:53 - my_bot - WARNING - Signature photo for user 1374296012 has invalid width: 1280px - [profile.py:325]
2025-05-07 22:16:41 - my_bot - INFO - User 1374296012 uploading signature photo - [profile.py:301]
2025-05-07 22:16:41 - my_bot - WARNING - Signature photo for user 1374296012 has invalid width: 1280px - [profile.py:325]
2025-05-07 22:17:00 - my_bot - INFO - User 1374296012 uploading signature photo - [profile.py:301]
2025-05-07 22:17:00 - my_bot - WARNING - Signature photo for user 1374296012 has invalid width: 1280px - [profile.py:325]
2025-05-07 22:17:20 - my_bot - INFO - User 1374296012 uploading signature photo - [profile.py:301]
2025-05-07 22:17:21 - my_bot - WARNING - Signature photo for user 1374296012 has invalid width: 1280px - [profile.py:325]
2025-05-07 22:17:48 - my_bot - INFO - User 1374296012 uploading signature photo - [profile.py:301]
2025-05-07 22:17:48 - my_bot - WARNING - Signature photo for user 1374296012 has invalid width: 800px - [profile.py:325]
2025-05-07 22:18:13 - my_bot - INFO - User 1374296012 uploading signature photo - [profile.py:301]
2025-05-07 22:18:13 - my_bot - WARNING - Signature photo for user 1374296012 has invalid width: 724px - [profile.py:325]
2025-05-07 22:18:36 - my_bot - INFO - User 1374296012 uploading signature photo - [profile.py:301]
2025-05-07 22:18:36 - my_bot - WARNING - Signature photo for user 1374296012 has invalid height: 234px - [profile.py:333]
2025-05-07 22:19:04 - my_bot - INFO - User 1374296012 uploading signature photo - [profile.py:301]
2025-05-07 22:19:04 - my_bot - WARNING - Signature photo for user 1374296012 has invalid width: 654px - [profile.py:325]
2025-05-07 22:19:19 - my_bot - INFO - User 1374296012 uploading signature photo - [profile.py:301]
2025-05-07 22:19:19 - my_bot - WARNING - Signature photo for user 1374296012 has invalid height: 215px - [profile.py:333]
2025-05-07 22:19:38 - my_bot - INFO - User 1374296012 uploading signature photo - [profile.py:301]
2025-05-07 22:19:38 - my_bot - WARNING - Signature photo for user 1374296012 has invalid width: 320px - [profile.py:325]
2025-05-07 22:20:03 - my_bot - INFO - User 1374296012 uploading signature photo - [profile.py:301]
2025-05-07 22:20:03 - my_bot - WARNING - Signature photo for user 1374296012 has invalid width: 658px - [profile.py:325]
2025-05-07 22:20:25 - my_bot - INFO - User 1374296012 uploading signature photo - [profile.py:301]
2025-05-07 22:20:25 - my_bot - WARNING - Signature photo for user 1374296012 has invalid width: 618px - [profile.py:325]
2025-05-07 22:20:40 - my_bot - INFO - User 1374296012 uploading signature photo - [profile.py:301]
2025-05-07 22:20:40 - my_bot - WARNING - Signature photo for user 1374296012 has invalid height: 180px - [profile.py:333]
2025-05-07 22:20:57 - my_bot - INFO - User 1374296012 uploading signature photo - [profile.py:301]
2025-05-07 22:20:57 - my_bot - WARNING - Signature photo for user 1374296012 has invalid height: 180px - [profile.py:333]
2025-05-07 22:21:16 - my_bot - INFO - User 1374296012 uploading signature photo - [profile.py:301]
2025-05-07 22:21:17 - my_bot - WARNING - Signature photo for user 1374296012 has invalid width: 320px - [profile.py:325]
2025-05-07 22:22:31 - my_bot - INFO - User 1374296012 uploading signature photo - [profile.py:301]
2025-05-07 22:22:31 - my_bot - WARNING - Signature photo for user 1374296012 has invalid width: 1280px - [profile.py:325]
2025-05-07 22:23:03 - my_bot - INFO - User 1374296012 uploading signature photo - [profile.py:301]
2025-05-07 22:23:04 - my_bot - WARNING - Signature photo for user 1374296012 has invalid width: 184px - [profile.py:325]
2025-05-07 22:34:02 - my_bot - WARNING - User 1374296012 sent invalid input in photo section: None - [profile.py:373]
2025-05-07 22:34:29 - my_bot - WARNING - User 1374296012 sent invalid input in photo section: None - [profile.py:373]
2025-05-07 22:34:36 - my_bot - INFO - User 1374296012 uploading signature photo - [profile.py:301]
2025-05-07 22:34:37 - my_bot - WARNING - Signature photo for user 1374296012 has invalid width: 1280px - [profile.py:325]
2025-05-07 22:37:34 - my_bot - INFO - User 1374296012 uploading signature photo - [profile.py:301]
2025-05-07 22:37:34 - my_bot - WARNING - Signature photo for user 1374296012 has invalid width: 1280px - [profile.py:325]
2025-05-07 22:38:09 - my_bot - WARNING - User 1374296012 sent invalid input in photo section: None - [profile.py:373]
2025-05-08 01:04:21 - my_bot - INFO - Starting bot... - [main.py:106]
2025-05-08 01:04:21 - my_bot - INFO - Инициализация планировщика - [main.py:15]
2025-05-08 01:04:21 - my_bot - INFO - Планировщик успешно запущен - [main.py:24]
2025-05-08 01:04:28 - my_bot - WARNING - Нераспознанное сообщение от 1374296012: ↩️ Назад - [main.py:96]
2025-05-08 01:04:30 - my_bot - INFO - User 1374296012 requested profile - [profile.py:75]
2025-05-08 01:04:30 - my_bot - INFO - Profile displayed for user 1374296012 - [profile.py:128]
2025-05-08 01:04:31 - my_bot - INFO - User 1374296012 selected menu option: Фото подписи - [profile.py:137]
2025-05-08 01:04:31 - my_bot - INFO - User 1374296012 entered photo signature section - [profile.py:190]
2025-05-08 01:04:33 - my_bot - INFO - User 1374296012 requested photo change - [profile.py:373]
2025-05-08 01:04:53 - my_bot - INFO - User 1374296012 uploading signature photo - [profile.py:304]
2025-05-08 01:04:53 - my_bot - WARNING - Signature photo for user 1374296012 has invalid width: 1280px - [profile.py:328]
2025-05-08 01:05:49 - my_bot - INFO - Starting bot... - [main.py:106]
2025-05-08 01:05:49 - my_bot - INFO - Инициализация планировщика - [main.py:15]
2025-05-08 01:05:49 - my_bot - INFO - Планировщик успешно запущен - [main.py:24]
2025-05-08 01:05:52 - my_bot - WARNING - Нераспознанное сообщение от 1374296012: ↩️ Назад - [main.py:96]
2025-05-08 01:05:53 - my_bot - INFO - User 1374296012 requested profile - [profile.py:75]
2025-05-08 01:05:54 - my_bot - INFO - Profile displayed for user 1374296012 - [profile.py:128]
2025-05-08 01:05:54 - my_bot - INFO - User 1374296012 selected menu option: Фото подписи - [profile.py:137]
2025-05-08 01:05:55 - my_bot - INFO - User 1374296012 entered photo signature section - [profile.py:190]
2025-05-08 01:05:56 - my_bot - INFO - User 1374296012 requested photo change - [profile.py:373]
2025-05-08 01:05:58 - my_bot - INFO - User 1374296012 uploading signature photo - [profile.py:304]
2025-05-08 01:05:59 - my_bot - WARNING - Signature photo for user 1374296012 has invalid height: 960px - [profile.py:336]
2025-05-08 01:06:27 - my_bot - INFO - Starting bot... - [main.py:106]
2025-05-08 01:06:27 - my_bot - INFO - Инициализация планировщика - [main.py:15]
2025-05-08 01:06:27 - my_bot - INFO - Планировщик успешно запущен - [main.py:24]
2025-05-08 01:06:30 - my_bot - WARNING - Нераспознанное сообщение от 1374296012: ↩️ Назад - [main.py:96]
2025-05-08 01:06:31 - my_bot - INFO - User 1374296012 requested profile - [profile.py:75]
2025-05-08 01:06:31 - my_bot - INFO - Profile displayed for user 1374296012 - [profile.py:128]
2025-05-08 01:06:32 - my_bot - INFO - User 1374296012 selected menu option: Фото подписи - [profile.py:137]
2025-05-08 01:06:32 - my_bot - INFO - User 1374296012 entered photo signature section - [profile.py:190]
2025-05-08 01:06:34 - my_bot - INFO - User 1374296012 requested photo change - [profile.py:373]
2025-05-08 01:06:37 - my_bot - INFO - User 1374296012 uploading signature photo - [profile.py:304]
2025-05-08 01:06:37 - my_bot - WARNING - Signature photo for user 1374296012 has invalid aspect ratio: 1.3333333333333333 - [profile.py:344]
2025-05-08 01:07:26 - my_bot - INFO - Starting bot... - [main.py:106]
2025-05-08 01:07:26 - my_bot - INFO - Инициализация планировщика - [main.py:15]
2025-05-08 01:07:26 - my_bot - INFO - Планировщик успешно запущен - [main.py:24]
2025-05-08 01:07:27 - my_bot - WARNING - Нераспознанное сообщение от 1374296012: ↩️ Назад - [main.py:96]
2025-05-08 01:07:28 - my_bot - INFO - User 1374296012 requested profile - [profile.py:75]
2025-05-08 01:07:28 - my_bot - INFO - Profile displayed for user 1374296012 - [profile.py:128]
2025-05-08 01:07:29 - my_bot - INFO - User 1374296012 selected menu option: Фото подписи - [profile.py:137]
2025-05-08 01:07:29 - my_bot - INFO - User 1374296012 entered photo signature section - [profile.py:190]
2025-05-08 01:07:30 - my_bot - INFO - User 1374296012 requested photo change - [profile.py:373]
2025-05-08 01:07:36 - my_bot - INFO - User 1374296012 uploading signature photo - [profile.py:304]
2025-05-08 01:07:37 - my_bot - WARNING - Signature photo for user 1374296012 has invalid aspect ratio: 1.3333333333333333 - [profile.py:344]
2025-05-08 01:08:35 - my_bot - INFO - Starting bot... - [main.py:106]
2025-05-08 01:08:35 - my_bot - INFO - Инициализация планировщика - [main.py:15]
2025-05-08 01:08:35 - my_bot - INFO - Планировщик успешно запущен - [main.py:24]
2025-05-08 01:08:37 - my_bot - WARNING - Нераспознанное сообщение от 1374296012: Тата - [main.py:96]
2025-05-08 01:08:38 - my_bot - INFO - User 1374296012 requested profile - [profile.py:75]
2025-05-08 01:08:38 - my_bot - INFO - Profile displayed for user 1374296012 - [profile.py:128]
2025-05-08 01:08:39 - my_bot - INFO - User 1374296012 selected menu option: Фото подписи - [profile.py:137]
2025-05-08 01:08:40 - my_bot - INFO - User 1374296012 entered photo signature section - [profile.py:190]
2025-05-08 01:08:41 - my_bot - INFO - User 1374296012 requested photo change - [profile.py:373]
2025-05-08 01:08:45 - my_bot - INFO - User 1374296012 uploading signature photo - [profile.py:304]
2025-05-08 01:08:45 - my_bot - WARNING - Signature photo for user 1374296012 has invalid aspect ratio: 1.3333333333333333 - [profile.py:344]
2025-05-08 01:09:34 - my_bot - INFO - Starting bot... - [main.py:106]
2025-05-08 01:09:34 - my_bot - INFO - Инициализация планировщика - [main.py:15]
2025-05-08 01:09:34 - my_bot - INFO - Планировщик успешно запущен - [main.py:24]
2025-05-08 01:09:36 - my_bot - WARNING - Нераспознанное сообщение от 1374296012: ↩️ Назад - [main.py:96]
2025-05-08 01:09:37 - my_bot - INFO - User 1374296012 requested profile - [profile.py:75]
2025-05-08 01:09:38 - my_bot - INFO - Profile displayed for user 1374296012 - [profile.py:128]
2025-05-08 01:09:39 - my_bot - INFO - User 1374296012 selected menu option: Фото подписи - [profile.py:137]
2025-05-08 01:09:39 - my_bot - INFO - User 1374296012 entered photo signature section - [profile.py:190]
2025-05-08 01:09:40 - my_bot - INFO - User 1374296012 requested photo change - [profile.py:373]
2025-05-08 01:09:43 - my_bot - INFO - User 1374296012 uploading signature photo - [profile.py:304]
2025-05-08 01:09:43 - my_bot - INFO - Signature photo saved for user 1374296012 - [profile.py:356]
2025-05-08 01:09:45 - my_bot - INFO - User 1374296012 selected menu option: ↩️ Назад - [profile.py:137]
2025-05-08 01:09:45 - my_bot - INFO - User 1374296012 returned to main menu - [profile.py:143]
2025-05-08 01:09:47 - my_bot - INFO - Пользователь 1374296012 запросил список арендаторов - [get_ten.py:65]
2025-05-08 01:09:48 - my_bot - INFO - Пользователь 1374296012 запросил список арендаторов - [get_ten.py:65]
2025-05-08 01:09:55 - my_bot - INFO - Сформировано имя файла: Акт_аренда_46-57_МелякинИванВладимирович_20250508.xlsx - [generate_document.py:319]
2025-05-08 01:09:55 - my_bot - INFO - Начало генерации документа: Акт_аренда_46-57_МелякинИванВладимирович_20250508.xlsx - [generate_document.py:31]
2025-05-08 01:09:55 - my_bot - INFO - Документ создан: C:\проекты\бот_квитанции\data\files\Акт_аренда_46-57_МелякинИванВладимирович_20250508.xlsx - [generate_document.py:51]
2025-05-08 01:09:55 - my_bot - INFO - Документ записан в базу данных. ID: 103 - [generate_document.py:344]
2025-05-08 01:09:58 - my_bot - INFO - Начало отправки email на mitanemita5@gmail.com - [email_sender.py:9]
2025-05-08 01:10:02 - my_bot - INFO - Email успешно отправлен на mitanemita5@gmail.com - [email_sender.py:28]
2025-05-08 01:32:55 - my_bot - INFO - Starting bot... - [main.py:106]
2025-05-08 01:32:55 - my_bot - INFO - Инициализация планировщика - [main.py:15]
2025-05-08 01:32:55 - my_bot - INFO - Планировщик успешно запущен - [main.py:24]
2025-05-08 01:32:58 - my_bot - WARNING - Нераспознанное сообщение от 1374296012: 📄 Сформировать документ - [main.py:96]
2025-05-08 01:33:00 - my_bot - INFO - Пользователь 1374296012 запросил список арендаторов - [get_ten.py:65]
2025-05-08 01:33:02 - my_bot - INFO - Пользователь 1374296012 запросил список арендаторов - [get_ten.py:65]
2025-05-08 01:33:13 - my_bot - INFO - Сформировано имя файла: Акт_аренда_46-57_МелякинИванВладимирович_20250508.xlsx - [generate_document.py:319]
2025-05-08 01:33:13 - my_bot - INFO - Начало генерации документа: Акт_аренда_46-57_МелякинИванВладимирович_20250508.xlsx - [generate_document.py:31]
2025-05-08 01:33:13 - my_bot - INFO - Документ создан: C:\проекты\бот_квитанции\data\files\Акт_аренда_46-57_МелякинИванВладимирович_20250508.xlsx - [generate_document.py:51]
2025-05-08 01:33:13 - my_bot - INFO - Документ записан в базу данных. ID: 104 - [generate_document.py:344]
2025-05-08 01:33:14 - my_bot - ERROR - Ошибка отправки: (1054, "Unknown column 'name' in 'field list'") - [document_handlers.py:481]
Traceback (most recent call last):
  File "c:\проекты\бот_квитанции\src\handlers\document_handlers.py", line 369, in handle_send_confirmation
    await cursor.execute("SELECT name FROM users WHERE host_id = %s", (user_id,))
  File "C:\Users\mitan\AppData\Local\Programs\Python\Python313\Lib\site-packages\aiomysql\cursors.py", line 239, in execute
    await self._query(query)
  File "C:\Users\mitan\AppData\Local\Programs\Python\Python313\Lib\site-packages\aiomysql\cursors.py", line 457, in _query
    await conn.query(q)
  File "C:\Users\mitan\AppData\Local\Programs\Python\Python313\Lib\site-packages\aiomysql\connection.py", line 469, in query
    await self._read_query_result(unbuffered=unbuffered)
  File "C:\Users\mitan\AppData\Local\Programs\Python\Python313\Lib\site-packages\aiomysql\connection.py", line 683, in _read_query_result
    await result.read()
  File "C:\Users\mitan\AppData\Local\Programs\Python\Python313\Lib\site-packages\aiomysql\connection.py", line 1164, in read
    first_packet = await self.connection._read_packet()
                   ^^^^^^^^^^^^^^^^^^^^^^^^^^^^^^^^^^^^
  File "C:\Users\mitan\AppData\Local\Programs\Python\Python313\Lib\site-packages\aiomysql\connection.py", line 652, in _read_packet
    packet.raise_for_error()
    ~~~~~~~~~~~~~~~~~~~~~~^^
  File "C:\Users\mitan\AppData\Local\Programs\Python\Python313\Lib\site-packages\pymysql\protocol.py", line 219, in raise_for_error
    err.raise_mysql_exception(self._data)
    ~~~~~~~~~~~~~~~~~~~~~~~~~^^^^^^^^^^^^
  File "C:\Users\mitan\AppData\Local\Programs\Python\Python313\Lib\site-packages\pymysql\err.py", line 150, in raise_mysql_exception
    raise errorclass(errno, errval)
pymysql.err.OperationalError: (1054, "Unknown column 'name' in 'field list'")
2025-05-08 01:37:53 - my_bot - INFO - Starting bot... - [main.py:106]
2025-05-08 01:37:53 - my_bot - INFO - Инициализация планировщика - [main.py:15]
2025-05-08 01:37:53 - my_bot - INFO - Планировщик успешно запущен - [main.py:24]
2025-05-08 01:37:54 - my_bot - WARNING - Нераспознанное сообщение от 1374296012: О-вов - [main.py:96]
2025-05-08 01:37:57 - my_bot - INFO - Пользователь 1374296012 запросил список арендаторов - [get_ten.py:65]
2025-05-08 01:37:59 - my_bot - INFO - Пользователь 1374296012 запросил список арендаторов - [get_ten.py:65]
2025-05-08 01:38:10 - my_bot - INFO - Сформировано имя файла: Акт_аренда_46-57_МелякинИванВладимирович_20250508.xlsx - [generate_document.py:319]
2025-05-08 01:38:10 - my_bot - INFO - Начало генерации документа: Акт_аренда_46-57_МелякинИванВладимирович_20250508.xlsx - [generate_document.py:31]
2025-05-08 01:38:10 - my_bot - INFO - Документ создан: C:\проекты\бот_квитанции\data\files\Акт_аренда_46-57_МелякинИванВладимирович_20250508.xlsx - [generate_document.py:51]
2025-05-08 01:38:10 - my_bot - INFO - Документ записан в базу данных. ID: 105 - [generate_document.py:344]
2025-05-08 01:38:12 - my_bot - INFO - Начало отправки email на mitanemita5@gmail.com - [email_sender.py:9]
2025-05-08 01:38:16 - my_bot - INFO - Email успешно отправлен на mitanemita5@gmail.com - [email_sender.py:28]
2025-05-08 01:49:12 - my_bot - INFO - Starting bot... - [main.py:106]
2025-05-08 01:49:12 - my_bot - INFO - Инициализация планировщика - [main.py:15]
2025-05-08 01:49:12 - my_bot - INFO - Планировщик успешно запущен - [main.py:24]
2025-05-08 01:49:19 - my_bot - INFO - Пользователь 1374296012 команда - /start - [main.py:39]
2025-05-08 12:44:26 - my_bot - INFO - Starting bot... - [main.py:106]
2025-05-08 12:44:26 - my_bot - INFO - Инициализация планировщика - [main.py:15]
2025-05-08 12:44:26 - my_bot - INFO - Планировщик успешно запущен - [main.py:24]
2025-05-08 12:45:13 - my_bot - INFO - Пользователь 1374296012 команда - /start - [main.py:39]
2025-05-08 12:46:02 - my_bot - INFO - Starting bot... - [main.py:106]
2025-05-08 12:46:02 - my_bot - INFO - Инициализация планировщика - [main.py:15]
2025-05-08 12:46:02 - my_bot - INFO - Планировщик успешно запущен - [main.py:24]
2025-05-08 13:19:17 - my_bot - INFO - Пользователь 6319536646 команда - /start - [main.py:39]
2025-05-08 13:19:17 - my_bot - INFO - User 6319536646 initiated tenant addition process - [add_user.py:80]
2025-05-08 13:22:49 - my_bot - INFO - User 6319536646 successfully added tenant: {'name': 'Владимир Владимирович Путин', 'type': 'Индивидуальный предприниматель', 'inn': '121212121212', 'recw_inf': "р/с 40702810611010583455 БИК 044525058 в Филиал 'БИЗНЕС'ПАО 'СОВКОМБАНК' к/с 30101810045250000058"} - [add_user.py:178]
2025-05-08 13:23:05 - my_bot - INFO - [6319536646] /add_tenant - Начало добавления арендатора - [add_tenant.py:15]
2025-05-08 13:27:40 - my_bot - WARNING - Нераспознанное сообщение от 1374296012: ↩️ Назад - [main.py:96]
2025-05-08 13:33:32 - my_bot - INFO - User 6319536646 requested profile - [profile.py:75]
2025-05-08 13:33:32 - my_bot - INFO - Profile displayed for user 6319536646 - [profile.py:128]
2025-05-08 13:33:41 - my_bot - INFO - User 6319536646 selected menu option: Подписка - [profile.py:137]
2025-05-08 13:33:41 - my_bot - INFO - User 6319536646 accessed subscription menu - [profile.py:147]
2025-05-08 13:45:44 - my_bot - INFO - User 6319536646 has insufficient balance (0 RUB) for subscription level 3 (1490 RUB) - [profile.py:544]
2025-05-08 13:48:09 - my_bot - INFO - User 1374296012 requested profile - [profile.py:75]
2025-05-08 13:48:09 - my_bot - INFO - Profile displayed for user 1374296012 - [profile.py:128]
2025-05-08 13:48:12 - my_bot - INFO - User 1374296012 selected menu option: Подписка - [profile.py:137]
2025-05-08 13:48:12 - my_bot - INFO - User 1374296012 accessed subscription menu - [profile.py:147]
2025-05-08 13:48:14 - my_bot - INFO - User 1374296012 has insufficient balance (0 RUB) for subscription level 3 (1490 RUB) - [profile.py:544]
2025-05-08 13:51:06 - my_bot - INFO - Starting bot... - [main.py:106]
2025-05-08 13:51:06 - my_bot - INFO - Инициализация планировщика - [main.py:15]
2025-05-08 13:51:06 - my_bot - INFO - Планировщик успешно запущен - [main.py:24]
2025-05-08 13:51:10 - my_bot - WARNING - Нераспознанное сообщение от 1374296012: ↩️ Назад - [main.py:96]
2025-05-08 13:51:11 - my_bot - INFO - User 1374296012 requested profile - [profile.py:75]
2025-05-08 13:51:11 - my_bot - INFO - Profile displayed for user 1374296012 - [profile.py:128]
2025-05-08 13:51:12 - my_bot - INFO - User 1374296012 selected menu option: Подписка - [profile.py:137]
2025-05-08 13:51:12 - my_bot - INFO - User 1374296012 accessed subscription menu - [profile.py:147]
2025-05-08 13:51:17 - my_bot - INFO - User 1374296012 initiated balance topup of 1500 RUB - [profile.py:512]
2025-05-08 13:51:26 - my_bot - INFO - Payment record saved for user 1374296012: topup of 1500 RUB - [profile.py:420]
2025-05-08 13:51:27 - my_bot - INFO - User 1374296012 successfully topped up balance by 1500 RUB - [profile.py:637]
2025-05-08 13:52:01 - my_bot - INFO - Payment record saved for user 1374296012: subscription of 1490 RUB - [profile.py:420]
2025-05-08 13:52:01 - my_bot - INFO - User 1374296012 purchased subscription level 3 for 1490 RUB and cleared documents - [profile.py:587]
2025-05-08 13:53:30 - my_bot - INFO - User 1374296012 selected menu option: ↩️ Назад - [profile.py:137]
2025-05-08 13:53:30 - my_bot - INFO - User 1374296012 returned to main menu - [profile.py:143]
2025-05-08 13:53:31 - my_bot - INFO - User 1374296012 requested profile - [profile.py:75]
2025-05-08 13:53:31 - my_bot - INFO - Profile displayed for user 1374296012 - [profile.py:128]
2025-05-08 13:53:44 - my_bot - INFO - User 1374296012 selected menu option: ↩️ Назад - [profile.py:137]
2025-05-08 13:53:44 - my_bot - INFO - User 1374296012 returned to main menu - [profile.py:143]
2025-05-08 13:57:06 - my_bot - INFO - User 1374296012 requested profile - [profile.py:75]
2025-05-08 13:57:06 - my_bot - INFO - Profile displayed for user 1374296012 - [profile.py:128]
2025-05-08 13:57:08 - my_bot - INFO - User 1374296012 selected menu option: ↩️ Назад - [profile.py:137]
2025-05-08 13:57:08 - my_bot - INFO - User 1374296012 returned to main menu - [profile.py:143]
2025-05-08 14:07:37 - my_bot - INFO - User 1374296012 requested profile - [profile.py:75]
2025-05-08 14:07:37 - my_bot - INFO - Profile displayed for user 1374296012 - [profile.py:128]
2025-05-08 14:16:05 - my_bot - INFO - Starting bot... - [main.py:165]
2025-05-08 14:16:05 - my_bot - INFO - Инициализация планировщика - [main.py:15]
2025-05-08 14:16:05 - my_bot - INFO - Планировщик успешно запущен - [main.py:24]
2025-05-08 14:16:47 - my_bot - WARNING - Нераспознанное сообщение от 1374296012: ↩️ Назад - [main.py:155]
2025-05-08 14:41:48 - my_bot - INFO - User 1374296012 requested profile - [profile.py:75]
2025-05-08 14:41:48 - my_bot - INFO - Profile displayed for user 1374296012 - [profile.py:128]
2025-05-08 14:41:50 - my_bot - INFO - User 1374296012 selected menu option: Подписка - [profile.py:137]
2025-05-08 14:41:50 - my_bot - INFO - User 1374296012 accessed subscription menu - [profile.py:147]
2025-05-08 14:41:58 - my_bot - INFO - User 1374296012 cancelled subscription selection - [profile.py:609]
2025-05-08 14:42:00 - my_bot - INFO - User 1374296012 requested profile - [profile.py:75]
2025-05-08 14:42:00 - my_bot - INFO - Profile displayed for user 1374296012 - [profile.py:128]
2025-05-08 14:42:06 - my_bot - INFO - User 1374296012 selected menu option: ↩️ Назад - [profile.py:137]
2025-05-08 14:42:06 - my_bot - INFO - User 1374296012 returned to main menu - [profile.py:143]
2025-05-09 00:00:00 - my_bot - INFO - Запуск задания по сбросу подписок - [database.py:23]
2025-05-09 00:00:00 - my_bot - ERROR - 🔥 Ошибка при сбросе: Traceback (most recent call last):
  File "c:\проекты\бот_квитанции\src\utils\database.py", line 32, in reset_expired_subscriptions
    await cursor.execute(
    ...<3 lines>...
    )
  File "C:\Users\mitan\AppData\Local\Programs\Python\Python313\Lib\site-packages\aiomysql\cursors.py", line 239, in execute
    await self._query(query)
  File "C:\Users\mitan\AppData\Local\Programs\Python\Python313\Lib\site-packages\aiomysql\cursors.py", line 457, in _query
    await conn.query(q)
  File "C:\Users\mitan\AppData\Local\Programs\Python\Python313\Lib\site-packages\aiomysql\connection.py", line 469, in query
    await self._read_query_result(unbuffered=unbuffered)
  File "C:\Users\mitan\AppData\Local\Programs\Python\Python313\Lib\site-packages\aiomysql\connection.py", line 683, in _read_query_result
    await result.read()
  File "C:\Users\mitan\AppData\Local\Programs\Python\Python313\Lib\site-packages\aiomysql\connection.py", line 1164, in read
    first_packet = await self.connection._read_packet()
                   ^^^^^^^^^^^^^^^^^^^^^^^^^^^^^^^^^^^^
  File "C:\Users\mitan\AppData\Local\Programs\Python\Python313\Lib\site-packages\aiomysql\connection.py", line 652, in _read_packet
    packet.raise_for_error()
    ~~~~~~~~~~~~~~~~~~~~~~^^
  File "C:\Users\mitan\AppData\Local\Programs\Python\Python313\Lib\site-packages\pymysql\protocol.py", line 219, in raise_for_error
    err.raise_mysql_exception(self._data)
    ~~~~~~~~~~~~~~~~~~~~~~~~~^^^^^^^^^^^^
  File "C:\Users\mitan\AppData\Local\Programs\Python\Python313\Lib\site-packages\pymysql\err.py", line 150, in raise_mysql_exception
    raise errorclass(errno, errval)
pymysql.err.ProgrammingError: (1146, "Table 'kwit_bot.users_info' doesn't exist")
 - [database.py:41]
2025-05-09 08:26:40 - my_bot - INFO - Пользователь 5394385858 команда - /start - [main.py:94]
2025-05-09 08:26:41 - my_bot - INFO - User 5394385858 initiated tenant addition process - [add_user.py:80]
2025-05-09 19:51:19 - my_bot - INFO - User 1374296012 requested profile - [profile.py:75]
2025-05-09 19:51:20 - my_bot - INFO - Profile displayed for user 1374296012 - [profile.py:128]
2025-05-09 19:51:24 - my_bot - INFO - User 1374296012 selected menu option: ↩️ Назад - [profile.py:137]
2025-05-09 19:51:24 - my_bot - INFO - User 1374296012 returned to main menu - [profile.py:143]
2025-05-09 19:51:26 - my_bot - INFO - Пользователь 1374296012 запросил список арендаторов - [get_ten.py:65]
2025-05-09 19:51:28 - my_bot - INFO - Пользователь 1374296012 команда - /start - [main.py:94]
2025-05-09 20:36:05 - my_bot - INFO - User 1374296012 requested profile - [profile.py:75]
2025-05-09 20:36:05 - my_bot - INFO - Profile displayed for user 1374296012 - [profile.py:128]
2025-05-09 20:36:15 - my_bot - INFO - User 1374296012 selected menu option: Подписка - [profile.py:137]
2025-05-09 20:36:15 - my_bot - INFO - User 1374296012 accessed subscription menu - [profile.py:147]
2025-05-09 20:36:22 - my_bot - INFO - User 1374296012 initiated balance topup of 1000 RUB - [profile.py:512]
2025-05-09 20:36:32 - my_bot - INFO - Payment record saved for user 1374296012: topup of 1000 RUB - [profile.py:420]
2025-05-09 20:36:32 - my_bot - INFO - User 1374296012 successfully topped up balance by 1000 RUB - [profile.py:637]
2025-05-09 20:36:38 - my_bot - INFO - Payment record saved for user 1374296012: subscription of 990 RUB - [profile.py:420]
2025-05-09 20:36:38 - my_bot - INFO - User 1374296012 purchased subscription level 2 for 990 RUB and cleared documents - [profile.py:587]
2025-05-09 20:36:42 - my_bot - INFO - User 1374296012 selected menu option: ↩️ Назад - [profile.py:137]
2025-05-09 20:36:42 - my_bot - INFO - User 1374296012 returned to main menu - [profile.py:143]
2025-05-09 20:37:17 - my_bot - INFO - Пользователь 1374296012 запросил список арендаторов - [get_ten.py:65]
2025-05-09 20:37:24 - my_bot - INFO - Пользователь 1374296012 запросил список арендаторов - [get_ten.py:65]
2025-05-09 20:37:34 - my_bot - INFO - Сформировано имя файла: Акт_аренда_46-57_МелякинИванВладимирович_20250509.xlsx - [generate_document.py:319]
2025-05-09 20:37:34 - my_bot - INFO - Начало генерации документа: Акт_аренда_46-57_МелякинИванВладимирович_20250509.xlsx - [generate_document.py:31]
2025-05-09 20:37:34 - my_bot - INFO - Документ создан: C:\проекты\бот_квитанции\data\files\Акт_аренда_46-57_МелякинИванВладимирович_20250509.xlsx - [generate_document.py:51]
2025-05-09 20:37:34 - my_bot - INFO - Документ записан в базу данных. ID: 106 - [generate_document.py:344]
2025-05-09 20:37:50 - my_bot - INFO - Начало отправки email на mitanemita5@gmail.com - [email_sender.py:9]
2025-05-09 20:37:53 - my_bot - INFO - Email успешно отправлен на mitanemita5@gmail.com - [email_sender.py:28]
2025-05-10 00:00:00 - my_bot - INFO - Запуск задания по сбросу подписок - [database.py:23]
2025-05-10 00:00:00 - my_bot - ERROR - 🔥 Ошибка при сбросе: Traceback (most recent call last):
  File "c:\проекты\бот_квитанции\src\utils\database.py", line 32, in reset_expired_subscriptions
    await cursor.execute(
    ...<3 lines>...
    )
  File "C:\Users\mitan\AppData\Local\Programs\Python\Python313\Lib\site-packages\aiomysql\cursors.py", line 239, in execute
    await self._query(query)
  File "C:\Users\mitan\AppData\Local\Programs\Python\Python313\Lib\site-packages\aiomysql\cursors.py", line 457, in _query
    await conn.query(q)
  File "C:\Users\mitan\AppData\Local\Programs\Python\Python313\Lib\site-packages\aiomysql\connection.py", line 469, in query
    await self._read_query_result(unbuffered=unbuffered)
  File "C:\Users\mitan\AppData\Local\Programs\Python\Python313\Lib\site-packages\aiomysql\connection.py", line 683, in _read_query_result
    await result.read()
  File "C:\Users\mitan\AppData\Local\Programs\Python\Python313\Lib\site-packages\aiomysql\connection.py", line 1164, in read
    first_packet = await self.connection._read_packet()
                   ^^^^^^^^^^^^^^^^^^^^^^^^^^^^^^^^^^^^
  File "C:\Users\mitan\AppData\Local\Programs\Python\Python313\Lib\site-packages\aiomysql\connection.py", line 652, in _read_packet
    packet.raise_for_error()
    ~~~~~~~~~~~~~~~~~~~~~~^^
  File "C:\Users\mitan\AppData\Local\Programs\Python\Python313\Lib\site-packages\pymysql\protocol.py", line 219, in raise_for_error
    err.raise_mysql_exception(self._data)
    ~~~~~~~~~~~~~~~~~~~~~~~~~^^^^^^^^^^^^
  File "C:\Users\mitan\AppData\Local\Programs\Python\Python313\Lib\site-packages\pymysql\err.py", line 150, in raise_mysql_exception
    raise errorclass(errno, errval)
pymysql.err.ProgrammingError: (1146, "Table 'kwit_bot.users_info' doesn't exist")
 - [database.py:41]
2025-05-10 13:20:42 - my_bot - INFO - Starting bot... - [main.py:165]
2025-05-10 13:20:42 - my_bot - INFO - Инициализация планировщика - [main.py:15]
2025-05-10 13:20:42 - my_bot - INFO - Планировщик успешно запущен - [main.py:24]
2025-05-11 00:00:00 - my_bot - INFO - Запуск задания по сбросу подписок - [database.py:23]
2025-05-11 00:00:00 - my_bot - INFO - ✅ Обновлено записей: 0 - [database.py:38]
2025-05-12 00:00:00 - my_bot - INFO - Запуск задания по сбросу подписок - [database.py:23]
2025-05-12 00:00:00 - my_bot - INFO - ✅ Обновлено записей: 0 - [database.py:38]
2025-05-19 16:46:46 - my_bot - INFO - Starting bot... - [main.py:165]
2025-05-19 16:46:46 - my_bot - INFO - Инициализация планировщика - [main.py:15]
2025-05-19 16:46:46 - my_bot - INFO - Планировщик успешно запущен - [main.py:24]
2025-05-19 16:46:55 - my_bot - INFO - User 1374296012 requested profile - [profile.py:75]
2025-05-19 16:46:56 - my_bot - INFO - Profile displayed for user 1374296012 - [profile.py:128]
2025-05-19 16:47:12 - my_bot - INFO - User 1374296012 selected menu option: Подписка - [profile.py:137]
2025-05-19 16:47:12 - my_bot - INFO - User 1374296012 accessed subscription menu - [profile.py:147]
2025-05-19 16:48:16 - my_bot - INFO - Starting bot... - [main.py:165]
2025-05-19 16:48:16 - my_bot - INFO - Инициализация планировщика - [main.py:15]
2025-05-19 16:48:16 - my_bot - INFO - Планировщик успешно запущен - [main.py:24]
2025-05-19 16:48:51 - my_bot - WARNING - Нераспознанное сообщение от 1374296012: ↩️ Назад - [main.py:155]
2025-05-19 16:48:55 - my_bot - INFO - User 1374296012 requested profile - [profile.py:75]
2025-05-19 16:48:55 - my_bot - INFO - Profile displayed for user 1374296012 - [profile.py:128]
2025-05-19 16:48:56 - my_bot - INFO - User 1374296012 selected menu option: Подписка - [profile.py:137]
2025-05-19 16:48:56 - my_bot - INFO - User 1374296012 accessed subscription menu - [profile.py:147]
2025-05-19 16:49:01 - my_bot - INFO - User 1374296012 initiated balance topup of 10000 RUB - [profile.py:512]
2025-05-19 16:49:11 - my_bot - INFO - Payment record saved for user 1374296012: topup of 10000 RUB - [profile.py:420]
2025-05-19 16:49:11 - my_bot - INFO - User 1374296012 successfully topped up balance by 10000 RUB - [profile.py:637]
2025-05-19 16:49:15 - my_bot - INFO - Payment record saved for user 1374296012: subscription of 1490 RUB - [profile.py:420]
2025-05-19 16:49:15 - my_bot - INFO - User 1374296012 purchased subscription level 3 for 1490 RUB and cleared documents - [profile.py:587]
2025-05-19 16:49:18 - my_bot - INFO - User 1374296012 selected menu option: ↩️ Назад - [profile.py:137]
2025-05-19 16:49:18 - my_bot - INFO - User 1374296012 returned to main menu - [profile.py:143]
2025-05-19 16:49:20 - my_bot - INFO - User 1374296012 requested profile - [profile.py:75]
2025-05-19 16:49:20 - my_bot - INFO - Profile displayed for user 1374296012 - [profile.py:128]
2025-05-19 16:49:33 - my_bot - INFO - User 1374296012 selected menu option: ↩️ Назад - [profile.py:137]
2025-05-19 16:49:34 - my_bot - INFO - User 1374296012 returned to main menu - [profile.py:143]
2025-05-19 16:49:44 - my_bot - INFO - User 1374296012 requested profile - [profile.py:75]
2025-05-19 16:49:44 - my_bot - INFO - Profile displayed for user 1374296012 - [profile.py:128]
2025-05-19 16:49:46 - my_bot - INFO - User 1374296012 selected menu option: Подписка - [profile.py:137]
2025-05-19 16:49:46 - my_bot - INFO - User 1374296012 accessed subscription menu - [profile.py:147]
2025-05-19 16:49:50 - my_bot - INFO - Payment record saved for user 1374296012: subscription of 1490 RUB - [profile.py:420]
2025-05-19 16:49:50 - my_bot - INFO - User 1374296012 purchased subscription level 3 for 1490 RUB and cleared documents - [profile.py:587]
2025-05-19 16:49:52 - my_bot - INFO - User 1374296012 selected menu option: ↩️ Назад - [profile.py:137]
2025-05-19 16:49:52 - my_bot - INFO - User 1374296012 returned to main menu - [profile.py:143]
2025-05-19 16:50:04 - my_bot - INFO - User 1374296012 requested profile - [profile.py:75]
2025-05-19 16:50:04 - my_bot - INFO - Profile displayed for user 1374296012 - [profile.py:128]
2025-05-19 18:11:28 - my_bot - INFO - Пользователь 651116138 команда - /start - [main.py:94]
2025-05-19 18:11:29 - my_bot - INFO - User 651116138 initiated tenant addition process - [add_user.py:80]
2025-05-19 18:12:17 - my_bot - INFO - User 651116138 successfully added tenant: {'name': 'Дубровский Алексей Павлович', 'type': 'Индивидуальный предприниматель', 'inn': '1234567890', 'recw_inf': "р/с 40702810611010583455 БИК 044525058 в Филиал 'БИЗНЕС'ПАО 'СОВКОМБАНК' к/с 30101810045250000058"} - [add_user.py:178]
2025-05-19 18:12:24 - my_bot - INFO - User 651116138 requested profile - [profile.py:75]
2025-05-19 18:12:24 - my_bot - INFO - Profile displayed for user 651116138 - [profile.py:128]
2025-05-19 18:12:32 - my_bot - INFO - User 651116138 selected menu option: Подписка - [profile.py:137]
2025-05-19 18:12:32 - my_bot - INFO - User 651116138 accessed subscription menu - [profile.py:147]
2025-05-19 18:12:40 - my_bot - INFO - User 651116138 initiated balance topup of 10000 RUB - [profile.py:512]
2025-05-19 18:14:14 - my_bot - INFO - Payment record saved for user 651116138: topup of 10000 RUB - [profile.py:420]
2025-05-19 18:14:14 - my_bot - INFO - User 651116138 successfully topped up balance by 10000 RUB - [profile.py:637]
2025-05-19 18:14:20 - my_bot - INFO - Payment record saved for user 651116138: subscription of 1490 RUB - [profile.py:420]
2025-05-19 18:14:20 - my_bot - INFO - User 651116138 purchased subscription level 3 for 1490 RUB and cleared documents - [profile.py:587]
2025-05-19 18:14:23 - my_bot - INFO - User 651116138 selected menu option: ↩️ Назад - [profile.py:137]
2025-05-19 18:14:23 - my_bot - INFO - User 651116138 returned to main menu - [profile.py:143]
2025-05-19 18:14:45 - my_bot - INFO - User 651116138 requested profile - [profile.py:75]
2025-05-19 18:14:45 - my_bot - INFO - Profile displayed for user 651116138 - [profile.py:128]
2025-05-19 18:14:48 - my_bot - INFO - User 651116138 selected menu option: Фото подписи - [profile.py:137]
2025-05-19 18:14:48 - my_bot - INFO - User 651116138 entered photo signature section - [profile.py:190]
2025-05-19 18:14:50 - my_bot - INFO - User 651116138 returned from photo signature section - [profile.py:369]
2025-05-19 18:14:50 - my_bot - INFO - User 651116138 requested profile - [profile.py:75]
2025-05-19 18:14:50 - my_bot - INFO - Profile displayed for user 651116138 - [profile.py:128]
2025-05-19 18:14:50 - my_bot - INFO - User 651116138 selected menu option: ↩️ Назад - [profile.py:137]
2025-05-19 18:14:51 - my_bot - INFO - User 651116138 returned to main menu - [profile.py:143]
2025-05-19 18:15:00 - my_bot - INFO - [651116138] /add_tenant - Начало добавления арендатора - [add_tenant.py:15]
2025-05-19 18:16:19 - my_bot - INFO - Пользователь 651116138 запросил список арендаторов - [get_ten.py:65]
2025-05-19 18:16:21 - my_bot - INFO - Пользователь 651116138 запросил список арендаторов - [get_ten.py:65]
2025-05-19 18:16:54 - my_bot - INFO - Сформировано имя файла: Акт_аренда_123-23_МелякинИванВладимирович_20250519.xlsx - [generate_document.py:319]
2025-05-19 18:16:54 - my_bot - INFO - Начало генерации документа: Акт_аренда_123-23_МелякинИванВладимирович_20250519.xlsx - [generate_document.py:31]
2025-05-19 18:16:54 - my_bot - INFO - Документ создан: C:\проекты\бот_квитанции\data\files\Акт_аренда_123-23_МелякинИванВладимирович_20250519.xlsx - [generate_document.py:51]
2025-05-19 18:16:54 - my_bot - INFO - Документ записан в базу данных. ID: 107 - [generate_document.py:344]
2025-05-19 18:18:57 - my_bot - INFO - Пользователь 651116138 запросил список арендаторов - [get_ten.py:65]
2025-05-19 18:18:59 - my_bot - INFO - Пользователь 651116138 команда - /start - [main.py:94]
2025-05-19 18:19:02 - my_bot - INFO - Пользователь 651116138 запросил список арендаторов - [get_ten.py:65]
2025-05-19 18:19:06 - my_bot - INFO - Пользователь 651116138 команда - /start - [main.py:94]
2025-05-19 18:19:11 - my_bot - INFO - Пользователь 651116138 команда - /start - [main.py:94]
2025-05-19 18:19:15 - my_bot - INFO - User 651116138 requested profile - [profile.py:75]
2025-05-19 18:19:15 - my_bot - INFO - Profile displayed for user 651116138 - [profile.py:128]
2025-05-19 18:19:18 - my_bot - INFO - User 651116138 selected menu option: Изменить - [profile.py:137]
2025-05-19 18:19:18 - my_bot - INFO - User 651116138 entered edit menu - [profile.py:196]
2025-05-19 18:19:23 - my_bot - INFO - User 651116138 returned from edit menu - [profile.py:227]
2025-05-19 18:19:23 - my_bot - INFO - User 651116138 requested profile - [profile.py:75]
2025-05-19 18:19:23 - my_bot - INFO - Profile displayed for user 651116138 - [profile.py:128]
2025-05-19 18:19:25 - my_bot - INFO - User 651116138 selected menu option: ↩️ Назад - [profile.py:137]
2025-05-19 18:19:26 - my_bot - INFO - User 651116138 returned to main menu - [profile.py:143]
2025-05-19 18:19:32 - my_bot - INFO - Пользователь 651116138 запросил список арендаторов - [get_ten.py:65]
2025-05-19 18:19:35 - my_bot - INFO - Пользователь начал массовую рассылку - [mass_otr.py:100]
2025-05-19 18:20:01 - my_bot - INFO - Пользователь 651116138 запросил список арендаторов - [get_ten.py:65]
2025-05-19 18:20:02 - my_bot - INFO - Пользователь 651116138 запросил список арендаторов - [get_ten.py:65]
2025-05-19 18:20:16 - my_bot - INFO - Сформировано имя файла: Счет_за_аренду_123-23_МелякинИванВладимирович_20250519.xlsx - [generate_document.py:319]
2025-05-19 18:20:16 - my_bot - INFO - Начало генерации документа: Счет_за_аренду_123-23_МелякинИванВладимирович_20250519.xlsx - [generate_document.py:31]
2025-05-19 18:20:16 - my_bot - INFO - Документ создан: C:\проекты\бот_квитанции\data\files\Счет_за_аренду_123-23_МелякинИванВладимирович_20250519.xlsx - [generate_document.py:51]
2025-05-19 18:20:16 - my_bot - INFO - Документ записан в базу данных. ID: 108 - [generate_document.py:344]
2025-05-19 18:20:22 - my_bot - INFO - Пользователь 651116138 запросил список арендаторов - [get_ten.py:65]
2025-05-19 18:20:26 - my_bot - INFO - Пользователь начал массовую рассылку - [mass_otr.py:100]
2025-05-19 18:20:33 - my_bot - INFO - Выбраны арендаторы: [23] - [mass_otr.py:115]
2025-05-19 18:20:42 - my_bot - INFO - Генерация документа для №1 (23)... - [mass_otr.py:349]
2025-05-19 18:20:42 - my_bot - INFO - Сформировано имя файла: Акт_аренда_123-23_МелякинИванВладимирович_20250519.xlsx - [generate_document.py:319]
2025-05-19 18:20:42 - my_bot - INFO - Начало генерации документа: Акт_аренда_123-23_МелякинИванВладимирович_20250519.xlsx - [generate_document.py:31]
2025-05-19 18:20:42 - my_bot - INFO - Документ создан: C:\проекты\бот_квитанции\data\files\Акт_аренда_123-23_МелякинИванВладимирович_20250519.xlsx - [generate_document.py:51]
2025-05-19 18:20:42 - my_bot - INFO - Документ записан в базу данных. ID: 109 - [generate_document.py:344]
2025-05-19 18:23:58 - my_bot - INFO - Пользователь 651116138 запросил список арендаторов - [get_ten.py:65]
2025-05-19 18:24:00 - my_bot - INFO - Пользователь начал массовую рассылку - [mass_otr.py:100]
2025-05-21 14:57:51 - my_bot - INFO - Starting bot... - [main.py:165]
2025-05-21 14:57:51 - my_bot - INFO - Инициализация планировщика - [main.py:15]
2025-05-21 14:57:51 - my_bot - INFO - Планировщик успешно запущен - [main.py:24]
2025-05-21 14:57:51 - my_bot - INFO - User 651116138 requested profile - [profile.py:75]
2025-05-21 14:57:51 - my_bot - INFO - User 651116138 requested profile - [profile.py:75]
2025-05-21 14:57:51 - my_bot - INFO - User 651116138 requested profile - [profile.py:75]
2025-05-21 14:57:51 - my_bot - INFO - Пользователь 651116138 команда - /start - [main.py:94]
2025-05-21 14:57:51 - my_bot - INFO - Пользователь 651116138 команда - /start - [main.py:94]
2025-05-21 14:57:51 - my_bot - INFO - [651116138] /add_tenant - Начало добавления арендатора - [add_tenant.py:15]
2025-05-21 14:57:51 - my_bot - INFO - [651116138] /add_tenant - Начало добавления арендатора - [add_tenant.py:15]
2025-05-21 14:57:51 - my_bot - INFO - Пользователь 651116138 запросил список арендаторов - [get_ten.py:65]
2025-05-21 14:57:51 - my_bot - INFO - [651116138] /add_tenant - Начало добавления арендатора - [add_tenant.py:15]
2025-05-21 14:57:51 - my_bot - WARNING - Нераспознанное сообщение от 651116138: 🤪 - [main.py:155]
2025-05-21 14:57:51 - my_bot - WARNING - Нераспознанное сообщение от 651116138: орроророро - [main.py:155]
2025-05-21 14:57:51 - my_bot - WARNING - Нераспознанное сообщение от 651116138: 1 - [main.py:155]
2025-05-21 14:57:51 - my_bot - INFO - Profile displayed for user 651116138 - [profile.py:128]
2025-05-21 14:57:51 - my_bot - INFO - Profile displayed for user 651116138 - [profile.py:128]
2025-05-21 14:57:52 - my_bot - INFO - Profile displayed for user 651116138 - [profile.py:128]
2025-05-21 14:58:41 - my_bot - WARNING - Нераспознанное сообщение от 1374296012: ↩️ Назад - [main.py:155]
2025-05-21 15:07:26 - my_bot - INFO - Пользователь 651116138 запросил список арендаторов - [get_ten.py:65]
2025-05-21 15:09:51 - my_bot - INFO - Tenant 23 updated by user 651116138, field: email - [edit_handlers.py:72]
2025-05-21 15:10:01 - my_bot - WARNING - Validation failed for user 651116138, input: Индивидуальный предприниматель - [edit_handlers.py:66]
2025-05-21 15:10:01 - my_bot - WARNING - Invalid input from user 651116138: Индивидуальный предприниматель - [edit_handlers.py:80]
2025-05-21 15:10:16 - my_bot - WARNING - Validation failed for user 651116138, input: Индивидуальный предприниматель - [edit_handlers.py:66]
2025-05-21 15:10:16 - my_bot - WARNING - Invalid input from user 651116138: Индивидуальный предприниматель - [edit_handlers.py:80]
2025-05-21 15:10:47 - my_bot - WARNING - Validation failed for user 651116138, input: Индивидуальный предприниматель - [edit_handlers.py:66]
2025-05-21 15:10:47 - my_bot - WARNING - Invalid input from user 651116138: Индивидуальный предприниматель - [edit_handlers.py:80]
2025-05-21 15:11:14 - my_bot - WARNING - Validation failed for user 651116138, input: Мелякин ИП - [edit_handlers.py:66]
2025-05-21 15:11:14 - my_bot - WARNING - Invalid input from user 651116138: Мелякин ИП - [edit_handlers.py:80]
2025-05-21 15:11:18 - my_bot - INFO - Tenant 23 updated by user 651116138, field: type - [edit_handlers.py:72]
2025-05-21 15:11:26 - my_bot - WARNING - Validation failed for user 651116138, input: Индивидуальный предприниматель - [edit_handlers.py:66]
2025-05-21 15:11:26 - my_bot - WARNING - Invalid input from user 651116138: Индивидуальный предприниматель - [edit_handlers.py:80]
2025-05-21 15:11:32 - my_bot - INFO - Tenant 23 updated by user 651116138, field: type - [edit_handlers.py:72]
2025-05-21 15:11:37 - my_bot - INFO - Пользователь 651116138 запросил список арендаторов - [get_ten.py:65]
2025-05-21 15:11:43 - my_bot - INFO - Пользователь 651116138 запросил список арендаторов - [get_ten.py:65]
2025-05-21 15:11:56 - my_bot - WARNING - Validation failed for user 651116138, input: Индивидуальный предприниматель - [edit_handlers.py:66]
2025-05-21 15:11:56 - my_bot - WARNING - Invalid input from user 651116138: Индивидуальный предприниматель - [edit_handlers.py:80]
2025-05-21 15:12:20 - my_bot - INFO - Tenant 23 updated by user 651116138, field: type - [edit_handlers.py:72]
2025-05-21 15:12:52 - my_bot - INFO - Сформировано имя файла: Счет_за_аренду_123-23_МелякинИванВладимирович_20250521.xlsx - [generate_document.py:319]
2025-05-21 15:12:52 - my_bot - INFO - Начало генерации документа: Счет_за_аренду_123-23_МелякинИванВладимирович_20250521.xlsx - [generate_document.py:31]
2025-05-21 15:12:52 - my_bot - INFO - Документ создан: C:\проекты\бот_квитанции\data\files\Счет_за_аренду_123-23_МелякинИванВладимирович_20250521.xlsx - [generate_document.py:51]
2025-05-21 15:12:52 - my_bot - INFO - Документ записан в базу данных. ID: 110 - [generate_document.py:344]
2025-05-21 15:15:16 - my_bot - INFO - Tenant 23 updated by user 651116138, field: name - [edit_handlers.py:72]
2025-05-21 15:16:01 - my_bot - INFO - Tenant 23 updated by user 651116138, field: name - [edit_handlers.py:72]
2025-05-21 15:16:13 - my_bot - INFO - Пользователь 651116138 запросил список арендаторов - [get_ten.py:65]
2025-05-21 15:16:26 - my_bot - INFO - Пользователь 651116138 команда - /start - [main.py:94]
2025-05-21 15:16:30 - my_bot - INFO - [651116138] /add_tenant - Начало добавления арендатора - [add_tenant.py:15]
2025-05-21 15:20:28 - my_bot - ERROR - [651116138] Ошибка добавления: (1406, "Data too long for column 'inn' at row 1") - [add_tenant.py:224]
2025-05-21 15:22:08 - my_bot - INFO - Пользователь 651116138 команда - /start - [main.py:94]
2025-05-21 15:23:13 - my_bot - INFO - Пользователь 651116138 запросил список арендаторов - [get_ten.py:65]
2025-05-21 15:23:20 - my_bot - INFO - Пользователь 651116138 команда - /start - [main.py:94]
2025-05-21 15:23:24 - my_bot - INFO - Пользователь 651116138 запросил список арендаторов - [get_ten.py:65]
2025-05-21 15:23:26 - my_bot - INFO - Пользователь 651116138 команда - /start - [main.py:94]
2025-05-21 15:23:33 - my_bot - INFO - Пользователь 651116138 запросил список арендаторов - [get_ten.py:65]
2025-05-21 15:28:30 - my_bot - INFO - Tenant 23 updated by user 651116138, field: name - [edit_handlers.py:72]
2025-05-21 15:29:17 - my_bot - INFO - Tenant 23 updated by user 651116138, field: rent_amount - [edit_handlers.py:72]
2025-05-21 15:37:23 - my_bot - INFO - Tenant 23 updated by user 651116138, field: inn - [edit_handlers.py:72]
2025-05-21 15:38:31 - my_bot - INFO - Tenant 23 updated by user 651116138, field: dog_num - [edit_handlers.py:72]
2025-05-21 15:38:54 - my_bot - INFO - Tenant 23 updated by user 651116138, field: dog_dat - [edit_handlers.py:72]
2025-05-21 15:39:41 - my_bot - INFO - Tenant 23 updated by user 651116138, field: recw_inf - [edit_handlers.py:72]
2025-05-21 15:40:34 - my_bot - INFO - Tenant 23 updated by user 651116138, field: email - [edit_handlers.py:72]
2025-05-21 15:40:46 - my_bot - INFO - Сформировано имя файла: Акт_аренда_№ 68-2025_ОООЯгуар_20250521.xlsx - [generate_document.py:319]
2025-05-21 15:40:46 - my_bot - INFO - Начало генерации документа: Акт_аренда_№ 68-2025_ОООЯгуар_20250521.xlsx - [generate_document.py:31]
2025-05-21 15:40:46 - my_bot - INFO - Документ создан: C:\проекты\бот_квитанции\data\files\Акт_аренда_№ 68-2025_ОООЯгуар_20250521.xlsx - [generate_document.py:51]
2025-05-21 15:40:46 - my_bot - INFO - Документ записан в базу данных. ID: 111 - [generate_document.py:344]
2025-05-21 15:47:37 - my_bot - INFO - Пользователь 651116138 запросил список арендаторов - [get_ten.py:65]
2025-05-21 15:47:48 - my_bot - INFO - Пользователь 651116138 запросил список арендаторов - [get_ten.py:65]
2025-05-21 15:48:59 - my_bot - INFO - Сформировано имя файла: Счет_за_аренду_№ 68-2025_ОООЯгуар_20250521.xlsx - [generate_document.py:319]
2025-05-21 15:48:59 - my_bot - INFO - Начало генерации документа: Счет_за_аренду_№ 68-2025_ОООЯгуар_20250521.xlsx - [generate_document.py:31]
2025-05-21 15:48:59 - my_bot - INFO - Документ создан: C:\проекты\бот_квитанции\data\files\Счет_за_аренду_№ 68-2025_ОООЯгуар_20250521.xlsx - [generate_document.py:51]
2025-05-21 15:48:59 - my_bot - INFO - Документ записан в базу данных. ID: 112 - [generate_document.py:344]
2025-05-21 15:57:14 - my_bot - INFO - Пользователь 651116138 запросил список арендаторов - [get_ten.py:65]
2025-05-21 15:57:19 - my_bot - INFO - Пользователь 651116138 команда - /start - [main.py:94]
2025-05-21 15:57:44 - my_bot - INFO - Пользователь 651116138 команда - /start - [main.py:94]
2025-05-21 15:58:05 - my_bot - INFO - Пользователь 651116138 запросил список арендаторов - [get_ten.py:65]
2025-05-21 15:58:11 - my_bot - WARNING - Нераспознанное сообщение от 651116138: 1 - [main.py:155]
2025-05-21 15:58:32 - my_bot - WARNING - Нераспознанное сообщение от 651116138: 1 - [main.py:155]
2025-05-21 15:59:14 - my_bot - WARNING - Нераспознанное сообщение от 651116138: 1 - [main.py:155]
2025-05-21 15:59:17 - my_bot - INFO - [651116138] /add_tenant - Начало добавления арендатора - [add_tenant.py:15]
2025-05-21 16:04:34 - my_bot - INFO - User 651116138 requested profile - [profile.py:75]
2025-05-21 16:04:34 - my_bot - INFO - Profile displayed for user 651116138 - [profile.py:128]
2025-05-21 16:04:48 - my_bot - INFO - User 651116138 selected menu option: Изменить - [profile.py:137]
2025-05-21 16:04:48 - my_bot - INFO - User 651116138 entered edit menu - [profile.py:196]
2025-05-21 16:04:56 - my_bot - INFO - User 651116138 selected edit field: ИНН - [profile.py:214]
2025-05-21 16:04:56 - my_bot - INFO - User 651116138 started editing INN - [profile.py:250]
2025-05-21 16:05:15 - my_bot - INFO - User 651116138 attempting to save changes for inn - [profile.py:271]
2025-05-21 16:05:15 - my_bot - INFO - Profile updated for user 651116138 in field inn - [profile.py:285]
2025-05-21 16:05:15 - my_bot - INFO - User 651116138 requested profile - [profile.py:75]
2025-05-21 16:05:15 - my_bot - INFO - Profile displayed for user 651116138 - [profile.py:128]
2025-05-21 16:05:24 - my_bot - INFO - User 651116138 selected menu option: Изменить - [profile.py:137]
2025-05-21 16:05:24 - my_bot - INFO - User 651116138 entered edit menu - [profile.py:196]
2025-05-21 16:05:29 - my_bot - INFO - User 651116138 selected edit field: Реквизиты - [profile.py:214]
2025-05-21 16:05:29 - my_bot - INFO - User 651116138 started editing requisites - [profile.py:260]
2025-05-21 16:05:51 - my_bot - INFO - User 651116138 attempting to save changes for recw_inf - [profile.py:271]
2025-05-21 16:05:51 - my_bot - INFO - Profile updated for user 651116138 in field recw_inf - [profile.py:285]
2025-05-21 16:05:52 - my_bot - INFO - User 651116138 requested profile - [profile.py:75]
2025-05-21 16:05:52 - my_bot - INFO - Profile displayed for user 651116138 - [profile.py:128]
2025-05-21 16:06:09 - my_bot - INFO - User 651116138 selected menu option: Изменить - [profile.py:137]
2025-05-21 16:06:09 - my_bot - INFO - User 651116138 entered edit menu - [profile.py:196]
2025-05-21 16:06:20 - my_bot - INFO - User 651116138 selected edit field: Тип - [profile.py:214]
2025-05-21 16:06:20 - my_bot - INFO - User 651116138 started editing type - [profile.py:240]
2025-05-21 16:06:22 - my_bot - INFO - User 651116138 attempting to save changes for type - [profile.py:271]
2025-05-21 16:06:22 - my_bot - WARNING - Invalid format for type from user 651116138 - [profile.py:274]
2025-05-21 16:06:22 - my_bot - WARNING - Validation failed for user 651116138 input: Индивидуальный предприниматель - [profile.py:290]
2025-05-21 16:06:37 - my_bot - INFO - User 651116138 attempting to save changes for type - [profile.py:271]
2025-05-21 16:06:37 - my_bot - INFO - Profile updated for user 651116138 in field type - [profile.py:285]
2025-05-21 16:06:38 - my_bot - INFO - User 651116138 requested profile - [profile.py:75]
2025-05-21 16:06:38 - my_bot - INFO - Profile displayed for user 651116138 - [profile.py:128]
2025-05-21 16:06:45 - my_bot - INFO - User 651116138 selected menu option: Изменить - [profile.py:137]
2025-05-21 16:06:45 - my_bot - INFO - User 651116138 entered edit menu - [profile.py:196]
2025-05-21 16:06:46 - my_bot - INFO - User 651116138 selected edit field: Тип - [profile.py:214]
2025-05-21 16:06:46 - my_bot - INFO - User 651116138 started editing type - [profile.py:240]
2025-05-21 16:06:48 - my_bot - INFO - User 651116138 attempting to save changes for type - [profile.py:271]
2025-05-21 16:06:48 - my_bot - WARNING - Invalid format for type from user 651116138 - [profile.py:274]
2025-05-21 16:06:48 - my_bot - WARNING - Validation failed for user 651116138 input: Индивидуальный предприниматель - [profile.py:290]
2025-05-21 16:07:12 - my_bot - INFO - User 651116138 attempting to save changes for type - [profile.py:271]
2025-05-21 16:07:12 - my_bot - WARNING - Invalid format for type from user 651116138 - [profile.py:274]
2025-05-21 16:07:12 - my_bot - WARNING - Validation failed for user 651116138 input: Индивидуальный предприниматель - [profile.py:290]
2025-05-21 16:07:20 - my_bot - INFO - User 651116138 attempting to save changes for type - [profile.py:271]
2025-05-21 16:07:20 - my_bot - INFO - Profile updated for user 651116138 in field type - [profile.py:285]
2025-05-21 16:07:20 - my_bot - INFO - User 651116138 requested profile - [profile.py:75]
2025-05-21 16:07:20 - my_bot - INFO - Profile displayed for user 651116138 - [profile.py:128]
2025-05-21 16:07:24 - my_bot - INFO - User 651116138 selected menu option: ↩️ Назад - [profile.py:137]
2025-05-21 16:07:24 - my_bot - INFO - User 651116138 returned to main menu - [profile.py:143]
2025-05-21 16:07:31 - my_bot - INFO - Пользователь 651116138 запросил список арендаторов - [get_ten.py:65]
2025-05-21 16:07:38 - my_bot - INFO - Пользователь 651116138 запросил список арендаторов - [get_ten.py:65]
2025-05-21 16:08:00 - my_bot - INFO - Сформировано имя файла: Акт_аренда_№54-2025_МозолюкВалентинДмитриевич_20250521.xlsx - [generate_document.py:319]
2025-05-21 16:08:00 - my_bot - INFO - Начало генерации документа: Акт_аренда_№54-2025_МозолюкВалентинДмитриевич_20250521.xlsx - [generate_document.py:31]
2025-05-21 16:08:00 - my_bot - INFO - Документ создан: C:\проекты\бот_квитанции\data\files\Акт_аренда_№54-2025_МозолюкВалентинДмитриевич_20250521.xlsx - [generate_document.py:51]
2025-05-21 16:08:00 - my_bot - INFO - Документ записан в базу данных. ID: 113 - [generate_document.py:344]
2025-05-21 16:16:13 - my_bot - INFO - Сформировано имя файла: Счет_за_аренду_№54-2025_МозолюкВалентинДмитриевич_20250521.xlsx - [generate_document.py:319]
2025-05-21 16:16:13 - my_bot - INFO - Начало генерации документа: Счет_за_аренду_№54-2025_МозолюкВалентинДмитриевич_20250521.xlsx - [generate_document.py:31]
2025-05-21 16:16:13 - my_bot - INFO - Документ создан: C:\проекты\бот_квитанции\data\files\Счет_за_аренду_№54-2025_МозолюкВалентинДмитриевич_20250521.xlsx - [generate_document.py:51]
2025-05-21 16:16:13 - my_bot - INFO - Документ записан в базу данных. ID: 114 - [generate_document.py:344]
2025-05-21 16:23:03 - my_bot - INFO - Пользователь 651116138 запросил список арендаторов - [get_ten.py:65]
2025-05-21 16:23:06 - my_bot - INFO - Пользователь 651116138 команда - /start - [main.py:94]
2025-05-21 16:23:11 - my_bot - INFO - User 651116138 requested profile - [profile.py:75]
2025-05-21 16:23:11 - my_bot - INFO - Profile displayed for user 651116138 - [profile.py:128]
2025-05-21 16:23:15 - my_bot - INFO - User 651116138 selected menu option: Изменить - [profile.py:137]
2025-05-21 16:23:15 - my_bot - INFO - User 651116138 entered edit menu - [profile.py:196]
2025-05-21 16:23:17 - my_bot - INFO - User 651116138 selected edit field: Тип - [profile.py:214]
2025-05-21 16:23:17 - my_bot - INFO - User 651116138 started editing type - [profile.py:240]
2025-05-21 16:23:19 - my_bot - INFO - User 651116138 attempting to save changes for type - [profile.py:271]
2025-05-21 16:23:19 - my_bot - WARNING - Invalid format for type from user 651116138 - [profile.py:274]
2025-05-21 16:23:19 - my_bot - WARNING - Validation failed for user 651116138 input: Индивидуальный предприниматель - [profile.py:290]
2025-05-21 16:23:28 - my_bot - INFO - User 651116138 attempting to save changes for type - [profile.py:271]
2025-05-21 16:23:28 - my_bot - INFO - Profile updated for user 651116138 in field type - [profile.py:285]
2025-05-21 16:23:28 - my_bot - INFO - User 651116138 requested profile - [profile.py:75]
2025-05-21 16:23:28 - my_bot - INFO - Profile displayed for user 651116138 - [profile.py:128]
2025-05-21 16:23:35 - my_bot - INFO - User 651116138 selected menu option: Изменить - [profile.py:137]
2025-05-21 16:23:35 - my_bot - INFO - User 651116138 entered edit menu - [profile.py:196]
2025-05-21 16:23:38 - my_bot - INFO - User 651116138 selected edit field: Реквизиты - [profile.py:214]
2025-05-21 16:23:38 - my_bot - INFO - User 651116138 started editing requisites - [profile.py:260]
2025-05-21 16:24:15 - my_bot - INFO - User 651116138 attempting to save changes for recw_inf - [profile.py:271]
2025-05-21 16:24:15 - my_bot - INFO - Profile updated for user 651116138 in field recw_inf - [profile.py:285]
2025-05-21 16:24:15 - my_bot - INFO - User 651116138 requested profile - [profile.py:75]
2025-05-21 16:24:15 - my_bot - INFO - Profile displayed for user 651116138 - [profile.py:128]
2025-05-21 16:24:27 - my_bot - INFO - User 651116138 selected menu option: ↩️ Назад - [profile.py:137]
2025-05-21 16:24:28 - my_bot - INFO - User 651116138 returned to main menu - [profile.py:143]
2025-05-21 16:24:39 - my_bot - INFO - Пользователь 651116138 запросил список арендаторов - [get_ten.py:65]
2025-05-21 16:24:43 - my_bot - WARNING - Нераспознанное сообщение от 651116138: 2 - [main.py:155]
2025-05-21 16:25:12 - my_bot - INFO - Пользователь 651116138 запросил список арендаторов - [get_ten.py:65]
2025-05-21 16:31:11 - my_bot - INFO - Сформировано имя файла: Акт_ком_услуги1_№ 68-2025_ОООЯгуар_20250521.xlsx - [generate_document.py:319]
2025-05-21 16:31:11 - my_bot - INFO - Начало генерации документа: Акт_ком_услуги1_№ 68-2025_ОООЯгуар_20250521.xlsx - [generate_document.py:31]
2025-05-21 16:31:11 - my_bot - INFO - Документ создан: C:\проекты\бот_квитанции\data\files\Акт_ком_услуги1_№ 68-2025_ОООЯгуар_20250521.xlsx - [generate_document.py:51]
2025-05-21 16:31:11 - my_bot - INFO - Документ записан в базу данных. ID: 115 - [generate_document.py:344]
2025-05-21 16:31:11 - my_bot - INFO - Сформировано имя файла: Счет_за_электричество_№ 68-2025_ОООЯгуар_20250521.xlsx - [generate_document.py:319]
2025-05-21 16:31:11 - my_bot - INFO - Начало генерации документа: Счет_за_электричество_№ 68-2025_ОООЯгуар_20250521.xlsx - [generate_document.py:31]
2025-05-21 16:31:11 - my_bot - INFO - Документ создан: C:\проекты\бот_квитанции\data\files\Счет_за_электричество_№ 68-2025_ОООЯгуар_20250521.xlsx - [generate_document.py:51]
2025-05-21 16:31:11 - my_bot - INFO - Документ записан в базу данных. ID: 116 - [generate_document.py:344]
2025-05-21 17:01:02 - my_bot - INFO - Tenant 23 updated by user 651116138, field: dog_num - [edit_handlers.py:72]
2025-05-21 17:01:16 - my_bot - INFO - Пользователь 651116138 запросил список арендаторов - [get_ten.py:65]
2025-05-21 17:01:33 - my_bot - INFO - Пользователь 651116138 команда - /start - [main.py:94]
2025-05-21 17:01:35 - my_bot - INFO - [651116138] /add_tenant - Начало добавления арендатора - [add_tenant.py:15]
2025-05-21 17:05:09 - my_bot - ERROR - [651116138] Ошибка добавления: (1406, "Data too long for column 'inn' at row 1") - [add_tenant.py:224]
2025-05-21 17:05:39 - my_bot - INFO - Пользователь 651116138 команда - /start - [main.py:94]
2025-05-21 17:05:44 - my_bot - INFO - Пользователь 651116138 запросил список арендаторов - [get_ten.py:65]
2025-05-21 17:06:27 - my_bot - INFO - Пользователь 651116138 команда - /start - [main.py:94]
2025-05-21 17:06:28 - my_bot - INFO - [651116138] /add_tenant - Начало добавления арендатора - [add_tenant.py:15]
2025-05-21 17:11:11 - my_bot - INFO - Пользователь 651116138 запросил список арендаторов - [get_ten.py:65]
2025-05-21 17:11:48 - my_bot - INFO - Сформировано имя файла: Счет_за_аренду_58-2025_ИПДейнегаЛюбовьСергеевна_20250521.xlsx - [generate_document.py:319]
2025-05-21 17:11:48 - my_bot - INFO - Начало генерации документа: Счет_за_аренду_58-2025_ИПДейнегаЛюбовьСергеевна_20250521.xlsx - [generate_document.py:31]
2025-05-21 17:11:48 - my_bot - INFO - Документ создан: C:\проекты\бот_квитанции\data\files\Счет_за_аренду_58-2025_ИПДейнегаЛюбовьСергеевна_20250521.xlsx - [generate_document.py:51]
2025-05-21 17:11:48 - my_bot - INFO - Документ записан в базу данных. ID: 117 - [generate_document.py:344]
2025-05-21 17:13:05 - my_bot - INFO - Сформировано имя файла: Акт_аренда_58-2025_ИПДейнегаЛюбовьСергеевна_20250521.xlsx - [generate_document.py:319]
2025-05-21 17:13:05 - my_bot - INFO - Начало генерации документа: Акт_аренда_58-2025_ИПДейнегаЛюбовьСергеевна_20250521.xlsx - [generate_document.py:31]
2025-05-21 17:13:05 - my_bot - INFO - Документ создан: C:\проекты\бот_квитанции\data\files\Акт_аренда_58-2025_ИПДейнегаЛюбовьСергеевна_20250521.xlsx - [generate_document.py:51]
2025-05-21 17:13:05 - my_bot - INFO - Документ записан в базу данных. ID: 118 - [generate_document.py:344]
2025-05-21 17:19:22 - my_bot - INFO - Пользователь 651116138 запросил список арендаторов - [get_ten.py:65]
2025-05-21 17:19:27 - my_bot - INFO - Пользователь 651116138 команда - /start - [main.py:94]
2025-05-21 17:19:28 - my_bot - INFO - [651116138] /add_tenant - Начало добавления арендатора - [add_tenant.py:15]
2025-05-21 17:23:07 - my_bot - INFO - Пользователь 651116138 команда - /start - [main.py:94]
2025-05-21 17:23:09 - my_bot - INFO - User 651116138 requested profile - [profile.py:75]
2025-05-21 17:23:09 - my_bot - INFO - Profile displayed for user 651116138 - [profile.py:128]
2025-05-21 17:23:31 - my_bot - INFO - User 651116138 selected menu option: Изменить - [profile.py:137]
2025-05-21 17:23:32 - my_bot - INFO - User 651116138 entered edit menu - [profile.py:196]
2025-05-21 17:23:33 - my_bot - INFO - User 651116138 selected edit field: Тип - [profile.py:214]
2025-05-21 17:23:33 - my_bot - INFO - User 651116138 started editing type - [profile.py:240]
2025-05-21 17:23:38 - my_bot - INFO - User 651116138 attempting to save changes for type - [profile.py:271]
2025-05-21 17:23:38 - my_bot - WARNING - Invalid format for type from user 651116138 - [profile.py:274]
2025-05-21 17:23:38 - my_bot - WARNING - Validation failed for user 651116138 input: Индивидуальный предприниматель - [profile.py:290]
2025-05-21 17:27:23 - my_bot - INFO - User 651116138 attempting to save changes for type - [profile.py:271]
2025-05-21 17:27:23 - my_bot - INFO - Profile updated for user 651116138 in field type - [profile.py:285]
2025-05-21 17:27:24 - my_bot - INFO - User 651116138 requested profile - [profile.py:75]
2025-05-21 17:27:24 - my_bot - INFO - Profile displayed for user 651116138 - [profile.py:128]
2025-05-21 17:27:29 - my_bot - INFO - User 651116138 selected menu option: ↩️ Назад - [profile.py:137]
2025-05-21 17:27:29 - my_bot - INFO - User 651116138 returned to main menu - [profile.py:143]
2025-05-21 17:27:33 - my_bot - INFO - [651116138] /add_tenant - Начало добавления арендатора - [add_tenant.py:15]
2025-05-21 17:37:30 - my_bot - INFO - Пользователь 651116138 запросил список арендаторов - [get_ten.py:65]
2025-05-21 17:38:19 - my_bot - WARNING - Нераспознанное сообщение от 651116138: 5 - [main.py:155]
2025-05-21 17:38:31 - my_bot - WARNING - Нераспознанное сообщение от 651116138: 5 - [main.py:155]
2025-05-21 17:38:54 - my_bot - WARNING - Нераспознанное сообщение от 651116138: 5 - [main.py:155]
2025-05-21 17:39:04 - my_bot - INFO - Пользователь 651116138 запросил список арендаторов - [get_ten.py:65]
2025-05-21 17:39:09 - my_bot - WARNING - Нераспознанное сообщение от 651116138: 4 - [main.py:155]
2025-05-21 17:39:20 - my_bot - WARNING - Нераспознанное сообщение от 651116138: 3 - [main.py:155]
2025-05-21 17:39:34 - my_bot - INFO - Пользователь 651116138 запросил список арендаторов - [get_ten.py:65]
2025-05-21 17:39:37 - my_bot - INFO - Пользователь 651116138 команда - /start - [main.py:94]
2025-05-21 17:39:53 - my_bot - INFO - Пользователь 651116138 запросил список арендаторов - [get_ten.py:65]
2025-05-21 17:40:00 - my_bot - WARNING - Нераспознанное сообщение от 651116138: 5 - [main.py:155]
2025-05-21 17:40:11 - my_bot - WARNING - Нераспознанное сообщение от 651116138: 5. - [main.py:155]
2025-05-21 17:40:20 - my_bot - INFO - User 651116138 requested profile - [profile.py:75]
2025-05-21 17:40:20 - my_bot - INFO - Profile displayed for user 651116138 - [profile.py:128]
2025-05-21 17:40:27 - my_bot - INFO - User 651116138 selected menu option: ↩️ Назад - [profile.py:137]
2025-05-21 17:40:27 - my_bot - INFO - User 651116138 returned to main menu - [profile.py:143]
2025-05-21 17:40:32 - my_bot - INFO - [651116138] /add_tenant - Начало добавления арендатора - [add_tenant.py:15]
2025-05-21 17:43:07 - my_bot - INFO - Пользователь 651116138 запросил список арендаторов - [get_ten.py:65]
2025-05-21 17:43:12 - my_bot - WARNING - Нераспознанное сообщение от 651116138: 6 - [main.py:155]
2025-05-21 17:43:28 - my_bot - INFO - [651116138] /add_tenant - Начало добавления арендатора - [add_tenant.py:15]
2025-05-21 17:46:36 - my_bot - INFO - Пользователь 651116138 запросил список арендаторов - [get_ten.py:65]
2025-05-21 17:46:45 - my_bot - INFO - Пользователь 651116138 запросил список арендаторов - [get_ten.py:65]
2025-05-21 17:48:03 - my_bot - INFO - Tenant 25 updated by user 651116138, field: name - [edit_handlers.py:72]
2025-05-21 17:48:38 - my_bot - INFO - Сформировано имя файла: Счет_за_просрочку_58-2025_ДейнегаЛюбовьСергеевна_20250521.xlsx - [generate_document.py:319]
2025-05-21 17:48:38 - my_bot - INFO - Начало генерации документа: Счет_за_просрочку_58-2025_ДейнегаЛюбовьСергеевна_20250521.xlsx - [generate_document.py:31]
2025-05-21 17:48:38 - my_bot - INFO - Документ создан: C:\проекты\бот_квитанции\data\files\Счет_за_просрочку_58-2025_ДейнегаЛюбовьСергеевна_20250521.xlsx - [generate_document.py:51]
2025-05-21 17:48:38 - my_bot - INFO - Документ записан в базу данных. ID: 119 - [generate_document.py:344]
2025-05-21 17:50:07 - my_bot - INFO - Пользователь 651116138 запросил список арендаторов - [get_ten.py:65]
2025-05-21 17:50:12 - my_bot - INFO - Пользователь 651116138 команда - /start - [main.py:94]
2025-05-21 17:50:15 - my_bot - INFO - [651116138] /add_tenant - Начало добавления арендатора - [add_tenant.py:15]
2025-05-21 17:55:08 - my_bot - INFO - Пользователь 651116138 запросил список арендаторов - [get_ten.py:65]
2025-05-21 17:55:43 - my_bot - INFO - Пользователь 651116138 команда - /start - [main.py:94]
2025-05-21 17:55:44 - my_bot - INFO - [651116138] /add_tenant - Начало добавления арендатора - [add_tenant.py:15]
2025-05-21 17:57:42 - my_bot - INFO - Пользователь 651116138 запросил список арендаторов - [get_ten.py:65]
2025-05-21 17:57:49 - my_bot - INFO - Пользователь 651116138 команда - /start - [main.py:94]
2025-05-21 17:57:51 - my_bot - INFO - [651116138] /add_tenant - Начало добавления арендатора - [add_tenant.py:15]
2025-05-21 18:00:12 - my_bot - INFO - Пользователь 651116138 запросил список арендаторов - [get_ten.py:65]
2025-05-22 09:41:03 - my_bot - INFO - Starting bot... - [main.py:165]
2025-05-22 09:41:03 - my_bot - INFO - Инициализация планировщика - [main.py:15]
2025-05-22 09:41:03 - my_bot - INFO - Планировщик успешно запущен - [main.py:24]
2025-05-22 10:44:55 - my_bot - INFO - User 1374296012 requested profile - [profile.py:75]
2025-05-22 10:44:56 - my_bot - INFO - Profile displayed for user 1374296012 - [profile.py:128]
2025-05-22 10:44:59 - my_bot - INFO - User 1374296012 selected menu option: Изменить - [profile.py:137]
2025-05-22 10:44:59 - my_bot - INFO - User 1374296012 entered edit menu - [profile.py:196]
2025-05-22 10:45:03 - my_bot - INFO - User 1374296012 selected edit field: Тип - [profile.py:214]
2025-05-22 10:45:03 - my_bot - INFO - User 1374296012 started editing type - [profile.py:240]
2025-05-22 10:45:04 - my_bot - INFO - User 1374296012 attempting to save changes for type - [profile.py:271]
2025-05-22 10:45:04 - my_bot - WARNING - Invalid format for type from user 1374296012 - [profile.py:274]
2025-05-22 10:45:04 - my_bot - WARNING - Validation failed for user 1374296012 input: Индивидуальный предприниматель - [profile.py:290]
2025-05-22 10:45:09 - my_bot - INFO - User 1374296012 attempting to save changes for type - [profile.py:271]
2025-05-22 10:45:09 - my_bot - INFO - Profile updated for user 1374296012 in field type - [profile.py:285]
2025-05-22 10:45:09 - my_bot - INFO - User 1374296012 requested profile - [profile.py:75]
2025-05-22 10:45:09 - my_bot - INFO - Profile displayed for user 1374296012 - [profile.py:128]
2025-05-22 14:27:53 - my_bot - INFO - User 1374296012 selected menu option: ↩️ Назад - [profile.py:137]
2025-05-22 14:27:53 - my_bot - INFO - User 1374296012 returned to main menu - [profile.py:143]
2025-05-22 14:27:55 - my_bot - INFO - Пользователь 1374296012 запросил список арендаторов - [get_ten.py:65]
2025-05-22 14:27:58 - my_bot - INFO - Пользователь 1374296012 команда - /start - [main.py:94]
2025-05-28 09:42:06 - my_bot - INFO - Starting bot... - [main.py:165]
2025-05-28 09:42:06 - my_bot - INFO - Инициализация планировщика - [main.py:15]
2025-05-28 09:42:06 - my_bot - INFO - Планировщик успешно запущен - [main.py:24]
2025-05-28 09:42:06 - my_bot - INFO - Пользователь 651116138 запросил список арендаторов - [get_ten.py:65]
2025-05-28 09:42:06 - my_bot - INFO - Пользователь 651116138 команда - /start - [main.py:94]
2025-05-28 09:42:58 - my_bot - INFO - User 1374296012 requested profile - [profile.py:75]
2025-05-28 09:42:58 - my_bot - INFO - Profile displayed for user 1374296012 - [profile.py:128]
2025-05-28 09:44:30 - my_bot - INFO - Starting bot... - [main.py:165]
2025-05-28 09:44:30 - my_bot - INFO - Инициализация планировщика - [main.py:15]
2025-05-28 09:44:30 - my_bot - INFO - Планировщик успешно запущен - [main.py:24]
2025-05-28 09:44:34 - my_bot - WARNING - Нераспознанное сообщение от 1374296012: ↩️ Назад - [main.py:155]
2025-05-28 09:44:35 - my_bot - INFO - User 1374296012 requested profile - [profile.py:75]
2025-05-28 09:44:35 - my_bot - INFO - Profile displayed for user 1374296012 - [profile.py:128]
2025-05-28 09:44:38 - my_bot - INFO - User 1374296012 selected menu option: Изменить - [profile.py:137]
2025-05-28 09:44:38 - my_bot - INFO - User 1374296012 entered edit menu - [profile.py:196]
2025-05-28 09:44:40 - my_bot - INFO - User 1374296012 selected edit field: Тип - [profile.py:214]
2025-05-28 09:44:40 - my_bot - INFO - User 1374296012 started editing type - [profile.py:240]
2025-05-28 09:44:42 - my_bot - INFO - User 1374296012 attempting to save changes for type - [profile.py:271]
2025-05-28 09:44:42 - my_bot - WARNING - Invalid format for type from user 1374296012 - [profile.py:274]
2025-05-28 09:44:42 - my_bot - WARNING - Validation failed for user 1374296012 input: Индивидуальный предприниматель - [profile.py:290]
2025-05-28 09:45:43 - my_bot - INFO - Starting bot... - [main.py:165]
2025-05-28 09:45:43 - my_bot - INFO - Инициализация планировщика - [main.py:15]
2025-05-28 09:45:43 - my_bot - INFO - Планировщик успешно запущен - [main.py:24]
2025-05-28 09:45:43 - my_bot - WARNING - Нераспознанное сообщение от 1374296012: Оо - [main.py:155]
2025-05-28 09:45:44 - my_bot - INFO - User 1374296012 requested profile - [profile.py:75]
2025-05-28 09:45:44 - my_bot - INFO - Profile displayed for user 1374296012 - [profile.py:128]
2025-05-28 09:45:46 - my_bot - INFO - User 1374296012 selected menu option: Изменить - [profile.py:137]
2025-05-28 09:45:46 - my_bot - INFO - User 1374296012 entered edit menu - [profile.py:196]
2025-05-28 09:45:49 - my_bot - INFO - User 1374296012 selected edit field: Тип - [profile.py:214]
2025-05-28 09:45:49 - my_bot - INFO - User 1374296012 started editing type - [profile.py:240]
2025-05-28 09:45:50 - my_bot - INFO - User 1374296012 attempting to save changes for type - [profile.py:271]
2025-05-28 09:45:50 - my_bot - INFO - Profile updated for user 1374296012 in field type - [profile.py:285]
2025-05-28 09:45:50 - my_bot - INFO - User 1374296012 requested profile - [profile.py:75]
2025-05-28 09:45:50 - my_bot - INFO - Profile displayed for user 1374296012 - [profile.py:128]
2025-05-28 09:45:57 - my_bot - INFO - User 1374296012 selected menu option: ↩️ Назад - [profile.py:137]
2025-05-28 09:45:57 - my_bot - INFO - User 1374296012 returned to main menu - [profile.py:143]
2025-05-28 09:46:00 - my_bot - INFO - [1374296012] /add_tenant - Начало добавления арендатора - [add_tenant.py:15]
2025-05-28 09:47:11 - my_bot - WARNING - Нераспознанное сообщение от 651116138: 10 - [main.py:155]
2025-05-28 09:47:37 - my_bot - INFO - Пользователь 651116138 запросил список арендаторов - [get_ten.py:65]
2025-05-28 09:48:08 - my_bot - INFO - Сформировано имя файла: Счет_за_аренду_81-2024_ТелятникТамараМихайловна_20250528.xlsx - [generate_document.py:327]
2025-05-28 09:48:08 - my_bot - INFO - Начало генерации документа: Счет_за_аренду_81-2024_ТелятникТамараМихайловна_20250528.xlsx - [generate_document.py:31]
2025-05-28 09:48:08 - my_bot - INFO - Документ создан: C:\проекты\бот_квитанции\data\files\Счет_за_аренду_81-2024_ТелятникТамараМихайловна_20250528.xlsx - [generate_document.py:51]
2025-05-28 09:48:08 - my_bot - INFO - Документ записан в базу данных. ID: 120 - [generate_document.py:352]
2025-05-28 09:59:02 - my_bot - INFO - Сформировано имя файла: Акт_ком_услуги1_81-2024_ТелятникТамараМихайловна_20250528.xlsx - [generate_document.py:327]
2025-05-28 09:59:02 - my_bot - INFO - Начало генерации документа: Акт_ком_услуги1_81-2024_ТелятникТамараМихайловна_20250528.xlsx - [generate_document.py:31]
2025-05-28 09:59:02 - my_bot - INFO - Документ создан: C:\проекты\бот_квитанции\data\files\Акт_ком_услуги1_81-2024_ТелятникТамараМихайловна_20250528.xlsx - [generate_document.py:51]
2025-05-28 09:59:02 - my_bot - INFO - Документ записан в базу данных. ID: 121 - [generate_document.py:352]
2025-05-28 09:59:02 - my_bot - INFO - Сформировано имя файла: Счет_за_электричество_81-2024_ТелятникТамараМихайловна_20250528.xlsx - [generate_document.py:327]
2025-05-28 09:59:02 - my_bot - INFO - Начало генерации документа: Счет_за_электричество_81-2024_ТелятникТамараМихайловна_20250528.xlsx - [generate_document.py:31]
2025-05-28 09:59:02 - my_bot - INFO - Документ создан: C:\проекты\бот_квитанции\data\files\Счет_за_электричество_81-2024_ТелятникТамараМихайловна_20250528.xlsx - [generate_document.py:51]
2025-05-28 09:59:02 - my_bot - INFO - Документ записан в базу данных. ID: 122 - [generate_document.py:352]
2025-05-28 11:25:44 - my_bot - INFO - Starting bot... - [main.py:165]
2025-05-28 11:25:44 - my_bot - INFO - Инициализация планировщика - [main.py:15]
2025-05-28 11:25:44 - my_bot - INFO - Планировщик успешно запущен - [main.py:24]
2025-05-28 11:26:17 - my_bot - WARNING - Нераспознанное сообщение от 1374296012: ириг - [main.py:155]
2025-05-28 11:26:26 - my_bot - INFO - Пользователь 1374296012 запросил список арендаторов - [get_ten.py:65]
2025-05-28 11:27:21 - my_bot - INFO - Пользователь 1374296012 запросил список арендаторов - [get_ten.py:65]
2025-05-28 11:27:34 - my_bot - INFO - Сформировано имя файла: Акт_аренда_46-57_МелякинИванВладимирович_20250528.xlsx - [generate_document.py:327]
2025-05-28 11:27:34 - my_bot - INFO - Начало генерации документа: Акт_аренда_46-57_МелякинИванВладимирович_20250528.xlsx - [generate_document.py:31]
2025-05-28 11:27:34 - my_bot - INFO - Документ создан: C:\проекты\бот_квитанции\data\files\Акт_аренда_46-57_МелякинИванВладимирович_20250528.xlsx - [generate_document.py:51]
2025-05-28 11:27:34 - my_bot - INFO - Документ записан в базу данных. ID: 123 - [generate_document.py:352]
2025-05-28 11:28:01 - my_bot - INFO - Пользователь 1374296012 запросил список арендаторов - [get_ten.py:65]
2025-05-28 11:28:03 - my_bot - INFO - Пользователь 1374296012 команда - /start - [main.py:94]
2025-05-28 11:28:04 - my_bot - INFO - User 1374296012 requested profile - [profile.py:75]
2025-05-28 11:28:04 - my_bot - INFO - Profile displayed for user 1374296012 - [profile.py:128]
2025-05-28 11:28:07 - my_bot - INFO - User 1374296012 selected menu option: Изменить - [profile.py:137]
2025-05-28 11:28:07 - my_bot - INFO - User 1374296012 entered edit menu - [profile.py:196]
2025-05-28 11:28:15 - my_bot - INFO - User 1374296012 returned from edit menu - [profile.py:227]
2025-05-28 11:28:15 - my_bot - INFO - User 1374296012 requested profile - [profile.py:75]
2025-05-28 11:28:15 - my_bot - INFO - Profile displayed for user 1374296012 - [profile.py:128]
2025-05-28 11:28:16 - my_bot - INFO - User 1374296012 selected menu option: ↩️ Назад - [profile.py:137]
2025-05-28 11:28:16 - my_bot - INFO - User 1374296012 returned to main menu - [profile.py:143]
2025-05-28 11:28:22 - my_bot - INFO - Пользователь начал массовую рассылку - [mass_otr.py:100]
2025-05-28 11:28:43 - my_bot - INFO - User 1374296012 requested profile - [profile.py:75]
2025-05-28 11:28:43 - my_bot - INFO - Profile displayed for user 1374296012 - [profile.py:128]
2025-05-28 11:28:46 - my_bot - INFO - User 1374296012 selected menu option: Подписка - [profile.py:137]
2025-05-28 11:28:46 - my_bot - INFO - User 1374296012 accessed subscription menu - [profile.py:147]
2025-05-28 11:28:50 - my_bot - INFO - User 1374296012 requested profile - [profile.py:75]
2025-05-28 11:28:50 - my_bot - INFO - Profile displayed for user 1374296012 - [profile.py:128]
2025-05-28 11:28:51 - my_bot - INFO - User 1374296012 selected menu option: ↩️ Назад - [profile.py:137]
2025-05-28 11:28:51 - my_bot - INFO - User 1374296012 returned to main menu - [profile.py:143]
2025-05-28 12:23:17 - my_bot - WARNING - Нераспознанное сообщение от 651116138: ✅ Да, отправить - [main.py:155]
2025-05-28 12:23:22 - my_bot - INFO - User 651116138 requested profile - [profile.py:75]
2025-05-28 12:23:22 - my_bot - INFO - Profile displayed for user 651116138 - [profile.py:128]
2025-05-28 12:23:26 - my_bot - INFO - User 651116138 selected menu option: Изменить - [profile.py:137]
2025-05-28 12:23:26 - my_bot - INFO - User 651116138 entered edit menu - [profile.py:196]
2025-05-28 12:23:30 - my_bot - INFO - User 651116138 selected edit field: Тип - [profile.py:214]
2025-05-28 12:23:30 - my_bot - INFO - User 651116138 started editing type - [profile.py:240]
2025-05-28 12:23:32 - my_bot - INFO - User 651116138 attempting to save changes for type - [profile.py:271]
2025-05-28 12:23:32 - my_bot - INFO - Profile updated for user 651116138 in field type - [profile.py:285]
2025-05-28 12:23:32 - my_bot - INFO - User 651116138 requested profile - [profile.py:75]
2025-05-28 12:23:32 - my_bot - INFO - Profile displayed for user 651116138 - [profile.py:128]
2025-05-28 12:23:46 - my_bot - INFO - User 651116138 selected menu option: Фото подписи - [profile.py:137]
2025-05-28 12:23:46 - my_bot - INFO - User 651116138 entered photo signature section - [profile.py:190]
2025-05-28 12:28:01 - my_bot - INFO - User 651116138 uploading signature photo - [profile.py:304]
2025-05-28 12:28:01 - my_bot - WARNING - Signature photo for user 651116138 has invalid height: 649px - [profile.py:336]
2025-05-28 12:30:52 - my_bot - INFO - User 651116138 uploading signature photo - [profile.py:304]
2025-05-28 12:30:52 - my_bot - WARNING - Signature photo for user 651116138 has invalid height: 618px - [profile.py:336]
2025-05-28 12:32:08 - my_bot - INFO - User 651116138 uploading signature photo - [profile.py:304]
2025-05-28 12:32:08 - my_bot - WARNING - Signature photo for user 651116138 has invalid height: 739px - [profile.py:336]
2025-05-28 12:35:05 - my_bot - INFO - User 651116138 uploading signature photo - [profile.py:304]
2025-05-28 12:35:05 - my_bot - WARNING - Signature photo for user 651116138 has invalid height: 1186px - [profile.py:336]
2025-05-28 12:37:47 - my_bot - INFO - User 651116138 returned from photo signature section - [profile.py:369]
2025-05-28 12:37:47 - my_bot - INFO - User 651116138 requested profile - [profile.py:75]
2025-05-28 12:37:47 - my_bot - INFO - Profile displayed for user 651116138 - [profile.py:128]
2025-05-28 12:37:53 - my_bot - INFO - User 651116138 selected menu option: Подписка - [profile.py:137]
2025-05-28 12:37:53 - my_bot - INFO - User 651116138 accessed subscription menu - [profile.py:147]
2025-05-28 12:38:00 - my_bot - INFO - User 651116138 requested profile - [profile.py:75]
2025-05-28 12:38:00 - my_bot - INFO - Profile displayed for user 651116138 - [profile.py:128]
2025-05-28 12:38:06 - my_bot - INFO - User 651116138 selected menu option: ↩️ Назад - [profile.py:137]
2025-05-28 12:38:06 - my_bot - INFO - User 651116138 returned to main menu - [profile.py:143]
2025-05-28 12:38:10 - my_bot - INFO - Пользователь 651116138 запросил список арендаторов - [get_ten.py:65]
2025-05-28 12:38:14 - my_bot - INFO - Пользователь 651116138 команда - /start - [main.py:94]
2025-05-28 12:38:20 - my_bot - INFO - [651116138] /add_tenant - Начало добавления арендатора - [add_tenant.py:15]
2025-05-28 12:44:13 - my_bot - INFO - Пользователь 651116138 запросил список арендаторов - [get_ten.py:65]
2025-05-28 12:44:34 - my_bot - INFO - Пользователь 651116138 запросил список арендаторов - [get_ten.py:65]
2025-05-28 12:45:12 - my_bot - INFO - Сформировано имя файла: Счет_за_аренду_81-2024_ТелятникТамараМихайловна_20250528.xlsx - [generate_document.py:327]
2025-05-28 12:45:12 - my_bot - INFO - Начало генерации документа: Счет_за_аренду_81-2024_ТелятникТамараМихайловна_20250528.xlsx - [generate_document.py:31]
2025-05-28 12:45:13 - my_bot - INFO - Документ создан: C:\проекты\бот_квитанции\data\files\Счет_за_аренду_81-2024_ТелятникТамараМихайловна_20250528.xlsx - [generate_document.py:51]
2025-05-28 12:45:13 - my_bot - INFO - Документ записан в базу данных. ID: 124 - [generate_document.py:352]
2025-05-28 12:48:48 - my_bot - INFO - Пользователь 651116138 запросил список арендаторов - [get_ten.py:65]
2025-05-28 12:48:57 - my_bot - INFO - Пользователь 651116138 команда - /start - [main.py:94]
2025-05-28 12:48:59 - my_bot - INFO - [651116138] /add_tenant - Начало добавления арендатора - [add_tenant.py:15]
2025-05-28 12:50:55 - my_bot - INFO - Пользователь 651116138 запросил список арендаторов - [get_ten.py:65]
2025-05-28 12:51:17 - my_bot - INFO - Пользователь 651116138 команда - /start - [main.py:94]
2025-05-28 12:51:18 - my_bot - INFO - [651116138] /add_tenant - Начало добавления арендатора - [add_tenant.py:15]
2025-05-28 12:54:55 - my_bot - INFO - Пользователь 651116138 запросил список арендаторов - [get_ten.py:65]
2025-05-28 13:20:38 - my_bot - INFO - Пользователь 651116138 команда - /start - [main.py:94]
2025-05-28 13:20:40 - my_bot - INFO - [651116138] /add_tenant - Начало добавления арендатора - [add_tenant.py:15]
2025-05-28 13:25:09 - my_bot - INFO - Пользователь 651116138 запросил список арендаторов - [get_ten.py:65]
2025-05-28 13:25:18 - my_bot - INFO - Пользователь 651116138 команда - /start - [main.py:94]
2025-05-28 13:25:20 - my_bot - INFO - [651116138] /add_tenant - Начало добавления арендатора - [add_tenant.py:15]
2025-05-28 13:27:19 - my_bot - INFO - Пользователь 651116138 запросил список арендаторов - [get_ten.py:65]
2025-05-28 13:28:56 - my_bot - INFO - Пользователь 651116138 команда - /start - [main.py:94]
2025-05-28 13:29:01 - my_bot - INFO - [651116138] /add_tenant - Начало добавления арендатора - [add_tenant.py:15]
2025-05-28 13:30:49 - my_bot - INFO - [651116138] /add_tenant - Начало добавления арендатора - [add_tenant.py:15]
2025-05-28 13:35:01 - my_bot - INFO - Пользователь 651116138 запросил список арендаторов - [get_ten.py:65]
2025-05-28 13:36:02 - my_bot - INFO - Пользователь 651116138 запросил список арендаторов - [get_ten.py:65]
2025-05-28 13:36:20 - my_bot - INFO - Tenant 31 deleted by user 651116138 - [tenent_handlers.py:124]
2025-05-28 13:36:22 - my_bot - INFO - Пользователь 651116138 запросил список арендаторов - [get_ten.py:65]
2025-05-28 13:37:27 - my_bot - INFO - Пользователь 651116138 команда - /start - [main.py:94]
2025-05-28 13:37:29 - my_bot - INFO - [651116138] /add_tenant - Начало добавления арендатора - [add_tenant.py:15]
2025-05-28 13:40:08 - my_bot - INFO - Пользователь 651116138 запросил список арендаторов - [get_ten.py:65]
2025-05-28 14:34:44 - my_bot - INFO - Пользователь начал массовую рассылку - [mass_otr.py:100]
2025-05-28 14:35:19 - my_bot - INFO - Генерация документа для №1 (23)... - [mass_otr.py:349]
2025-05-28 14:35:19 - my_bot - INFO - Сформировано имя файла: Акт_аренда_68-2025_ОООЯгуар_20250528.xlsx - [generate_document.py:327]
2025-05-28 14:35:19 - my_bot - INFO - Начало генерации документа: Акт_аренда_68-2025_ОООЯгуар_20250528.xlsx - [generate_document.py:31]
2025-05-28 14:35:19 - my_bot - INFO - Документ создан: C:\проекты\бот_квитанции\data\files\Акт_аренда_68-2025_ОООЯгуар_20250528.xlsx - [generate_document.py:51]
2025-05-28 14:35:19 - my_bot - INFO - Документ записан в базу данных. ID: 125 - [generate_document.py:352]
2025-05-28 14:35:26 - my_bot - INFO - Генерация документа для №2 (24)... - [mass_otr.py:349]
2025-05-28 14:35:26 - my_bot - INFO - Сформировано имя файла: Акт_аренда_№54-2025_МозолюкВалентинДмитриевич_20250528.xlsx - [generate_document.py:327]
2025-05-28 14:35:26 - my_bot - INFO - Начало генерации документа: Акт_аренда_№54-2025_МозолюкВалентинДмитриевич_20250528.xlsx - [generate_document.py:31]
2025-05-28 14:35:26 - my_bot - INFO - Документ создан: C:\проекты\бот_квитанции\data\files\Акт_аренда_№54-2025_МозолюкВалентинДмитриевич_20250528.xlsx - [generate_document.py:51]
2025-05-28 14:35:26 - my_bot - INFO - Документ записан в базу данных. ID: 126 - [generate_document.py:352]
2025-05-28 14:35:26 - my_bot - INFO - Генерация документа для №3 (25)... - [mass_otr.py:349]
2025-05-28 14:35:26 - my_bot - INFO - Сформировано имя файла: Акт_аренда_58-2025_ДейнегаЛюбовьСергеевна_20250528.xlsx - [generate_document.py:327]
2025-05-28 14:35:26 - my_bot - INFO - Начало генерации документа: Акт_аренда_58-2025_ДейнегаЛюбовьСергеевна_20250528.xlsx - [generate_document.py:31]
2025-05-28 14:35:27 - my_bot - INFO - Документ создан: C:\проекты\бот_квитанции\data\files\Акт_аренда_58-2025_ДейнегаЛюбовьСергеевна_20250528.xlsx - [generate_document.py:51]
2025-05-28 14:35:27 - my_bot - INFO - Документ записан в базу данных. ID: 127 - [generate_document.py:352]
2025-05-28 14:36:15 - my_bot - ERROR - Ошибка для ID 23: Фото не найдено: C:\проекты\бот_квитанции\data\photos\651116138.png - [mass_otr.py:294]
Traceback (most recent call last):
  File "c:\проекты\бот_квитанции\src\handlers\mass_otr.py", line 241, in handle_rent_date_or_send
    convert_excel_to_pdf(xlsx_path, pdf_path, user_id)
    ~~~~~~~~~~~~~~~~~~~~^^^^^^^^^^^^^^^^^^^^^^^^^^^^^^
  File "c:\проекты\бот_квитанции\src\services\excel_to_pdf.py", line 98, in convert_excel_to_pdf
    raise FileNotFoundError(f"Фото не найдено: {image_path}")
FileNotFoundError: Фото не найдено: C:\проекты\бот_квитанции\data\photos\651116138.png
2025-05-28 14:36:16 - my_bot - ERROR - Ошибка для ID 24: Фото не найдено: C:\проекты\бот_квитанции\data\photos\651116138.png - [mass_otr.py:294]
Traceback (most recent call last):
  File "c:\проекты\бот_квитанции\src\handlers\mass_otr.py", line 241, in handle_rent_date_or_send
    convert_excel_to_pdf(xlsx_path, pdf_path, user_id)
    ~~~~~~~~~~~~~~~~~~~~^^^^^^^^^^^^^^^^^^^^^^^^^^^^^^
  File "c:\проекты\бот_квитанции\src\services\excel_to_pdf.py", line 98, in convert_excel_to_pdf
    raise FileNotFoundError(f"Фото не найдено: {image_path}")
FileNotFoundError: Фото не найдено: C:\проекты\бот_квитанции\data\photos\651116138.png
2025-05-28 14:36:17 - my_bot - ERROR - Ошибка для ID 25: Фото не найдено: C:\проекты\бот_квитанции\data\photos\651116138.png - [mass_otr.py:294]
Traceback (most recent call last):
  File "c:\проекты\бот_квитанции\src\handlers\mass_otr.py", line 241, in handle_rent_date_or_send
    convert_excel_to_pdf(xlsx_path, pdf_path, user_id)
    ~~~~~~~~~~~~~~~~~~~~^^^^^^^^^^^^^^^^^^^^^^^^^^^^^^
  File "c:\проекты\бот_квитанции\src\services\excel_to_pdf.py", line 98, in convert_excel_to_pdf
    raise FileNotFoundError(f"Фото не найдено: {image_path}")
FileNotFoundError: Фото не найдено: C:\проекты\бот_квитанции\data\photos\651116138.png
2025-05-28 14:38:19 - my_bot - ERROR - Ошибка в команде /get_all_tenants: Telegram server says - Bad Request: message is too long - [get_ten.py:54]
2025-05-28 14:38:23 - my_bot - INFO - Пользователь 651116138 запросил список арендаторов - [get_ten.py:65]
2025-05-28 14:38:29 - my_bot - INFO - Пользователь 651116138 команда - /start - [main.py:94]
2025-05-28 14:38:45 - my_bot - ERROR - Ошибка в команде /get_all_tenants: Telegram server says - Bad Request: message is too long - [get_ten.py:54]
2025-05-28 14:38:56 - my_bot - INFO - Пользователь 651116138 запросил список арендаторов - [get_ten.py:65]
2025-05-28 14:38:59 - my_bot - INFO - Пользователь 651116138 запросил список арендаторов - [get_ten.py:65]
2025-05-28 14:40:00 - my_bot - INFO - Сформировано имя файла: Акт_ком_услуги1_60-2025_ОргановЕвгенийЮрьевич_20250528.xlsx - [generate_document.py:327]
2025-05-28 14:40:00 - my_bot - INFO - Начало генерации документа: Акт_ком_услуги1_60-2025_ОргановЕвгенийЮрьевич_20250528.xlsx - [generate_document.py:31]
2025-05-28 14:40:00 - my_bot - INFO - Документ создан: C:\проекты\бот_квитанции\data\files\Акт_ком_услуги1_60-2025_ОргановЕвгенийЮрьевич_20250528.xlsx - [generate_document.py:51]
2025-05-28 14:40:00 - my_bot - INFO - Документ записан в базу данных. ID: 128 - [generate_document.py:352]
2025-05-28 14:40:00 - my_bot - INFO - Сформировано имя файла: Счет_за_электричество_60-2025_ОргановЕвгенийЮрьевич_20250528.xlsx - [generate_document.py:327]
2025-05-28 14:40:00 - my_bot - INFO - Начало генерации документа: Счет_за_электричество_60-2025_ОргановЕвгенийЮрьевич_20250528.xlsx - [generate_document.py:31]
2025-05-28 14:40:00 - my_bot - INFO - Документ создан: C:\проекты\бот_квитанции\data\files\Счет_за_электричество_60-2025_ОргановЕвгенийЮрьевич_20250528.xlsx - [generate_document.py:51]
2025-05-28 14:40:00 - my_bot - INFO - Документ записан в базу данных. ID: 129 - [generate_document.py:352]
2025-05-29 00:00:00 - my_bot - INFO - Запуск задания по сбросу подписок - [database.py:23]
2025-05-29 00:00:00 - my_bot - INFO - ✅ Обновлено записей: 0 - [database.py:38]
2025-05-29 11:44:37 - my_bot - INFO - User 1374296012 requested profile - [profile.py:75]
2025-05-29 11:44:37 - my_bot - INFO - Profile displayed for user 1374296012 - [profile.py:128]
2025-05-29 11:44:40 - my_bot - INFO - User 1374296012 selected menu option: ↩️ Назад - [profile.py:137]
2025-05-29 11:44:40 - my_bot - INFO - User 1374296012 returned to main menu - [profile.py:143]
2025-05-29 11:44:48 - my_bot - INFO - Пользователь начал массовую рассылку - [mass_otr.py:100]
2025-05-29 11:44:51 - my_bot - INFO - Пользователь 1374296012 запросил список арендаторов - [get_ten.py:65]
2025-05-29 11:44:52 - my_bot - INFO - Пользователь 1374296012 запросил список арендаторов - [get_ten.py:65]
2025-05-29 11:45:03 - my_bot - INFO - Пользователь 1374296012 запросил список арендаторов - [get_ten.py:65]
2025-05-29 11:45:05 - my_bot - INFO - Пользователь 1374296012 команда - /start - [main.py:94]
2025-05-29 11:45:10 - my_bot - INFO - User 1374296012 requested profile - [profile.py:75]
2025-05-29 11:45:11 - my_bot - INFO - Profile displayed for user 1374296012 - [profile.py:128]
2025-05-29 11:45:13 - my_bot - INFO - User 1374296012 selected menu option: Изменить - [profile.py:137]
2025-05-29 11:45:13 - my_bot - INFO - User 1374296012 entered edit menu - [profile.py:196]
2025-05-29 11:45:14 - my_bot - INFO - User 1374296012 returned from edit menu - [profile.py:227]
2025-05-29 11:45:14 - my_bot - INFO - User 1374296012 requested profile - [profile.py:75]
2025-05-29 11:45:14 - my_bot - INFO - Profile displayed for user 1374296012 - [profile.py:128]
2025-05-29 11:45:15 - my_bot - INFO - User 1374296012 selected menu option: Подписка - [profile.py:137]
2025-05-29 11:45:15 - my_bot - INFO - User 1374296012 accessed subscription menu - [profile.py:147]
2025-05-29 11:45:22 - my_bot - INFO - User 1374296012 initiated balance topup of 1000 RUB - [profile.py:512]
2025-05-29 11:45:31 - my_bot - INFO - Payment record saved for user 1374296012: topup of 1000 RUB - [profile.py:420]
2025-05-29 11:45:31 - my_bot - INFO - User 1374296012 successfully topped up balance by 1000 RUB - [profile.py:637]
2025-05-29 11:45:34 - my_bot - INFO - User 1374296012 requested profile - [profile.py:75]
2025-05-29 11:45:34 - my_bot - INFO - Profile displayed for user 1374296012 - [profile.py:128]
2025-05-29 11:45:39 - my_bot - INFO - User 1374296012 selected menu option: Подписка - [profile.py:137]
2025-05-29 11:45:39 - my_bot - INFO - User 1374296012 accessed subscription menu - [profile.py:147]
2025-05-29 11:45:42 - my_bot - INFO - Payment record saved for user 1374296012: subscription of 1490 RUB - [profile.py:420]
2025-05-29 11:45:42 - my_bot - INFO - User 1374296012 purchased subscription level 3 for 1490 RUB and cleared documents - [profile.py:587]
2025-05-29 11:45:44 - my_bot - INFO - User 1374296012 selected menu option: ↩️ Назад - [profile.py:137]
2025-05-29 11:45:44 - my_bot - INFO - User 1374296012 returned to main menu - [profile.py:143]
2025-05-29 11:45:45 - my_bot - INFO - User 1374296012 requested profile - [profile.py:75]
2025-05-29 11:45:45 - my_bot - INFO - Profile displayed for user 1374296012 - [profile.py:128]
2025-05-29 11:45:50 - my_bot - INFO - User 1374296012 selected menu option: ↩️ Назад - [profile.py:137]
2025-05-29 11:45:50 - my_bot - INFO - User 1374296012 returned to main menu - [profile.py:143]
2025-05-29 11:45:51 - my_bot - INFO - Пользователь 1374296012 запросил список арендаторов - [get_ten.py:65]
2025-05-29 11:45:52 - my_bot - INFO - Пользователь 1374296012 запросил список арендаторов - [get_ten.py:65]
2025-05-29 11:46:00 - my_bot - INFO - Сформировано имя файла: Акт_аренда_46-57_МелякинИванВладимирович_20250529.xlsx - [generate_document.py:327]
2025-05-29 11:46:00 - my_bot - INFO - Начало генерации документа: Акт_аренда_46-57_МелякинИванВладимирович_20250529.xlsx - [generate_document.py:31]
2025-05-29 11:46:00 - my_bot - INFO - Документ создан: C:\проекты\бот_квитанции\data\files\Акт_аренда_46-57_МелякинИванВладимирович_20250529.xlsx - [generate_document.py:51]
2025-05-29 11:46:00 - my_bot - INFO - Документ записан в базу данных. ID: 130 - [generate_document.py:352]
2025-05-29 11:46:02 - my_bot - INFO - Начало отправки email на mitanemita5@gmail.com - [email_sender.py:9]
2025-05-29 11:46:05 - my_bot - INFO - Email успешно отправлен на mitanemita5@gmail.com - [email_sender.py:28]
2025-05-29 11:46:08 - my_bot - INFO - Пользователь 1374296012 запросил список арендаторов - [get_ten.py:65]
2025-05-29 11:47:08 - my_bot - INFO - Пользователь 1374296012 команда - /start - [main.py:94]
2025-05-29 11:47:09 - my_bot - INFO - User 1374296012 requested profile - [profile.py:75]
2025-05-29 11:47:09 - my_bot - INFO - Profile displayed for user 1374296012 - [profile.py:128]
2025-05-29 11:47:13 - my_bot - INFO - User 1374296012 selected menu option: Фото подписи - [profile.py:137]
2025-05-29 11:47:13 - my_bot - INFO - User 1374296012 entered photo signature section - [profile.py:190]
2025-05-29 11:47:16 - my_bot - INFO - User 1374296012 requested photo change - [profile.py:373]
2025-05-29 11:47:28 - my_bot - INFO - User 1374296012 uploading signature photo - [profile.py:304]
2025-05-29 11:47:29 - my_bot - INFO - Signature photo saved for user 1374296012 - [profile.py:356]
2025-05-29 11:47:30 - my_bot - INFO - User 1374296012 selected menu option: Фото подписи - [profile.py:137]
2025-05-29 11:47:31 - my_bot - INFO - User 1374296012 entered photo signature section - [profile.py:190]
2025-05-29 11:47:32 - my_bot - INFO - User 1374296012 returned from photo signature section - [profile.py:369]
2025-05-29 11:47:32 - my_bot - INFO - User 1374296012 requested profile - [profile.py:75]
2025-05-29 11:47:32 - my_bot - INFO - Profile displayed for user 1374296012 - [profile.py:128]
2025-05-29 11:47:34 - my_bot - INFO - User 1374296012 selected menu option: ↩️ Назад - [profile.py:137]
2025-05-29 11:47:34 - my_bot - INFO - User 1374296012 returned to main menu - [profile.py:143]
2025-05-29 11:47:38 - my_bot - INFO - Пользователь 1374296012 запросил список арендаторов - [get_ten.py:65]
2025-05-29 11:47:39 - my_bot - INFO - Пользователь 1374296012 запросил список арендаторов - [get_ten.py:65]
2025-05-29 11:47:55 - my_bot - INFO - Сформировано имя файла: Счет_за_просрочку_46-57_МелякинИванВладимирович_20250529.xlsx - [generate_document.py:327]
2025-05-29 11:47:55 - my_bot - INFO - Начало генерации документа: Счет_за_просрочку_46-57_МелякинИванВладимирович_20250529.xlsx - [generate_document.py:31]
2025-05-29 11:47:55 - my_bot - INFO - Документ создан: C:\проекты\бот_квитанции\data\files\Счет_за_просрочку_46-57_МелякинИванВладимирович_20250529.xlsx - [generate_document.py:51]
2025-05-29 11:47:55 - my_bot - INFO - Документ записан в базу данных. ID: 131 - [generate_document.py:352]
2025-05-29 11:47:58 - my_bot - INFO - Начало отправки email на mitanemita5@gmail.com - [email_sender.py:9]
2025-05-29 11:48:02 - my_bot - INFO - Email успешно отправлен на mitanemita5@gmail.com - [email_sender.py:28]
2025-05-29 21:46:06 - my_bot - INFO - Пользователь 1374296012 запросил список арендаторов - [get_ten.py:65]
2025-05-29 21:46:09 - my_bot - INFO - Пользователь 1374296012 команда - /start - [main.py:94]
2025-05-29 21:46:10 - my_bot - INFO - [1374296012] /add_tenant - Начало добавления арендатора - [add_tenant.py:15]
2025-05-29 21:47:07 - my_bot - ERROR - [1374296012] Ошибка добавления: (1264, "Out of range value for column 'rent_amount' at row 1") - [add_tenant.py:224]
2025-05-29 21:47:19 - my_bot - INFO - Пользователь 1374296012 запросил список арендаторов - [get_ten.py:65]
2025-05-29 21:47:24 - my_bot - INFO - Tenant 19 updated by user 1374296012, field: type - [edit_handlers.py:72]
2025-05-29 21:47:27 - my_bot - INFO - Сформировано имя файла: Акт_аренда_46-57_МелякинИванВладимирович_20250529.xlsx - [generate_document.py:327]
2025-05-29 21:47:27 - my_bot - INFO - Начало генерации документа: Акт_аренда_46-57_МелякинИванВладимирович_20250529.xlsx - [generate_document.py:31]
2025-05-29 21:47:27 - my_bot - INFO - Документ создан: C:\проекты\бот_квитанции\data\files\Акт_аренда_46-57_МелякинИванВладимирович_20250529.xlsx - [generate_document.py:51]
2025-05-29 21:47:27 - my_bot - INFO - Документ записан в базу данных. ID: 132 - [generate_document.py:352]
2025-06-02 12:59:35 - my_bot - INFO - Starting bot... - [main.py:165]
2025-06-02 12:59:35 - my_bot - INFO - Инициализация планировщика - [main.py:15]
2025-06-02 12:59:35 - my_bot - INFO - Планировщик успешно запущен - [main.py:24]
2025-06-02 12:59:35 - my_bot - WARNING - Нераспознанное сообщение от 651116138: ✅ Да, отправить - [main.py:155]
2025-06-02 12:59:35 - my_bot - WARNING - Нераспознанное сообщение от 651116138: ау - [main.py:155]
2025-06-02 12:59:35 - my_bot - WARNING - Нераспознанное сообщение от 651116138: ↩️ Назад - [main.py:155]
2025-06-02 12:59:35 - my_bot - WARNING - Нераспознанное сообщение от 651116138: Аааа - [main.py:155]
2025-06-02 13:30:54 - my_bot - ERROR - Ошибка в команде /get_all_tenants: Telegram server says - Bad Request: message is too long - [get_ten.py:54]
2025-06-02 13:30:59 - my_bot - INFO - Пользователь 651116138 запросил список арендаторов - [get_ten.py:65]
2025-06-02 13:31:10 - my_bot - INFO - Пользователь 651116138 запросил список арендаторов - [get_ten.py:65]
2025-06-02 13:32:35 - my_bot - INFO - Сформировано имя файла: Акт_ком_услуги1_74-2024_ТОРГОВЫЙДОМВЕЛЕС_20250602.xlsx - [generate_document.py:327]
2025-06-02 13:32:35 - my_bot - INFO - Начало генерации документа: Акт_ком_услуги1_74-2024_ТОРГОВЫЙДОМВЕЛЕС_20250602.xlsx - [generate_document.py:31]
2025-06-02 13:32:35 - my_bot - INFO - Документ создан: C:\проекты\бот_квитанции\data\files\Акт_ком_услуги1_74-2024_ТОРГОВЫЙДОМВЕЛЕС_20250602.xlsx - [generate_document.py:51]
2025-06-02 13:32:35 - my_bot - INFO - Документ записан в базу данных. ID: 133 - [generate_document.py:352]
2025-06-02 13:32:35 - my_bot - INFO - Сформировано имя файла: Счет_за_электричество_74-2024_ТОРГОВЫЙДОМВЕЛЕС_20250602.xlsx - [generate_document.py:327]
2025-06-02 13:32:35 - my_bot - INFO - Начало генерации документа: Счет_за_электричество_74-2024_ТОРГОВЫЙДОМВЕЛЕС_20250602.xlsx - [generate_document.py:31]
2025-06-02 13:32:36 - my_bot - INFO - Документ создан: C:\проекты\бот_квитанции\data\files\Счет_за_электричество_74-2024_ТОРГОВЫЙДОМВЕЛЕС_20250602.xlsx - [generate_document.py:51]
2025-06-02 13:32:36 - my_bot - INFO - Документ записан в базу данных. ID: 134 - [generate_document.py:352]
2025-06-19 14:47:06 - my_bot - INFO - Starting bot... - [main.py:165]
2025-06-19 14:47:06 - my_bot - INFO - Инициализация планировщика - [main.py:15]
2025-06-19 14:47:06 - my_bot - INFO - Планировщик успешно запущен - [main.py:24]
2025-06-19 14:47:56 - my_bot - WARNING - Нераспознанное сообщение от 1374296012: ↩️ Назад - [main.py:155]
2025-06-19 14:47:58 - my_bot - INFO - User 1374296012 requested profile - [profile.py:75]
2025-06-19 14:47:58 - my_bot - INFO - Profile displayed for user 1374296012 - [profile.py:128]
2025-07-24 21:31:48 - my_bot - INFO - Starting bot... - [main.py:165]
2025-07-24 21:31:48 - my_bot - INFO - Инициализация планировщика - [main.py:15]
2025-07-24 21:31:48 - my_bot - INFO - Планировщик успешно запущен - [main.py:24]
2025-12-12 23:40:51 - my_bot - INFO - Starting bot... - [main.py:165]
2025-12-12 23:40:51 - my_bot - INFO - Инициализация планировщика - [main.py:15]
2025-12-12 23:40:51 - my_bot - INFO - Планировщик успешно запущен - [main.py:24]
2025-12-12 23:41:06 - my_bot - WARNING - Нераспознанное сообщение от 1374296012: ↩️ Назад - [main.py:155]
2025-12-12 23:41:14 - my_bot - INFO - Пользователь 1374296012 запросил список арендаторов - [get_ten.py:65]
2025-12-12 23:41:38 - my_bot - INFO - Сформировано имя файла: Счет_за_аренду_46-57_МелякинИванВладимирович_20251212.xlsx - [generate_document.py:327]
2025-12-12 23:41:38 - my_bot - INFO - Начало генерации документа: Счет_за_аренду_46-57_МелякинИванВладимирович_20251212.xlsx - [generate_document.py:31]
2025-12-12 23:41:38 - my_bot - INFO - Документ создан: C:\проекты\бот_квитанции\data\files\Счет_за_аренду_46-57_МелякинИванВладимирович_20251212.xlsx - [generate_document.py:51]
2025-12-12 23:41:38 - my_bot - INFO - Документ записан в базу данных. ID: 135 - [generate_document.py:352]
2025-12-12 23:42:05 - my_bot - INFO - Сформировано имя файла: Счет_за_просрочку_46-57_МелякинИванВладимирович_20251212.xlsx - [generate_document.py:327]
2025-12-12 23:42:05 - my_bot - INFO - Начало генерации документа: Счет_за_просрочку_46-57_МелякинИванВладимирович_20251212.xlsx - [generate_document.py:31]
2025-12-12 23:42:05 - my_bot - INFO - Документ создан: C:\проекты\бот_квитанции\data\files\Счет_за_просрочку_46-57_МелякинИванВладимирович_20251212.xlsx - [generate_document.py:51]
2025-12-12 23:42:05 - my_bot - INFO - Документ записан в базу данных. ID: 136 - [generate_document.py:352]
2025-12-12 23:42:07 - my_bot - INFO - Начало отправки email на mitanemita5@gmail.com - [email_sender.py:9]
2025-12-12 23:42:10 - my_bot - INFO - Email успешно отправлен на mitanemita5@gmail.com - [email_sender.py:28]
2025-12-12 23:42:17 - my_bot - INFO - Пользователь 1374296012 запросил список арендаторов - [get_ten.py:65]
2025-12-12 23:42:19 - my_bot - INFO - Пользователь 1374296012 команда - /start - [main.py:94]
2025-12-12 23:42:20 - my_bot - INFO - User 1374296012 requested profile - [profile.py:75]
2025-12-12 23:42:20 - my_bot - INFO - Profile displayed for user 1374296012 - [profile.py:128]
2025-12-12 23:42:23 - my_bot - INFO - User 1374296012 selected menu option: Фото подписи - [profile.py:137]
2025-12-12 23:42:23 - my_bot - INFO - User 1374296012 entered photo signature section - [profile.py:190]
2025-12-12 23:42:26 - my_bot - INFO - User 1374296012 requested photo change - [profile.py:373]
2025-12-12 23:42:41 - my_bot - INFO - User 1374296012 returned from photo signature section - [profile.py:369]
2025-12-12 23:42:41 - my_bot - INFO - User 1374296012 requested profile - [profile.py:75]
2025-12-12 23:42:41 - my_bot - INFO - Profile displayed for user 1374296012 - [profile.py:128]
2025-12-12 23:42:43 - my_bot - INFO - User 1374296012 selected menu option: ↩️ Назад - [profile.py:137]
2025-12-12 23:42:43 - my_bot - INFO - User 1374296012 returned to main menu - [profile.py:143]
2025-12-12 23:42:56 - my_bot - INFO - Пользователь 1374296012 запросил список арендаторов - [get_ten.py:65]
2025-12-12 23:42:58 - my_bot - INFO - Пользователь начал массовую рассылку - [mass_otr.py:100]
2025-12-12 23:42:59 - my_bot - INFO - Выбраны арендаторы: [19, 21] - [mass_otr.py:115]
2025-12-12 23:43:01 - my_bot - INFO - Генерация документа для №1 (19)... - [mass_otr.py:349]
2025-12-12 23:43:01 - my_bot - INFO - Сформировано имя файла: Акт_аренда_46-57_МелякинИванВладимирович_20251212.xlsx - [generate_document.py:327]
2025-12-12 23:43:01 - my_bot - INFO - Начало генерации документа: Акт_аренда_46-57_МелякинИванВладимирович_20251212.xlsx - [generate_document.py:31]
2025-12-12 23:43:01 - my_bot - INFO - Документ создан: C:\проекты\бот_квитанции\data\files\Акт_аренда_46-57_МелякинИванВладимирович_20251212.xlsx - [generate_document.py:51]
2025-12-12 23:43:01 - my_bot - INFO - Документ записан в базу данных. ID: 137 - [generate_document.py:352]
2025-12-12 23:43:01 - my_bot - INFO - Генерация документа для №2 (21)... - [mass_otr.py:349]
2025-12-12 23:43:01 - my_bot - ERROR - Ошибка создания акта: list index out of range - [generate_document.py:356]
Traceback (most recent call last):
  File "c:\проекты\бот_квитанции\src\services\generate_document.py", line 270, in create_act
    krat = f"ИП {db_data_ten['name'].split()[0]} {db_data_ten['name'].split()[1][0]}. {db_data_ten['name'].split()[2][0]}."
                                                  ~~~~~~~~~~~~~~~~~~~~~~~~~~~^^^
IndexError: list index out of range
2025-12-12 23:43:01 - my_bot - ERROR - Ошибка генерации для 21 - [mass_otr.py:361]
Traceback (most recent call last):
  File "c:\проекты\бот_квитанции\src\handlers\mass_otr.py", line 350, in generate_documents
    xlsx_path = await create_act(user_id, tenant_id, template, custom_date=custom_date)
                ^^^^^^^^^^^^^^^^^^^^^^^^^^^^^^^^^^^^^^^^^^^^^^^^^^^^^^^^^^^^^^^^^^^^^^^
  File "c:\проекты\бот_квитанции\src\services\generate_document.py", line 270, in create_act
    krat = f"ИП {db_data_ten['name'].split()[0]} {db_data_ten['name'].split()[1][0]}. {db_data_ten['name'].split()[2][0]}."
                                                  ~~~~~~~~~~~~~~~~~~~~~~~~~~~^^^
IndexError: list index out of range
2025-12-12 23:43:03 - my_bot - INFO - Начало отправки email на mitanemita5@gmail.com - [email_sender.py:9]
2025-12-12 23:43:07 - my_bot - INFO - Email успешно отправлен на mitanemita5@gmail.com - [email_sender.py:28]
2025-12-13 00:00:00 - my_bot - INFO - Запуск задания по сбросу подписок - [database.py:23]
2025-12-13 00:00:00 - my_bot - INFO - ✅ Обновлено записей: 2 - [database.py:38]
2026-04-17 16:06:10 - my_bot - INFO - Starting bot... - [main.py:165]
2026-04-17 16:06:10 - my_bot - INFO - Инициализация планировщика - [main.py:15]
2026-04-17 16:06:10 - my_bot - INFO - Планировщик успешно запущен - [main.py:24]
2026-04-17 16:06:28 - my_bot - INFO - Пользователь 1374296012 команда - /start - [main.py:94]
2026-04-17 16:07:30 - my_bot - INFO - Пользователь 1374296012 команда - /start - [main.py:94]
2026-04-17 16:07:32 - my_bot - INFO - User 1374296012 requested profile - [profile.py:75]
2026-04-17 16:07:32 - my_bot - INFO - Profile displayed for user 1374296012 - [profile.py:128]
2026-04-17 16:07:43 - my_bot - INFO - User 1374296012 selected menu option: Фото подписи - [profile.py:137]
2026-04-17 16:07:43 - my_bot - INFO - User 1374296012 entered photo signature section - [profile.py:190]
2026-04-17 16:07:45 - my_bot - INFO - User 1374296012 returned from photo signature section - [profile.py:369]
2026-04-17 16:07:45 - my_bot - INFO - User 1374296012 requested profile - [profile.py:75]
2026-04-17 16:07:45 - my_bot - INFO - Profile displayed for user 1374296012 - [profile.py:128]
2026-04-17 16:07:48 - my_bot - INFO - User 1374296012 selected menu option: Подписка - [profile.py:137]
2026-04-17 16:07:48 - my_bot - INFO - User 1374296012 accessed subscription menu - [profile.py:147]
2026-04-17 16:07:50 - my_bot - INFO - User 1374296012 requested profile - [profile.py:75]
2026-04-17 16:07:50 - my_bot - INFO - Profile displayed for user 1374296012 - [profile.py:128]
2026-04-17 16:07:52 - my_bot - INFO - User 1374296012 selected menu option: ↩️ Назад - [profile.py:137]
2026-04-17 16:07:52 - my_bot - INFO - User 1374296012 returned to main menu - [profile.py:143]
2026-04-17 16:14:33 - my_bot - INFO - Starting bot... - [main.py:165]
2026-04-17 16:14:33 - my_bot - INFO - Инициализация планировщика - [main.py:15]
2026-04-17 16:14:33 - my_bot - INFO - Планировщик успешно запущен - [main.py:24]
2026-04-17 16:15:48 - my_bot - INFO - Пользователь 925208053 команда - /start - [main.py:94]
2026-04-17 16:15:49 - my_bot - INFO - User 925208053 initiated tenant addition process - [add_user.py:80]
